{
  "type": "FeatureCollection",
  "properties": {
    "schemaVersion": "1.0.0",
    "gardenId": "berkshire-botanical-garden",
    "layer": "beds",
    "coordinateReferenceSystem": "http://www.opengis.net/def/crs/OGC/1.3/CRS84",
    "generatedBy": "scripts/build-bbg-spatial-baseline.mjs",
    "curationPolicy": "Canonical features are rebuilt only from maintained GIS/aerial interpretation and bounded public-provider snapshots. User-supplied KML/KMZ is indicative comparison evidence only and contributes zero parcel, site, bed, or plant features. Provider roofprints use representative-point parcel membership; crossing linear and areal layers must use true intersection plus clipping before any future promotion."
  },
  "features": [
    {
      "type": "Feature",
      "id": "bbg-edible-grid-r1-c1",
      "geometry": {
        "type": "Polygon",
        "coordinates": [
          [
            [
              -73.33598495613404,
              42.30009930394674
            ],
            [
              -73.33596770222901,
              42.30009438715552
            ],
            [
              -73.33597432538262,
              42.300081578476494
            ],
            [
              -73.33599157928765,
              42.30008649526771
            ],
            [
              -73.33598495613404,
              42.30009930394674
            ]
          ]
        ]
      },
      "properties": {
        "gardenId": "berkshire-botanical-garden",
        "featureType": "bed",
        "featureId": "bbg-edible-grid-r1-c1",
        "name": "Edible Gardens · row 1, bed 1",
        "localGeometry": {
          "type": "Polygon",
          "coordinates": [
            [
              [
                1983.743625691443,
                -2659.758451281275
              ],
              [
                2039.758451281275,
                -2638.256374308557
              ],
              [
                2018.256374308557,
                -2582.241548718725
              ],
              [
                1962.241548718725,
                -2603.743625691443
              ],
              [
                1983.743625691443,
                -2659.758451281275
              ]
            ]
          ]
        },
        "localUnit": "inch",
        "rotationDegrees": 21,
        "source": null,
        "confidence": "low",
        "featureStatus": "aerial-grid-estimate",
        "geometryBasis": "regular-grid interpolation from six raster center controls; generalized dimensions and rotation",
        "geometryEdit": null,
        "surveyStatus": "not-surveyed",
        "boundaryPolicy": null,
        "taxonStatus": "unassigned; no crop observation",
        "identificationStatus": "regularized grid cell; polygon boundary unverified; crop unassigned",
        "collection": "beds",
        "kind": "bed",
        "plantId": null,
        "observationType": null,
        "geometryRepresentation": null,
        "canopyClass": null,
        "crownWidthFeet": null,
        "crownDepthFeet": null,
        "crownDiameterFeet": null,
        "crownRadiusEastWestFeet": null,
        "crownRadiusNorthSouthFeet": null,
        "crownMeasurementMethod": null,
        "crownConfidence": null,
        "heightEstimateFeet": null,
        "heightEstimateRangeFeet": null,
        "heightEstimateMethod": null,
        "heightConfidence": null,
        "sourcePixel": null,
        "sourceMapNumber": null,
        "digitizationRasterId": "massgis-2025-south-campus-wide-z20",
        "imageryId": "massgis-2025",
        "imageryZoom": 20,
        "imageryTileOrigin": [
          310677,
          388066
        ],
        "networkId": null,
        "parcelId": "bbg-parcel-215-1",
        "topologyNodeIds": [],
        "corridorWidthFeet": null,
        "parentId": "bbg-edible-north-subplot",
        "sectionId": "bbg-edible-gardens-section",
        "subplotId": "bbg-edible-north-subplot",
        "gridCellId": "bbg-grid-estimate-edible-r01-c01",
        "centerControlId": null,
        "boundaryConfidence": "low",
        "observedFootprintId": null,
        "snappedToFeatureId": null,
        "plantingAssignment": null,
        "cropTaxon": null,
        "sourceReferences": [
          {
            "sourceId": "source:bbg-visitor-map",
            "locator": "numbered landmark 8",
            "mapNumber": 8,
            "label": "Edible Gardens",
            "role": "regularized bed-grid cell within the named garden area",
            "confidence": "low"
          }
        ],
        "provenance": {
          "sourceId": "massgis-aerial-2025",
          "sourceFeatureId": "bbg-grid-estimate-edible-r01-c01",
          "geometryMethod": "regular-grid interpolation from six raster center controls; generalized dimensions and rotation",
          "semanticMethod": "aerial-visible row/column identity only; cell boundary unverified; legacy demo crop assignments intentionally excluded",
          "sourceReferences": [
            {
              "sourceId": "source:bbg-visitor-map",
              "locator": "numbered landmark 8",
              "mapNumber": 8,
              "label": "Edible Gardens",
              "role": "regularized bed-grid cell within the named garden area",
              "confidence": "low"
            }
          ],
          "confidence": "low",
          "surveyStatus": "not-surveyed",
          "imageryId": "massgis-2025",
          "imageryZoom": 20,
          "digitizationRasterId": "massgis-2025-south-campus-wide-z20",
          "parcelAssignmentMethod": "representative point within canonical parcel polygon",
          "representativePoint": [
            -73.33597964075885,
            42.300090441210614
          ],
          "currentnessCaveat": "Orthophoto interpretation is not surveyed geometry; verify against current imagery or field measurements before construction.",
          "planningDataPolicy": "crop proposals and legacy demo names belong to browser workspaces, not the shared grid-estimate inventory"
        },
        "notes": "Unassigned aerial-visible grid cell estimate. Its center is interpolated from the six retained grid controls; dimensions, rotation, and every polygon edge remain generalized and unverified.",
        "zone": "Edible Gardens · regularized grid estimate",
        "layer": "beds",
        "sourceFeatureId": "bbg-grid-estimate-edible-r01-c01",
        "widthInches": 60,
        "depthInches": 60,
        "row": 1,
        "column": 1,
        "status": "aerial-grid-estimate",
        "editable": true
      }
    },
    {
      "type": "Feature",
      "id": "bbg-edible-grid-r1-c2",
      "geometry": {
        "type": "Polygon",
        "coordinates": [
          [
            [
              -73.33595446176795,
              42.30009084330941
            ],
            [
              -73.33593720786293,
              42.3000859265182
            ],
            [
              -73.33594383101654,
              42.300073117839176
            ],
            [
              -73.33596108492156,
              42.30007803463039
            ],
            [
              -73.33595446176795,
              42.30009084330941
            ]
          ]
        ]
      },
      "properties": {
        "gardenId": "berkshire-botanical-garden",
        "featureType": "bed",
        "featureId": "bbg-edible-grid-r1-c2",
        "name": "Edible Gardens · row 1, bed 2",
        "localGeometry": {
          "type": "Polygon",
          "coordinates": [
            [
              [
                2082.743625691443,
                -2622.758451281275
              ],
              [
                2138.758451281275,
                -2601.256374308557
              ],
              [
                2117.256374308557,
                -2545.241548718725
              ],
              [
                2061.241548718725,
                -2566.743625691443
              ],
              [
                2082.743625691443,
                -2622.758451281275
              ]
            ]
          ]
        },
        "localUnit": "inch",
        "rotationDegrees": 21,
        "source": null,
        "confidence": "low",
        "featureStatus": "aerial-grid-estimate",
        "geometryBasis": "regular-grid interpolation from six raster center controls; generalized dimensions and rotation",
        "geometryEdit": null,
        "surveyStatus": "not-surveyed",
        "boundaryPolicy": null,
        "taxonStatus": "unassigned; no crop observation",
        "identificationStatus": "regularized grid cell; polygon boundary unverified; crop unassigned",
        "collection": "beds",
        "kind": "bed",
        "plantId": null,
        "observationType": null,
        "geometryRepresentation": null,
        "canopyClass": null,
        "crownWidthFeet": null,
        "crownDepthFeet": null,
        "crownDiameterFeet": null,
        "crownRadiusEastWestFeet": null,
        "crownRadiusNorthSouthFeet": null,
        "crownMeasurementMethod": null,
        "crownConfidence": null,
        "heightEstimateFeet": null,
        "heightEstimateRangeFeet": null,
        "heightEstimateMethod": null,
        "heightConfidence": null,
        "sourcePixel": null,
        "sourceMapNumber": null,
        "digitizationRasterId": "massgis-2025-south-campus-wide-z20",
        "imageryId": "massgis-2025",
        "imageryZoom": 20,
        "imageryTileOrigin": [
          310677,
          388066
        ],
        "networkId": null,
        "parcelId": "bbg-parcel-215-1",
        "topologyNodeIds": [],
        "corridorWidthFeet": null,
        "parentId": "bbg-edible-north-subplot",
        "sectionId": "bbg-edible-gardens-section",
        "subplotId": "bbg-edible-north-subplot",
        "gridCellId": "bbg-grid-estimate-edible-r01-c02",
        "centerControlId": null,
        "boundaryConfidence": "low",
        "observedFootprintId": null,
        "snappedToFeatureId": null,
        "plantingAssignment": null,
        "cropTaxon": null,
        "sourceReferences": [
          {
            "sourceId": "source:bbg-visitor-map",
            "locator": "numbered landmark 8",
            "mapNumber": 8,
            "label": "Edible Gardens",
            "role": "regularized bed-grid cell within the named garden area",
            "confidence": "low"
          }
        ],
        "provenance": {
          "sourceId": "massgis-aerial-2025",
          "sourceFeatureId": "bbg-grid-estimate-edible-r01-c02",
          "geometryMethod": "regular-grid interpolation from six raster center controls; generalized dimensions and rotation",
          "semanticMethod": "aerial-visible row/column identity only; cell boundary unverified; legacy demo crop assignments intentionally excluded",
          "sourceReferences": [
            {
              "sourceId": "source:bbg-visitor-map",
              "locator": "numbered landmark 8",
              "mapNumber": 8,
              "label": "Edible Gardens",
              "role": "regularized bed-grid cell within the named garden area",
              "confidence": "low"
            }
          ],
          "confidence": "low",
          "surveyStatus": "not-surveyed",
          "imageryId": "massgis-2025",
          "imageryZoom": 20,
          "digitizationRasterId": "massgis-2025-south-campus-wide-z20",
          "parcelAssignmentMethod": "representative point within canonical parcel polygon",
          "representativePoint": [
            -73.33594914639276,
            42.30008198057329
          ],
          "currentnessCaveat": "Orthophoto interpretation is not surveyed geometry; verify against current imagery or field measurements before construction.",
          "planningDataPolicy": "crop proposals and legacy demo names belong to browser workspaces, not the shared grid-estimate inventory"
        },
        "notes": "Unassigned aerial-visible grid cell estimate. Its center is interpolated from the six retained grid controls; dimensions, rotation, and every polygon edge remain generalized and unverified.",
        "zone": "Edible Gardens · regularized grid estimate",
        "layer": "beds",
        "sourceFeatureId": "bbg-grid-estimate-edible-r01-c02",
        "widthInches": 60,
        "depthInches": 60,
        "row": 1,
        "column": 2,
        "status": "aerial-grid-estimate",
        "editable": true
      }
    },
    {
      "type": "Feature",
      "id": "bbg-edible-west-1",
      "geometry": {
        "type": "Polygon",
        "coordinates": [
          [
            [
              -73.33592427542577,
              42.300082382672095
            ],
            [
              -73.33590702152074,
              42.30007746588088
            ],
            [
              -73.33591364467435,
              42.30006465720186
            ],
            [
              -73.33593089857938,
              42.30006957399307
            ],
            [
              -73.33592427542577,
              42.300082382672095
            ]
          ]
        ]
      },
      "properties": {
        "gardenId": "berkshire-botanical-garden",
        "featureType": "bed",
        "featureId": "bbg-edible-west-1",
        "name": "Edible Gardens · row 1, bed 3",
        "localGeometry": {
          "type": "Polygon",
          "coordinates": [
            [
              [
                2180.743625691443,
                -2585.758451281275
              ],
              [
                2236.758451281275,
                -2564.256374308557
              ],
              [
                2215.256374308557,
                -2508.241548718725
              ],
              [
                2159.241548718725,
                -2529.743625691443
              ],
              [
                2180.743625691443,
                -2585.758451281275
              ]
            ]
          ]
        },
        "localUnit": "inch",
        "rotationDegrees": 21,
        "source": null,
        "confidence": "medium",
        "featureStatus": "aerial-grid-estimate",
        "geometryBasis": "regular-grid interpolation from six raster center controls; generalized dimensions and rotation",
        "geometryEdit": null,
        "surveyStatus": "not-surveyed",
        "boundaryPolicy": null,
        "taxonStatus": "unassigned; no crop observation",
        "identificationStatus": "regularized grid cell; polygon boundary unverified; crop unassigned",
        "collection": "beds",
        "kind": "bed",
        "plantId": null,
        "observationType": null,
        "geometryRepresentation": null,
        "canopyClass": null,
        "crownWidthFeet": null,
        "crownDepthFeet": null,
        "crownDiameterFeet": null,
        "crownRadiusEastWestFeet": null,
        "crownRadiusNorthSouthFeet": null,
        "crownMeasurementMethod": null,
        "crownConfidence": null,
        "heightEstimateFeet": null,
        "heightEstimateRangeFeet": null,
        "heightEstimateMethod": null,
        "heightConfidence": null,
        "sourcePixel": null,
        "sourceMapNumber": null,
        "digitizationRasterId": "massgis-2025-south-campus-wide-z20",
        "imageryId": "massgis-2025",
        "imageryZoom": 20,
        "imageryTileOrigin": [
          310677,
          388066
        ],
        "networkId": null,
        "parcelId": "bbg-parcel-215-1",
        "topologyNodeIds": [],
        "corridorWidthFeet": null,
        "parentId": "bbg-edible-north-subplot",
        "sectionId": "bbg-edible-gardens-section",
        "subplotId": "bbg-edible-north-subplot",
        "gridCellId": "bbg-grid-estimate-edible-r01-c03",
        "centerControlId": "edible-grid-northwest-cell",
        "boundaryConfidence": "low",
        "observedFootprintId": null,
        "snappedToFeatureId": "bbg-grid-estimate-edible-r01-c03",
        "plantingAssignment": null,
        "cropTaxon": null,
        "sourceReferences": [
          {
            "sourceId": "source:bbg-visitor-map",
            "locator": "numbered landmark 8",
            "mapNumber": 8,
            "label": "Edible Gardens",
            "role": "regularized bed-grid cell within the named garden area",
            "confidence": "medium"
          }
        ],
        "provenance": {
          "sourceId": "massgis-aerial-2025",
          "sourceFeatureId": "bbg-grid-estimate-edible-r01-c03",
          "geometryMethod": "regular-grid interpolation from six raster center controls; generalized dimensions and rotation",
          "semanticMethod": "aerial-visible row/column identity only; cell boundary unverified; legacy demo crop assignments intentionally excluded",
          "sourceReferences": [
            {
              "sourceId": "source:bbg-visitor-map",
              "locator": "numbered landmark 8",
              "mapNumber": 8,
              "label": "Edible Gardens",
              "role": "regularized bed-grid cell within the named garden area",
              "confidence": "medium"
            }
          ],
          "confidence": "medium",
          "surveyStatus": "not-surveyed",
          "imageryId": "massgis-2025",
          "imageryZoom": 20,
          "digitizationRasterId": "massgis-2025-south-campus-wide-z20",
          "parcelAssignmentMethod": "representative point within canonical parcel polygon",
          "representativePoint": [
            -73.33591896005058,
            42.30007351993597
          ],
          "currentnessCaveat": "Orthophoto interpretation is not surveyed geometry; verify against current imagery or field measurements before construction.",
          "planningDataPolicy": "crop proposals and legacy demo names belong to browser workspaces, not the shared grid-estimate inventory"
        },
        "notes": "Planning assignment on an aerial-visible grid cell estimate. Its center is tied to raster control edible-grid-northwest-cell; dimensions, rotation, and every polygon edge remain generalized and unverified.",
        "zone": "Edible Gardens · regularized grid estimate",
        "layer": "beds",
        "sourceFeatureId": "bbg-grid-estimate-edible-r01-c03",
        "widthInches": 60,
        "depthInches": 60,
        "row": 1,
        "column": 3,
        "status": "aerial-grid-estimate",
        "editable": true
      }
    },
    {
      "type": "Feature",
      "id": "bbg-edible-grid-r1-c4",
      "geometry": {
        "type": "Polygon",
        "coordinates": [
          [
            [
              -73.33589408908358,
              42.3000736933689
            ],
            [
              -73.33587683517855,
              42.30006877657769
            ],
            [
              -73.33588345833216,
              42.30005596789866
            ],
            [
              -73.33590071223719,
              42.30006088468988
            ],
            [
              -73.33589408908358,
              42.3000736933689
            ]
          ]
        ]
      },
      "properties": {
        "gardenId": "berkshire-botanical-garden",
        "featureType": "bed",
        "featureId": "bbg-edible-grid-r1-c4",
        "name": "Edible Gardens · row 1, bed 4",
        "localGeometry": {
          "type": "Polygon",
          "coordinates": [
            [
              [
                2278.743625691443,
                -2547.758451281275
              ],
              [
                2334.758451281275,
                -2526.256374308557
              ],
              [
                2313.256374308557,
                -2470.241548718725
              ],
              [
                2257.241548718725,
                -2491.743625691443
              ],
              [
                2278.743625691443,
                -2547.758451281275
              ]
            ]
          ]
        },
        "localUnit": "inch",
        "rotationDegrees": 21,
        "source": null,
        "confidence": "low",
        "featureStatus": "aerial-grid-estimate",
        "geometryBasis": "regular-grid interpolation from six raster center controls; generalized dimensions and rotation",
        "geometryEdit": null,
        "surveyStatus": "not-surveyed",
        "boundaryPolicy": null,
        "taxonStatus": "unassigned; no crop observation",
        "identificationStatus": "regularized grid cell; polygon boundary unverified; crop unassigned",
        "collection": "beds",
        "kind": "bed",
        "plantId": null,
        "observationType": null,
        "geometryRepresentation": null,
        "canopyClass": null,
        "crownWidthFeet": null,
        "crownDepthFeet": null,
        "crownDiameterFeet": null,
        "crownRadiusEastWestFeet": null,
        "crownRadiusNorthSouthFeet": null,
        "crownMeasurementMethod": null,
        "crownConfidence": null,
        "heightEstimateFeet": null,
        "heightEstimateRangeFeet": null,
        "heightEstimateMethod": null,
        "heightConfidence": null,
        "sourcePixel": null,
        "sourceMapNumber": null,
        "digitizationRasterId": "massgis-2025-south-campus-wide-z20",
        "imageryId": "massgis-2025",
        "imageryZoom": 20,
        "imageryTileOrigin": [
          310677,
          388066
        ],
        "networkId": null,
        "parcelId": "bbg-parcel-215-1",
        "topologyNodeIds": [],
        "corridorWidthFeet": null,
        "parentId": "bbg-edible-north-subplot",
        "sectionId": "bbg-edible-gardens-section",
        "subplotId": "bbg-edible-north-subplot",
        "gridCellId": "bbg-grid-estimate-edible-r01-c04",
        "centerControlId": null,
        "boundaryConfidence": "low",
        "observedFootprintId": null,
        "snappedToFeatureId": null,
        "plantingAssignment": null,
        "cropTaxon": null,
        "sourceReferences": [
          {
            "sourceId": "source:bbg-visitor-map",
            "locator": "numbered landmark 8",
            "mapNumber": 8,
            "label": "Edible Gardens",
            "role": "regularized bed-grid cell within the named garden area",
            "confidence": "low"
          }
        ],
        "provenance": {
          "sourceId": "massgis-aerial-2025",
          "sourceFeatureId": "bbg-grid-estimate-edible-r01-c04",
          "geometryMethod": "regular-grid interpolation from six raster center controls; generalized dimensions and rotation",
          "semanticMethod": "aerial-visible row/column identity only; cell boundary unverified; legacy demo crop assignments intentionally excluded",
          "sourceReferences": [
            {
              "sourceId": "source:bbg-visitor-map",
              "locator": "numbered landmark 8",
              "mapNumber": 8,
              "label": "Edible Gardens",
              "role": "regularized bed-grid cell within the named garden area",
              "confidence": "low"
            }
          ],
          "confidence": "low",
          "surveyStatus": "not-surveyed",
          "imageryId": "massgis-2025",
          "imageryZoom": 20,
          "digitizationRasterId": "massgis-2025-south-campus-wide-z20",
          "parcelAssignmentMethod": "representative point within canonical parcel polygon",
          "representativePoint": [
            -73.33588877370839,
            42.30006483063278
          ],
          "currentnessCaveat": "Orthophoto interpretation is not surveyed geometry; verify against current imagery or field measurements before construction.",
          "planningDataPolicy": "crop proposals and legacy demo names belong to browser workspaces, not the shared grid-estimate inventory"
        },
        "notes": "Unassigned aerial-visible grid cell estimate. Its center is interpolated from the six retained grid controls; dimensions, rotation, and every polygon edge remain generalized and unverified.",
        "zone": "Edible Gardens · regularized grid estimate",
        "layer": "beds",
        "sourceFeatureId": "bbg-grid-estimate-edible-r01-c04",
        "widthInches": 60,
        "depthInches": 60,
        "row": 1,
        "column": 4,
        "status": "aerial-grid-estimate",
        "editable": true
      }
    },
    {
      "type": "Feature",
      "id": "bbg-edible-east-1",
      "geometry": {
        "type": "Polygon",
        "coordinates": [
          [
            [
              -73.3358635947175,
              42.300065232731576
            ],
            [
              -73.33584634081247,
              42.300060315940364
            ],
            [
              -73.33585296396608,
              42.30004750726134
            ],
            [
              -73.3358702178711,
              42.30005242405255
            ],
            [
              -73.3358635947175,
              42.300065232731576
            ]
          ]
        ]
      },
      "properties": {
        "gardenId": "berkshire-botanical-garden",
        "featureType": "bed",
        "featureId": "bbg-edible-east-1",
        "name": "Edible Gardens · row 1, bed 5",
        "localGeometry": {
          "type": "Polygon",
          "coordinates": [
            [
              [
                2377.743625691443,
                -2510.758451281275
              ],
              [
                2433.758451281275,
                -2489.256374308557
              ],
              [
                2412.256374308557,
                -2433.241548718725
              ],
              [
                2356.241548718725,
                -2454.743625691443
              ],
              [
                2377.743625691443,
                -2510.758451281275
              ]
            ]
          ]
        },
        "localUnit": "inch",
        "rotationDegrees": 21,
        "source": null,
        "confidence": "medium",
        "featureStatus": "aerial-grid-estimate",
        "geometryBasis": "regular-grid interpolation from six raster center controls; generalized dimensions and rotation",
        "geometryEdit": null,
        "surveyStatus": "not-surveyed",
        "boundaryPolicy": null,
        "taxonStatus": "unassigned; no crop observation",
        "identificationStatus": "regularized grid cell; polygon boundary unverified; crop unassigned",
        "collection": "beds",
        "kind": "bed",
        "plantId": null,
        "observationType": null,
        "geometryRepresentation": null,
        "canopyClass": null,
        "crownWidthFeet": null,
        "crownDepthFeet": null,
        "crownDiameterFeet": null,
        "crownRadiusEastWestFeet": null,
        "crownRadiusNorthSouthFeet": null,
        "crownMeasurementMethod": null,
        "crownConfidence": null,
        "heightEstimateFeet": null,
        "heightEstimateRangeFeet": null,
        "heightEstimateMethod": null,
        "heightConfidence": null,
        "sourcePixel": null,
        "sourceMapNumber": null,
        "digitizationRasterId": "massgis-2025-south-campus-wide-z20",
        "imageryId": "massgis-2025",
        "imageryZoom": 20,
        "imageryTileOrigin": [
          310677,
          388066
        ],
        "networkId": null,
        "parcelId": "bbg-parcel-215-1",
        "topologyNodeIds": [],
        "corridorWidthFeet": null,
        "parentId": "bbg-edible-north-subplot",
        "sectionId": "bbg-edible-gardens-section",
        "subplotId": "bbg-edible-north-subplot",
        "gridCellId": "bbg-grid-estimate-edible-r01-c05",
        "centerControlId": "edible-grid-northeast-cell",
        "boundaryConfidence": "low",
        "observedFootprintId": null,
        "snappedToFeatureId": "bbg-grid-estimate-edible-r01-c05",
        "plantingAssignment": null,
        "cropTaxon": null,
        "sourceReferences": [
          {
            "sourceId": "source:bbg-visitor-map",
            "locator": "numbered landmark 8",
            "mapNumber": 8,
            "label": "Edible Gardens",
            "role": "regularized bed-grid cell within the named garden area",
            "confidence": "medium"
          }
        ],
        "provenance": {
          "sourceId": "massgis-aerial-2025",
          "sourceFeatureId": "bbg-grid-estimate-edible-r01-c05",
          "geometryMethod": "regular-grid interpolation from six raster center controls; generalized dimensions and rotation",
          "semanticMethod": "aerial-visible row/column identity only; cell boundary unverified; legacy demo crop assignments intentionally excluded",
          "sourceReferences": [
            {
              "sourceId": "source:bbg-visitor-map",
              "locator": "numbered landmark 8",
              "mapNumber": 8,
              "label": "Edible Gardens",
              "role": "regularized bed-grid cell within the named garden area",
              "confidence": "medium"
            }
          ],
          "confidence": "medium",
          "surveyStatus": "not-surveyed",
          "imageryId": "massgis-2025",
          "imageryZoom": 20,
          "digitizationRasterId": "massgis-2025-south-campus-wide-z20",
          "parcelAssignmentMethod": "representative point within canonical parcel polygon",
          "representativePoint": [
            -73.3358582793423,
            42.30005636999545
          ],
          "currentnessCaveat": "Orthophoto interpretation is not surveyed geometry; verify against current imagery or field measurements before construction.",
          "planningDataPolicy": "crop proposals and legacy demo names belong to browser workspaces, not the shared grid-estimate inventory"
        },
        "notes": "Planning assignment on an aerial-visible grid cell estimate. Its center is tied to raster control edible-grid-northeast-cell; dimensions, rotation, and every polygon edge remain generalized and unverified.",
        "zone": "Edible Gardens · regularized grid estimate",
        "layer": "beds",
        "sourceFeatureId": "bbg-grid-estimate-edible-r01-c05",
        "widthInches": 60,
        "depthInches": 60,
        "row": 1,
        "column": 5,
        "status": "aerial-grid-estimate",
        "editable": true
      }
    },
    {
      "type": "Feature",
      "id": "bbg-edible-grid-r2-c1",
      "geometry": {
        "type": "Polygon",
        "coordinates": [
          [
            [
              -73.33601175421333,
              42.300082382672095
            ],
            [
              -73.3359945003083,
              42.30007746588088
            ],
            [
              -73.3360011234619,
              42.30006465720186
            ],
            [
              -73.33601837736693,
              42.30006957399307
            ],
            [
              -73.33601175421333,
              42.300082382672095
            ]
          ]
        ]
      },
      "properties": {
        "gardenId": "berkshire-botanical-garden",
        "featureType": "bed",
        "featureId": "bbg-edible-grid-r2-c1",
        "name": "Edible Gardens · row 2, bed 1",
        "localGeometry": {
          "type": "Polygon",
          "coordinates": [
            [
              [
                1896.743625691443,
                -2585.758451281275
              ],
              [
                1952.758451281275,
                -2564.256374308557
              ],
              [
                1931.256374308557,
                -2508.241548718725
              ],
              [
                1875.241548718725,
                -2529.743625691443
              ],
              [
                1896.743625691443,
                -2585.758451281275
              ]
            ]
          ]
        },
        "localUnit": "inch",
        "rotationDegrees": 21,
        "source": null,
        "confidence": "low",
        "featureStatus": "aerial-grid-estimate",
        "geometryBasis": "regular-grid interpolation from six raster center controls; generalized dimensions and rotation",
        "geometryEdit": null,
        "surveyStatus": "not-surveyed",
        "boundaryPolicy": null,
        "taxonStatus": "unassigned; no crop observation",
        "identificationStatus": "regularized grid cell; polygon boundary unverified; crop unassigned",
        "collection": "beds",
        "kind": "bed",
        "plantId": null,
        "observationType": null,
        "geometryRepresentation": null,
        "canopyClass": null,
        "crownWidthFeet": null,
        "crownDepthFeet": null,
        "crownDiameterFeet": null,
        "crownRadiusEastWestFeet": null,
        "crownRadiusNorthSouthFeet": null,
        "crownMeasurementMethod": null,
        "crownConfidence": null,
        "heightEstimateFeet": null,
        "heightEstimateRangeFeet": null,
        "heightEstimateMethod": null,
        "heightConfidence": null,
        "sourcePixel": null,
        "sourceMapNumber": null,
        "digitizationRasterId": "massgis-2025-south-campus-wide-z20",
        "imageryId": "massgis-2025",
        "imageryZoom": 20,
        "imageryTileOrigin": [
          310677,
          388066
        ],
        "networkId": null,
        "parcelId": "bbg-parcel-215-1",
        "topologyNodeIds": [],
        "corridorWidthFeet": null,
        "parentId": "bbg-edible-north-subplot",
        "sectionId": "bbg-edible-gardens-section",
        "subplotId": "bbg-edible-north-subplot",
        "gridCellId": "bbg-grid-estimate-edible-r02-c01",
        "centerControlId": null,
        "boundaryConfidence": "low",
        "observedFootprintId": null,
        "snappedToFeatureId": null,
        "plantingAssignment": null,
        "cropTaxon": null,
        "sourceReferences": [
          {
            "sourceId": "source:bbg-visitor-map",
            "locator": "numbered landmark 8",
            "mapNumber": 8,
            "label": "Edible Gardens",
            "role": "regularized bed-grid cell within the named garden area",
            "confidence": "low"
          }
        ],
        "provenance": {
          "sourceId": "massgis-aerial-2025",
          "sourceFeatureId": "bbg-grid-estimate-edible-r02-c01",
          "geometryMethod": "regular-grid interpolation from six raster center controls; generalized dimensions and rotation",
          "semanticMethod": "aerial-visible row/column identity only; cell boundary unverified; legacy demo crop assignments intentionally excluded",
          "sourceReferences": [
            {
              "sourceId": "source:bbg-visitor-map",
              "locator": "numbered landmark 8",
              "mapNumber": 8,
              "label": "Edible Gardens",
              "role": "regularized bed-grid cell within the named garden area",
              "confidence": "low"
            }
          ],
          "confidence": "low",
          "surveyStatus": "not-surveyed",
          "imageryId": "massgis-2025",
          "imageryZoom": 20,
          "digitizationRasterId": "massgis-2025-south-campus-wide-z20",
          "parcelAssignmentMethod": "representative point within canonical parcel polygon",
          "representativePoint": [
            -73.33600439845657,
            42.30007746587988
          ],
          "currentnessCaveat": "Orthophoto interpretation is not surveyed geometry; verify against current imagery or field measurements before construction.",
          "planningDataPolicy": "crop proposals and legacy demo names belong to browser workspaces, not the shared grid-estimate inventory"
        },
        "notes": "Unassigned aerial-visible grid cell estimate. Its center is interpolated from the six retained grid controls; dimensions, rotation, and every polygon edge remain generalized and unverified.",
        "zone": "Edible Gardens · regularized grid estimate",
        "layer": "beds",
        "sourceFeatureId": "bbg-grid-estimate-edible-r02-c01",
        "widthInches": 60,
        "depthInches": 60,
        "row": 2,
        "column": 1,
        "status": "aerial-grid-estimate",
        "editable": true
      }
    },
    {
      "type": "Feature",
      "id": "bbg-edible-grid-r2-c2",
      "geometry": {
        "type": "Polygon",
        "coordinates": [
          [
            [
              -73.33598156787114,
              42.30007392203477
            ],
            [
              -73.33596431396612,
              42.30006900524356
            ],
            [
              -73.33597093711971,
              42.30005619656453
            ],
            [
              -73.33598819102474,
              42.300061113355746
            ],
            [
              -73.33598156787114,
              42.30007392203477
            ]
          ]
        ]
      },
      "properties": {
        "gardenId": "berkshire-botanical-garden",
        "featureType": "bed",
        "featureId": "bbg-edible-grid-r2-c2",
        "name": "Edible Gardens · row 2, bed 2",
        "localGeometry": {
          "type": "Polygon",
          "coordinates": [
            [
              [
                1994.743625691443,
                -2548.758451281275
              ],
              [
                2050.758451281275,
                -2527.256374308557
              ],
              [
                2029.256374308557,
                -2471.241548718725
              ],
              [
                1973.241548718725,
                -2492.743625691443
              ],
              [
                1994.743625691443,
                -2548.758451281275
              ]
            ]
          ]
        },
        "localUnit": "inch",
        "rotationDegrees": 21,
        "source": null,
        "confidence": "low",
        "featureStatus": "aerial-grid-estimate",
        "geometryBasis": "regular-grid interpolation from six raster center controls; generalized dimensions and rotation",
        "geometryEdit": null,
        "surveyStatus": "not-surveyed",
        "boundaryPolicy": null,
        "taxonStatus": "unassigned; no crop observation",
        "identificationStatus": "regularized grid cell; polygon boundary unverified; crop unassigned",
        "collection": "beds",
        "kind": "bed",
        "plantId": null,
        "observationType": null,
        "geometryRepresentation": null,
        "canopyClass": null,
        "crownWidthFeet": null,
        "crownDepthFeet": null,
        "crownDiameterFeet": null,
        "crownRadiusEastWestFeet": null,
        "crownRadiusNorthSouthFeet": null,
        "crownMeasurementMethod": null,
        "crownConfidence": null,
        "heightEstimateFeet": null,
        "heightEstimateRangeFeet": null,
        "heightEstimateMethod": null,
        "heightConfidence": null,
        "sourcePixel": null,
        "sourceMapNumber": null,
        "digitizationRasterId": "massgis-2025-south-campus-wide-z20",
        "imageryId": "massgis-2025",
        "imageryZoom": 20,
        "imageryTileOrigin": [
          310677,
          388066
        ],
        "networkId": null,
        "parcelId": "bbg-parcel-215-1",
        "topologyNodeIds": [],
        "corridorWidthFeet": null,
        "parentId": "bbg-edible-north-subplot",
        "sectionId": "bbg-edible-gardens-section",
        "subplotId": "bbg-edible-north-subplot",
        "gridCellId": "bbg-grid-estimate-edible-r02-c02",
        "centerControlId": null,
        "boundaryConfidence": "low",
        "observedFootprintId": null,
        "snappedToFeatureId": null,
        "plantingAssignment": null,
        "cropTaxon": null,
        "sourceReferences": [
          {
            "sourceId": "source:bbg-visitor-map",
            "locator": "numbered landmark 8",
            "mapNumber": 8,
            "label": "Edible Gardens",
            "role": "regularized bed-grid cell within the named garden area",
            "confidence": "low"
          }
        ],
        "provenance": {
          "sourceId": "massgis-aerial-2025",
          "sourceFeatureId": "bbg-grid-estimate-edible-r02-c02",
          "geometryMethod": "regular-grid interpolation from six raster center controls; generalized dimensions and rotation",
          "semanticMethod": "aerial-visible row/column identity only; cell boundary unverified; legacy demo crop assignments intentionally excluded",
          "sourceReferences": [
            {
              "sourceId": "source:bbg-visitor-map",
              "locator": "numbered landmark 8",
              "mapNumber": 8,
              "label": "Edible Gardens",
              "role": "regularized bed-grid cell within the named garden area",
              "confidence": "low"
            }
          ],
          "confidence": "low",
          "surveyStatus": "not-surveyed",
          "imageryId": "massgis-2025",
          "imageryZoom": 20,
          "digitizationRasterId": "massgis-2025-south-campus-wide-z20",
          "parcelAssignmentMethod": "representative point within canonical parcel polygon",
          "representativePoint": [
            -73.33597421211438,
            42.300069005242555
          ],
          "currentnessCaveat": "Orthophoto interpretation is not surveyed geometry; verify against current imagery or field measurements before construction.",
          "planningDataPolicy": "crop proposals and legacy demo names belong to browser workspaces, not the shared grid-estimate inventory"
        },
        "notes": "Unassigned aerial-visible grid cell estimate. Its center is interpolated from the six retained grid controls; dimensions, rotation, and every polygon edge remain generalized and unverified.",
        "zone": "Edible Gardens · regularized grid estimate",
        "layer": "beds",
        "sourceFeatureId": "bbg-grid-estimate-edible-r02-c02",
        "widthInches": 60,
        "depthInches": 60,
        "row": 2,
        "column": 2,
        "status": "aerial-grid-estimate",
        "editable": true
      }
    },
    {
      "type": "Feature",
      "id": "bbg-edible-west-2",
      "geometry": {
        "type": "Polygon",
        "coordinates": [
          [
            [
              -73.33595138152896,
              42.30006546139745
            ],
            [
              -73.33593412762393,
              42.30006054460624
            ],
            [
              -73.33594075077752,
              42.300047735927215
            ],
            [
              -73.33595800468255,
              42.30005265271843
            ],
            [
              -73.33595138152896,
              42.30006546139745
            ]
          ]
        ]
      },
      "properties": {
        "gardenId": "berkshire-botanical-garden",
        "featureType": "bed",
        "featureId": "bbg-edible-west-2",
        "name": "Edible Gardens · row 2, bed 3",
        "localGeometry": {
          "type": "Polygon",
          "coordinates": [
            [
              [
                2092.743625691443,
                -2511.758451281275
              ],
              [
                2148.758451281275,
                -2490.256374308557
              ],
              [
                2127.256374308557,
                -2434.241548718725
              ],
              [
                2071.241548718725,
                -2455.743625691443
              ],
              [
                2092.743625691443,
                -2511.758451281275
              ]
            ]
          ]
        },
        "localUnit": "inch",
        "rotationDegrees": 21,
        "source": null,
        "confidence": "low",
        "featureStatus": "aerial-grid-estimate",
        "geometryBasis": "regular-grid interpolation from six raster center controls; generalized dimensions and rotation",
        "geometryEdit": null,
        "surveyStatus": "not-surveyed",
        "boundaryPolicy": null,
        "taxonStatus": "unassigned; no crop observation",
        "identificationStatus": "regularized grid cell; polygon boundary unverified; crop unassigned",
        "collection": "beds",
        "kind": "bed",
        "plantId": null,
        "observationType": null,
        "geometryRepresentation": null,
        "canopyClass": null,
        "crownWidthFeet": null,
        "crownDepthFeet": null,
        "crownDiameterFeet": null,
        "crownRadiusEastWestFeet": null,
        "crownRadiusNorthSouthFeet": null,
        "crownMeasurementMethod": null,
        "crownConfidence": null,
        "heightEstimateFeet": null,
        "heightEstimateRangeFeet": null,
        "heightEstimateMethod": null,
        "heightConfidence": null,
        "sourcePixel": null,
        "sourceMapNumber": null,
        "digitizationRasterId": "massgis-2025-south-campus-wide-z20",
        "imageryId": "massgis-2025",
        "imageryZoom": 20,
        "imageryTileOrigin": [
          310677,
          388066
        ],
        "networkId": null,
        "parcelId": "bbg-parcel-215-1",
        "topologyNodeIds": [],
        "corridorWidthFeet": null,
        "parentId": "bbg-edible-north-subplot",
        "sectionId": "bbg-edible-gardens-section",
        "subplotId": "bbg-edible-north-subplot",
        "gridCellId": "bbg-grid-estimate-edible-r02-c03",
        "centerControlId": null,
        "boundaryConfidence": "low",
        "observedFootprintId": null,
        "snappedToFeatureId": "bbg-grid-estimate-edible-r02-c03",
        "plantingAssignment": null,
        "cropTaxon": null,
        "sourceReferences": [
          {
            "sourceId": "source:bbg-visitor-map",
            "locator": "numbered landmark 8",
            "mapNumber": 8,
            "label": "Edible Gardens",
            "role": "regularized bed-grid cell within the named garden area",
            "confidence": "low"
          }
        ],
        "provenance": {
          "sourceId": "massgis-aerial-2025",
          "sourceFeatureId": "bbg-grid-estimate-edible-r02-c03",
          "geometryMethod": "regular-grid interpolation from six raster center controls; generalized dimensions and rotation",
          "semanticMethod": "aerial-visible row/column identity only; cell boundary unverified; legacy demo crop assignments intentionally excluded",
          "sourceReferences": [
            {
              "sourceId": "source:bbg-visitor-map",
              "locator": "numbered landmark 8",
              "mapNumber": 8,
              "label": "Edible Gardens",
              "role": "regularized bed-grid cell within the named garden area",
              "confidence": "low"
            }
          ],
          "confidence": "low",
          "surveyStatus": "not-surveyed",
          "imageryId": "massgis-2025",
          "imageryZoom": 20,
          "digitizationRasterId": "massgis-2025-south-campus-wide-z20",
          "parcelAssignmentMethod": "representative point within canonical parcel polygon",
          "representativePoint": [
            -73.33594402577219,
            42.30006054460524
          ],
          "currentnessCaveat": "Orthophoto interpretation is not surveyed geometry; verify against current imagery or field measurements before construction.",
          "planningDataPolicy": "crop proposals and legacy demo names belong to browser workspaces, not the shared grid-estimate inventory"
        },
        "notes": "Planning assignment on an aerial-visible grid cell estimate. Its center is interpolated from the six retained grid controls; dimensions, rotation, and every polygon edge remain generalized and unverified.",
        "zone": "Edible Gardens · regularized grid estimate",
        "layer": "beds",
        "sourceFeatureId": "bbg-grid-estimate-edible-r02-c03",
        "widthInches": 60,
        "depthInches": 60,
        "row": 2,
        "column": 3,
        "status": "aerial-grid-estimate",
        "editable": true
      }
    },
    {
      "type": "Feature",
      "id": "bbg-edible-grid-r2-c4",
      "geometry": {
        "type": "Polygon",
        "coordinates": [
          [
            [
              -73.33592088716287,
              42.300057000760134
            ],
            [
              -73.33590363325784,
              42.300052083968914
            ],
            [
              -73.33591025641144,
              42.30003927528989
            ],
            [
              -73.33592751031647,
              42.30004419208111
            ],
            [
              -73.33592088716287,
              42.300057000760134
            ]
          ]
        ]
      },
      "properties": {
        "gardenId": "berkshire-botanical-garden",
        "featureType": "bed",
        "featureId": "bbg-edible-grid-r2-c4",
        "name": "Edible Gardens · row 2, bed 4",
        "localGeometry": {
          "type": "Polygon",
          "coordinates": [
            [
              [
                2191.743625691443,
                -2474.758451281275
              ],
              [
                2247.758451281275,
                -2453.256374308557
              ],
              [
                2226.256374308557,
                -2397.241548718725
              ],
              [
                2170.241548718725,
                -2418.743625691443
              ],
              [
                2191.743625691443,
                -2474.758451281275
              ]
            ]
          ]
        },
        "localUnit": "inch",
        "rotationDegrees": 21,
        "source": null,
        "confidence": "low",
        "featureStatus": "aerial-grid-estimate",
        "geometryBasis": "regular-grid interpolation from six raster center controls; generalized dimensions and rotation",
        "geometryEdit": null,
        "surveyStatus": "not-surveyed",
        "boundaryPolicy": null,
        "taxonStatus": "unassigned; no crop observation",
        "identificationStatus": "regularized grid cell; polygon boundary unverified; crop unassigned",
        "collection": "beds",
        "kind": "bed",
        "plantId": null,
        "observationType": null,
        "geometryRepresentation": null,
        "canopyClass": null,
        "crownWidthFeet": null,
        "crownDepthFeet": null,
        "crownDiameterFeet": null,
        "crownRadiusEastWestFeet": null,
        "crownRadiusNorthSouthFeet": null,
        "crownMeasurementMethod": null,
        "crownConfidence": null,
        "heightEstimateFeet": null,
        "heightEstimateRangeFeet": null,
        "heightEstimateMethod": null,
        "heightConfidence": null,
        "sourcePixel": null,
        "sourceMapNumber": null,
        "digitizationRasterId": "massgis-2025-south-campus-wide-z20",
        "imageryId": "massgis-2025",
        "imageryZoom": 20,
        "imageryTileOrigin": [
          310677,
          388066
        ],
        "networkId": null,
        "parcelId": "bbg-parcel-215-1",
        "topologyNodeIds": [],
        "corridorWidthFeet": null,
        "parentId": "bbg-edible-north-subplot",
        "sectionId": "bbg-edible-gardens-section",
        "subplotId": "bbg-edible-north-subplot",
        "gridCellId": "bbg-grid-estimate-edible-r02-c04",
        "centerControlId": null,
        "boundaryConfidence": "low",
        "observedFootprintId": null,
        "snappedToFeatureId": null,
        "plantingAssignment": null,
        "cropTaxon": null,
        "sourceReferences": [
          {
            "sourceId": "source:bbg-visitor-map",
            "locator": "numbered landmark 8",
            "mapNumber": 8,
            "label": "Edible Gardens",
            "role": "regularized bed-grid cell within the named garden area",
            "confidence": "low"
          }
        ],
        "provenance": {
          "sourceId": "massgis-aerial-2025",
          "sourceFeatureId": "bbg-grid-estimate-edible-r02-c04",
          "geometryMethod": "regular-grid interpolation from six raster center controls; generalized dimensions and rotation",
          "semanticMethod": "aerial-visible row/column identity only; cell boundary unverified; legacy demo crop assignments intentionally excluded",
          "sourceReferences": [
            {
              "sourceId": "source:bbg-visitor-map",
              "locator": "numbered landmark 8",
              "mapNumber": 8,
              "label": "Edible Gardens",
              "role": "regularized bed-grid cell within the named garden area",
              "confidence": "low"
            }
          ],
          "confidence": "low",
          "surveyStatus": "not-surveyed",
          "imageryId": "massgis-2025",
          "imageryZoom": 20,
          "digitizationRasterId": "massgis-2025-south-campus-wide-z20",
          "parcelAssignmentMethod": "representative point within canonical parcel polygon",
          "representativePoint": [
            -73.33591557178715,
            42.30004813802501
          ],
          "currentnessCaveat": "Orthophoto interpretation is not surveyed geometry; verify against current imagery or field measurements before construction.",
          "planningDataPolicy": "crop proposals and legacy demo names belong to browser workspaces, not the shared grid-estimate inventory"
        },
        "notes": "Unassigned aerial-visible grid cell estimate. Its center is interpolated from the six retained grid controls; dimensions, rotation, and every polygon edge remain generalized and unverified.",
        "zone": "Edible Gardens · regularized grid estimate",
        "layer": "beds",
        "sourceFeatureId": "bbg-grid-estimate-edible-r02-c04",
        "widthInches": 60,
        "depthInches": 60,
        "row": 2,
        "column": 4,
        "status": "aerial-grid-estimate",
        "editable": true
      }
    },
    {
      "type": "Feature",
      "id": "bbg-edible-east-2",
      "geometry": {
        "type": "Polygon",
        "coordinates": [
          [
            [
              -73.33589070082068,
              42.30004831145693
            ],
            [
              -73.33587344691566,
              42.30004339466572
            ],
            [
              -73.33588007006927,
              42.3000305859867
            ],
            [
              -73.3358973239743,
              42.30003550277791
            ],
            [
              -73.33589070082068,
              42.30004831145693
            ]
          ]
        ]
      },
      "properties": {
        "gardenId": "berkshire-botanical-garden",
        "featureType": "bed",
        "featureId": "bbg-edible-east-2",
        "name": "Edible Gardens · row 2, bed 5",
        "localGeometry": {
          "type": "Polygon",
          "coordinates": [
            [
              [
                2289.743625691443,
                -2436.758451281275
              ],
              [
                2345.758451281275,
                -2415.256374308557
              ],
              [
                2324.256374308557,
                -2359.241548718725
              ],
              [
                2268.241548718725,
                -2380.743625691443
              ],
              [
                2289.743625691443,
                -2436.758451281275
              ]
            ]
          ]
        },
        "localUnit": "inch",
        "rotationDegrees": 21,
        "source": null,
        "confidence": "low",
        "featureStatus": "aerial-grid-estimate",
        "geometryBasis": "regular-grid interpolation from six raster center controls; generalized dimensions and rotation",
        "geometryEdit": null,
        "surveyStatus": "not-surveyed",
        "boundaryPolicy": null,
        "taxonStatus": "unassigned; no crop observation",
        "identificationStatus": "regularized grid cell; polygon boundary unverified; crop unassigned",
        "collection": "beds",
        "kind": "bed",
        "plantId": null,
        "observationType": null,
        "geometryRepresentation": null,
        "canopyClass": null,
        "crownWidthFeet": null,
        "crownDepthFeet": null,
        "crownDiameterFeet": null,
        "crownRadiusEastWestFeet": null,
        "crownRadiusNorthSouthFeet": null,
        "crownMeasurementMethod": null,
        "crownConfidence": null,
        "heightEstimateFeet": null,
        "heightEstimateRangeFeet": null,
        "heightEstimateMethod": null,
        "heightConfidence": null,
        "sourcePixel": null,
        "sourceMapNumber": null,
        "digitizationRasterId": "massgis-2025-south-campus-wide-z20",
        "imageryId": "massgis-2025",
        "imageryZoom": 20,
        "imageryTileOrigin": [
          310677,
          388066
        ],
        "networkId": null,
        "parcelId": "bbg-parcel-215-1",
        "topologyNodeIds": [],
        "corridorWidthFeet": null,
        "parentId": "bbg-edible-north-subplot",
        "sectionId": "bbg-edible-gardens-section",
        "subplotId": "bbg-edible-north-subplot",
        "gridCellId": "bbg-grid-estimate-edible-r02-c05",
        "centerControlId": null,
        "boundaryConfidence": "low",
        "observedFootprintId": null,
        "snappedToFeatureId": "bbg-grid-estimate-edible-r02-c05",
        "plantingAssignment": null,
        "cropTaxon": null,
        "sourceReferences": [
          {
            "sourceId": "source:bbg-visitor-map",
            "locator": "numbered landmark 8",
            "mapNumber": 8,
            "label": "Edible Gardens",
            "role": "regularized bed-grid cell within the named garden area",
            "confidence": "low"
          }
        ],
        "provenance": {
          "sourceId": "massgis-aerial-2025",
          "sourceFeatureId": "bbg-grid-estimate-edible-r02-c05",
          "geometryMethod": "regular-grid interpolation from six raster center controls; generalized dimensions and rotation",
          "semanticMethod": "aerial-visible row/column identity only; cell boundary unverified; legacy demo crop assignments intentionally excluded",
          "sourceReferences": [
            {
              "sourceId": "source:bbg-visitor-map",
              "locator": "numbered landmark 8",
              "mapNumber": 8,
              "label": "Edible Gardens",
              "role": "regularized bed-grid cell within the named garden area",
              "confidence": "low"
            }
          ],
          "confidence": "low",
          "surveyStatus": "not-surveyed",
          "imageryId": "massgis-2025",
          "imageryZoom": 20,
          "digitizationRasterId": "massgis-2025-south-campus-wide-z20",
          "parcelAssignmentMethod": "representative point within canonical parcel polygon",
          "representativePoint": [
            -73.3358853854455,
            42.30003944872082
          ],
          "currentnessCaveat": "Orthophoto interpretation is not surveyed geometry; verify against current imagery or field measurements before construction.",
          "planningDataPolicy": "crop proposals and legacy demo names belong to browser workspaces, not the shared grid-estimate inventory"
        },
        "notes": "Planning assignment on an aerial-visible grid cell estimate. Its center is interpolated from the six retained grid controls; dimensions, rotation, and every polygon edge remain generalized and unverified.",
        "zone": "Edible Gardens · regularized grid estimate",
        "layer": "beds",
        "sourceFeatureId": "bbg-grid-estimate-edible-r02-c05",
        "widthInches": 60,
        "depthInches": 60,
        "row": 2,
        "column": 5,
        "status": "aerial-grid-estimate",
        "editable": true
      }
    },
    {
      "type": "Feature",
      "id": "bbg-edible-grid-r3-c1",
      "geometry": {
        "type": "Polygon",
        "coordinates": [
          [
            [
              -73.33603886031652,
              42.30006569006333
            ],
            [
              -73.33602160641149,
              42.300060773272115
            ],
            [
              -73.33602822956509,
              42.300047964593084
            ],
            [
              -73.33604548347012,
              42.3000528813843
            ],
            [
              -73.33603886031652,
              42.30006569006333
            ]
          ]
        ]
      },
      "properties": {
        "gardenId": "berkshire-botanical-garden",
        "featureType": "bed",
        "featureId": "bbg-edible-grid-r3-c1",
        "name": "Edible Gardens · row 3, bed 1",
        "localGeometry": {
          "type": "Polygon",
          "coordinates": [
            [
              [
                1808.743625691443,
                -2512.758451281275
              ],
              [
                1864.758451281275,
                -2491.256374308557
              ],
              [
                1843.256374308557,
                -2435.241548718725
              ],
              [
                1787.241548718725,
                -2456.743625691443
              ],
              [
                1808.743625691443,
                -2512.758451281275
              ]
            ]
          ]
        },
        "localUnit": "inch",
        "rotationDegrees": 21,
        "source": null,
        "confidence": "low",
        "featureStatus": "aerial-grid-estimate",
        "geometryBasis": "regular-grid interpolation from six raster center controls; generalized dimensions and rotation",
        "geometryEdit": null,
        "surveyStatus": "not-surveyed",
        "boundaryPolicy": null,
        "taxonStatus": "unassigned; no crop observation",
        "identificationStatus": "regularized grid cell; polygon boundary unverified; crop unassigned",
        "collection": "beds",
        "kind": "bed",
        "plantId": null,
        "observationType": null,
        "geometryRepresentation": null,
        "canopyClass": null,
        "crownWidthFeet": null,
        "crownDepthFeet": null,
        "crownDiameterFeet": null,
        "crownRadiusEastWestFeet": null,
        "crownRadiusNorthSouthFeet": null,
        "crownMeasurementMethod": null,
        "crownConfidence": null,
        "heightEstimateFeet": null,
        "heightEstimateRangeFeet": null,
        "heightEstimateMethod": null,
        "heightConfidence": null,
        "sourcePixel": null,
        "sourceMapNumber": null,
        "digitizationRasterId": "massgis-2025-south-campus-wide-z20",
        "imageryId": "massgis-2025",
        "imageryZoom": 20,
        "imageryTileOrigin": [
          310677,
          388066
        ],
        "networkId": null,
        "parcelId": "bbg-parcel-215-1",
        "topologyNodeIds": [],
        "corridorWidthFeet": null,
        "parentId": "bbg-edible-north-subplot",
        "sectionId": "bbg-edible-gardens-section",
        "subplotId": "bbg-edible-north-subplot",
        "gridCellId": "bbg-grid-estimate-edible-r03-c01",
        "centerControlId": null,
        "boundaryConfidence": "low",
        "observedFootprintId": null,
        "snappedToFeatureId": null,
        "plantingAssignment": null,
        "cropTaxon": null,
        "sourceReferences": [
          {
            "sourceId": "source:bbg-visitor-map",
            "locator": "numbered landmark 8",
            "mapNumber": 8,
            "label": "Edible Gardens",
            "role": "regularized bed-grid cell within the named garden area",
            "confidence": "low"
          }
        ],
        "provenance": {
          "sourceId": "massgis-aerial-2025",
          "sourceFeatureId": "bbg-grid-estimate-edible-r03-c01",
          "geometryMethod": "regular-grid interpolation from six raster center controls; generalized dimensions and rotation",
          "semanticMethod": "aerial-visible row/column identity only; cell boundary unverified; legacy demo crop assignments intentionally excluded",
          "sourceReferences": [
            {
              "sourceId": "source:bbg-visitor-map",
              "locator": "numbered landmark 8",
              "mapNumber": 8,
              "label": "Edible Gardens",
              "role": "regularized bed-grid cell within the named garden area",
              "confidence": "low"
            }
          ],
          "confidence": "low",
          "surveyStatus": "not-surveyed",
          "imageryId": "massgis-2025",
          "imageryZoom": 20,
          "digitizationRasterId": "massgis-2025-south-campus-wide-z20",
          "parcelAssignmentMethod": "representative point within canonical parcel polygon",
          "representativePoint": [
            -73.33603150455976,
            42.30006077327111
          ],
          "currentnessCaveat": "Orthophoto interpretation is not surveyed geometry; verify against current imagery or field measurements before construction.",
          "planningDataPolicy": "crop proposals and legacy demo names belong to browser workspaces, not the shared grid-estimate inventory"
        },
        "notes": "Unassigned aerial-visible grid cell estimate. Its center is interpolated from the six retained grid controls; dimensions, rotation, and every polygon edge remain generalized and unverified.",
        "zone": "Edible Gardens · regularized grid estimate",
        "layer": "beds",
        "sourceFeatureId": "bbg-grid-estimate-edible-r03-c01",
        "widthInches": 60,
        "depthInches": 60,
        "row": 3,
        "column": 1,
        "status": "aerial-grid-estimate",
        "editable": true
      }
    },
    {
      "type": "Feature",
      "id": "bbg-edible-grid-r3-c2",
      "geometry": {
        "type": "Polygon",
        "coordinates": [
          [
            [
              -73.33600867397433,
              42.300057000760134
            ],
            [
              -73.3359914200693,
              42.300052083968914
            ],
            [
              -73.3359980432229,
              42.30003927528989
            ],
            [
              -73.33601529712793,
              42.30004419208111
            ],
            [
              -73.33600867397433,
              42.300057000760134
            ]
          ]
        ]
      },
      "properties": {
        "gardenId": "berkshire-botanical-garden",
        "featureType": "bed",
        "featureId": "bbg-edible-grid-r3-c2",
        "name": "Edible Gardens · row 3, bed 2",
        "localGeometry": {
          "type": "Polygon",
          "coordinates": [
            [
              [
                1906.743625691443,
                -2474.758451281275
              ],
              [
                1962.758451281275,
                -2453.256374308557
              ],
              [
                1941.256374308557,
                -2397.241548718725
              ],
              [
                1885.241548718725,
                -2418.743625691443
              ],
              [
                1906.743625691443,
                -2474.758451281275
              ]
            ]
          ]
        },
        "localUnit": "inch",
        "rotationDegrees": 21,
        "source": null,
        "confidence": "low",
        "featureStatus": "aerial-grid-estimate",
        "geometryBasis": "regular-grid interpolation from six raster center controls; generalized dimensions and rotation",
        "geometryEdit": null,
        "surveyStatus": "not-surveyed",
        "boundaryPolicy": null,
        "taxonStatus": "unassigned; no crop observation",
        "identificationStatus": "regularized grid cell; polygon boundary unverified; crop unassigned",
        "collection": "beds",
        "kind": "bed",
        "plantId": null,
        "observationType": null,
        "geometryRepresentation": null,
        "canopyClass": null,
        "crownWidthFeet": null,
        "crownDepthFeet": null,
        "crownDiameterFeet": null,
        "crownRadiusEastWestFeet": null,
        "crownRadiusNorthSouthFeet": null,
        "crownMeasurementMethod": null,
        "crownConfidence": null,
        "heightEstimateFeet": null,
        "heightEstimateRangeFeet": null,
        "heightEstimateMethod": null,
        "heightConfidence": null,
        "sourcePixel": null,
        "sourceMapNumber": null,
        "digitizationRasterId": "massgis-2025-south-campus-wide-z20",
        "imageryId": "massgis-2025",
        "imageryZoom": 20,
        "imageryTileOrigin": [
          310677,
          388066
        ],
        "networkId": null,
        "parcelId": "bbg-parcel-215-1",
        "topologyNodeIds": [],
        "corridorWidthFeet": null,
        "parentId": "bbg-edible-north-subplot",
        "sectionId": "bbg-edible-gardens-section",
        "subplotId": "bbg-edible-north-subplot",
        "gridCellId": "bbg-grid-estimate-edible-r03-c02",
        "centerControlId": null,
        "boundaryConfidence": "low",
        "observedFootprintId": null,
        "snappedToFeatureId": null,
        "plantingAssignment": null,
        "cropTaxon": null,
        "sourceReferences": [
          {
            "sourceId": "source:bbg-visitor-map",
            "locator": "numbered landmark 8",
            "mapNumber": 8,
            "label": "Edible Gardens",
            "role": "regularized bed-grid cell within the named garden area",
            "confidence": "low"
          }
        ],
        "provenance": {
          "sourceId": "massgis-aerial-2025",
          "sourceFeatureId": "bbg-grid-estimate-edible-r03-c02",
          "geometryMethod": "regular-grid interpolation from six raster center controls; generalized dimensions and rotation",
          "semanticMethod": "aerial-visible row/column identity only; cell boundary unverified; legacy demo crop assignments intentionally excluded",
          "sourceReferences": [
            {
              "sourceId": "source:bbg-visitor-map",
              "locator": "numbered landmark 8",
              "mapNumber": 8,
              "label": "Edible Gardens",
              "role": "regularized bed-grid cell within the named garden area",
              "confidence": "low"
            }
          ],
          "confidence": "low",
          "surveyStatus": "not-surveyed",
          "imageryId": "massgis-2025",
          "imageryZoom": 20,
          "digitizationRasterId": "massgis-2025-south-campus-wide-z20",
          "parcelAssignmentMethod": "representative point within canonical parcel polygon",
          "representativePoint": [
            -73.33600335859862,
            42.30004813802501
          ],
          "currentnessCaveat": "Orthophoto interpretation is not surveyed geometry; verify against current imagery or field measurements before construction.",
          "planningDataPolicy": "crop proposals and legacy demo names belong to browser workspaces, not the shared grid-estimate inventory"
        },
        "notes": "Unassigned aerial-visible grid cell estimate. Its center is interpolated from the six retained grid controls; dimensions, rotation, and every polygon edge remain generalized and unverified.",
        "zone": "Edible Gardens · regularized grid estimate",
        "layer": "beds",
        "sourceFeatureId": "bbg-grid-estimate-edible-r03-c02",
        "widthInches": 60,
        "depthInches": 60,
        "row": 3,
        "column": 2,
        "status": "aerial-grid-estimate",
        "editable": true
      }
    },
    {
      "type": "Feature",
      "id": "bbg-edible-west-3",
      "geometry": {
        "type": "Polygon",
        "coordinates": [
          [
            [
              -73.33597817960825,
              42.30004854012281
            ],
            [
              -73.33596092570322,
              42.3000436233316
            ],
            [
              -73.33596754885681,
              42.30003081465257
            ],
            [
              -73.33598480276184,
              42.300035731443785
            ],
            [
              -73.33597817960825,
              42.30004854012281
            ]
          ]
        ]
      },
      "properties": {
        "gardenId": "berkshire-botanical-garden",
        "featureType": "bed",
        "featureId": "bbg-edible-west-3",
        "name": "Edible Gardens · row 3, bed 3",
        "localGeometry": {
          "type": "Polygon",
          "coordinates": [
            [
              [
                2005.743625691443,
                -2437.758451281275
              ],
              [
                2061.758451281275,
                -2416.256374308557
              ],
              [
                2040.256374308557,
                -2360.241548718725
              ],
              [
                1984.241548718725,
                -2381.743625691443
              ],
              [
                2005.743625691443,
                -2437.758451281275
              ]
            ]
          ]
        },
        "localUnit": "inch",
        "rotationDegrees": 21,
        "source": null,
        "confidence": "medium",
        "featureStatus": "aerial-grid-estimate",
        "geometryBasis": "regular-grid interpolation from six raster center controls; generalized dimensions and rotation",
        "geometryEdit": null,
        "surveyStatus": "not-surveyed",
        "boundaryPolicy": null,
        "taxonStatus": "unassigned; no crop observation",
        "identificationStatus": "regularized grid cell; polygon boundary unverified; crop unassigned",
        "collection": "beds",
        "kind": "bed",
        "plantId": null,
        "observationType": null,
        "geometryRepresentation": null,
        "canopyClass": null,
        "crownWidthFeet": null,
        "crownDepthFeet": null,
        "crownDiameterFeet": null,
        "crownRadiusEastWestFeet": null,
        "crownRadiusNorthSouthFeet": null,
        "crownMeasurementMethod": null,
        "crownConfidence": null,
        "heightEstimateFeet": null,
        "heightEstimateRangeFeet": null,
        "heightEstimateMethod": null,
        "heightConfidence": null,
        "sourcePixel": null,
        "sourceMapNumber": null,
        "digitizationRasterId": "massgis-2025-south-campus-wide-z20",
        "imageryId": "massgis-2025",
        "imageryZoom": 20,
        "imageryTileOrigin": [
          310677,
          388066
        ],
        "networkId": null,
        "parcelId": "bbg-parcel-215-1",
        "topologyNodeIds": [],
        "corridorWidthFeet": null,
        "parentId": "bbg-edible-north-subplot",
        "sectionId": "bbg-edible-gardens-section",
        "subplotId": "bbg-edible-north-subplot",
        "gridCellId": "bbg-grid-estimate-edible-r03-c03",
        "centerControlId": "edible-grid-southwest-cell",
        "boundaryConfidence": "low",
        "observedFootprintId": null,
        "snappedToFeatureId": "bbg-grid-estimate-edible-r03-c03",
        "plantingAssignment": null,
        "cropTaxon": null,
        "sourceReferences": [
          {
            "sourceId": "source:bbg-visitor-map",
            "locator": "numbered landmark 8",
            "mapNumber": 8,
            "label": "Edible Gardens",
            "role": "regularized bed-grid cell within the named garden area",
            "confidence": "medium"
          }
        ],
        "provenance": {
          "sourceId": "massgis-aerial-2025",
          "sourceFeatureId": "bbg-grid-estimate-edible-r03-c03",
          "geometryMethod": "regular-grid interpolation from six raster center controls; generalized dimensions and rotation",
          "semanticMethod": "aerial-visible row/column identity only; cell boundary unverified; legacy demo crop assignments intentionally excluded",
          "sourceReferences": [
            {
              "sourceId": "source:bbg-visitor-map",
              "locator": "numbered landmark 8",
              "mapNumber": 8,
              "label": "Edible Gardens",
              "role": "regularized bed-grid cell within the named garden area",
              "confidence": "medium"
            }
          ],
          "confidence": "medium",
          "surveyStatus": "not-surveyed",
          "imageryId": "massgis-2025",
          "imageryZoom": 20,
          "digitizationRasterId": "massgis-2025-south-campus-wide-z20",
          "parcelAssignmentMethod": "representative point within canonical parcel polygon",
          "representativePoint": [
            -73.33597082385148,
            42.300043623330595
          ],
          "currentnessCaveat": "Orthophoto interpretation is not surveyed geometry; verify against current imagery or field measurements before construction.",
          "planningDataPolicy": "crop proposals and legacy demo names belong to browser workspaces, not the shared grid-estimate inventory"
        },
        "notes": "Planning assignment on an aerial-visible grid cell estimate. Its center is tied to raster control edible-grid-southwest-cell; dimensions, rotation, and every polygon edge remain generalized and unverified.",
        "zone": "Edible Gardens · regularized grid estimate",
        "layer": "beds",
        "sourceFeatureId": "bbg-grid-estimate-edible-r03-c03",
        "widthInches": 60,
        "depthInches": 60,
        "row": 3,
        "column": 3,
        "status": "aerial-grid-estimate",
        "editable": true
      }
    },
    {
      "type": "Feature",
      "id": "bbg-edible-grid-r3-c4",
      "geometry": {
        "type": "Polygon",
        "coordinates": [
          [
            [
              -73.33594799326606,
              42.30004007948549
            ],
            [
              -73.33593073936103,
              42.30003516269428
            ],
            [
              -73.33593736251463,
              42.300022354015255
            ],
            [
              -73.33595461641966,
              42.30002727080647
            ],
            [
              -73.33594799326606,
              42.30004007948549
            ]
          ]
        ]
      },
      "properties": {
        "gardenId": "berkshire-botanical-garden",
        "featureType": "bed",
        "featureId": "bbg-edible-grid-r3-c4",
        "name": "Edible Gardens · row 3, bed 4",
        "localGeometry": {
          "type": "Polygon",
          "coordinates": [
            [
              [
                2103.743625691443,
                -2400.758451281275
              ],
              [
                2159.758451281275,
                -2379.256374308557
              ],
              [
                2138.256374308557,
                -2323.241548718725
              ],
              [
                2082.241548718725,
                -2344.743625691443
              ],
              [
                2103.743625691443,
                -2400.758451281275
              ]
            ]
          ]
        },
        "localUnit": "inch",
        "rotationDegrees": 21,
        "source": null,
        "confidence": "low",
        "featureStatus": "aerial-grid-estimate",
        "geometryBasis": "regular-grid interpolation from six raster center controls; generalized dimensions and rotation",
        "geometryEdit": null,
        "surveyStatus": "not-surveyed",
        "boundaryPolicy": null,
        "taxonStatus": "unassigned; no crop observation",
        "identificationStatus": "regularized grid cell; polygon boundary unverified; crop unassigned",
        "collection": "beds",
        "kind": "bed",
        "plantId": null,
        "observationType": null,
        "geometryRepresentation": null,
        "canopyClass": null,
        "crownWidthFeet": null,
        "crownDepthFeet": null,
        "crownDiameterFeet": null,
        "crownRadiusEastWestFeet": null,
        "crownRadiusNorthSouthFeet": null,
        "crownMeasurementMethod": null,
        "crownConfidence": null,
        "heightEstimateFeet": null,
        "heightEstimateRangeFeet": null,
        "heightEstimateMethod": null,
        "heightConfidence": null,
        "sourcePixel": null,
        "sourceMapNumber": null,
        "digitizationRasterId": "massgis-2025-south-campus-wide-z20",
        "imageryId": "massgis-2025",
        "imageryZoom": 20,
        "imageryTileOrigin": [
          310677,
          388066
        ],
        "networkId": null,
        "parcelId": "bbg-parcel-215-1",
        "topologyNodeIds": [],
        "corridorWidthFeet": null,
        "parentId": "bbg-edible-north-subplot",
        "sectionId": "bbg-edible-gardens-section",
        "subplotId": "bbg-edible-north-subplot",
        "gridCellId": "bbg-grid-estimate-edible-r03-c04",
        "centerControlId": null,
        "boundaryConfidence": "low",
        "observedFootprintId": null,
        "snappedToFeatureId": null,
        "plantingAssignment": null,
        "cropTaxon": null,
        "sourceReferences": [
          {
            "sourceId": "source:bbg-visitor-map",
            "locator": "numbered landmark 8",
            "mapNumber": 8,
            "label": "Edible Gardens",
            "role": "regularized bed-grid cell within the named garden area",
            "confidence": "low"
          }
        ],
        "provenance": {
          "sourceId": "massgis-aerial-2025",
          "sourceFeatureId": "bbg-grid-estimate-edible-r03-c04",
          "geometryMethod": "regular-grid interpolation from six raster center controls; generalized dimensions and rotation",
          "semanticMethod": "aerial-visible row/column identity only; cell boundary unverified; legacy demo crop assignments intentionally excluded",
          "sourceReferences": [
            {
              "sourceId": "source:bbg-visitor-map",
              "locator": "numbered landmark 8",
              "mapNumber": 8,
              "label": "Edible Gardens",
              "role": "regularized bed-grid cell within the named garden area",
              "confidence": "low"
            }
          ],
          "confidence": "low",
          "surveyStatus": "not-surveyed",
          "imageryId": "massgis-2025",
          "imageryZoom": 20,
          "digitizationRasterId": "massgis-2025-south-campus-wide-z20",
          "parcelAssignmentMethod": "representative point within canonical parcel polygon",
          "representativePoint": [
            -73.3359406375093,
            42.30003516269328
          ],
          "currentnessCaveat": "Orthophoto interpretation is not surveyed geometry; verify against current imagery or field measurements before construction.",
          "planningDataPolicy": "crop proposals and legacy demo names belong to browser workspaces, not the shared grid-estimate inventory"
        },
        "notes": "Unassigned aerial-visible grid cell estimate. Its center is interpolated from the six retained grid controls; dimensions, rotation, and every polygon edge remain generalized and unverified.",
        "zone": "Edible Gardens · regularized grid estimate",
        "layer": "beds",
        "sourceFeatureId": "bbg-grid-estimate-edible-r03-c04",
        "widthInches": 60,
        "depthInches": 60,
        "row": 3,
        "column": 4,
        "status": "aerial-grid-estimate",
        "editable": true
      }
    },
    {
      "type": "Feature",
      "id": "bbg-edible-east-3",
      "geometry": {
        "type": "Polygon",
        "coordinates": [
          [
            [
              -73.33591780692387,
              42.3000313901823
            ],
            [
              -73.33590055301885,
              42.30002647339108
            ],
            [
              -73.33590717617244,
              42.300013664712054
            ],
            [
              -73.33592443007747,
              42.300018581503274
            ],
            [
              -73.33591780692387,
              42.3000313901823
            ]
          ]
        ]
      },
      "properties": {
        "gardenId": "berkshire-botanical-garden",
        "featureType": "bed",
        "featureId": "bbg-edible-east-3",
        "name": "Edible Gardens · row 3, bed 5",
        "localGeometry": {
          "type": "Polygon",
          "coordinates": [
            [
              [
                2201.743625691443,
                -2362.758451281275
              ],
              [
                2257.758451281275,
                -2341.256374308557
              ],
              [
                2236.256374308557,
                -2285.241548718725
              ],
              [
                2180.241548718725,
                -2306.743625691443
              ],
              [
                2201.743625691443,
                -2362.758451281275
              ]
            ]
          ]
        },
        "localUnit": "inch",
        "rotationDegrees": 21,
        "source": null,
        "confidence": "low",
        "featureStatus": "aerial-grid-estimate",
        "geometryBasis": "regular-grid interpolation from six raster center controls; generalized dimensions and rotation",
        "geometryEdit": null,
        "surveyStatus": "not-surveyed",
        "boundaryPolicy": null,
        "taxonStatus": "unassigned; no crop observation",
        "identificationStatus": "regularized grid cell; polygon boundary unverified; crop unassigned",
        "collection": "beds",
        "kind": "bed",
        "plantId": null,
        "observationType": null,
        "geometryRepresentation": null,
        "canopyClass": null,
        "crownWidthFeet": null,
        "crownDepthFeet": null,
        "crownDiameterFeet": null,
        "crownRadiusEastWestFeet": null,
        "crownRadiusNorthSouthFeet": null,
        "crownMeasurementMethod": null,
        "crownConfidence": null,
        "heightEstimateFeet": null,
        "heightEstimateRangeFeet": null,
        "heightEstimateMethod": null,
        "heightConfidence": null,
        "sourcePixel": null,
        "sourceMapNumber": null,
        "digitizationRasterId": "massgis-2025-south-campus-wide-z20",
        "imageryId": "massgis-2025",
        "imageryZoom": 20,
        "imageryTileOrigin": [
          310677,
          388066
        ],
        "networkId": null,
        "parcelId": "bbg-parcel-215-1",
        "topologyNodeIds": [],
        "corridorWidthFeet": null,
        "parentId": "bbg-edible-north-subplot",
        "sectionId": "bbg-edible-gardens-section",
        "subplotId": "bbg-edible-north-subplot",
        "gridCellId": "bbg-grid-estimate-edible-r03-c05",
        "centerControlId": null,
        "boundaryConfidence": "low",
        "observedFootprintId": null,
        "snappedToFeatureId": "bbg-grid-estimate-edible-r03-c05",
        "plantingAssignment": null,
        "cropTaxon": null,
        "sourceReferences": [
          {
            "sourceId": "source:bbg-visitor-map",
            "locator": "numbered landmark 8",
            "mapNumber": 8,
            "label": "Edible Gardens",
            "role": "regularized bed-grid cell within the named garden area",
            "confidence": "low"
          }
        ],
        "provenance": {
          "sourceId": "massgis-aerial-2025",
          "sourceFeatureId": "bbg-grid-estimate-edible-r03-c05",
          "geometryMethod": "regular-grid interpolation from six raster center controls; generalized dimensions and rotation",
          "semanticMethod": "aerial-visible row/column identity only; cell boundary unverified; legacy demo crop assignments intentionally excluded",
          "sourceReferences": [
            {
              "sourceId": "source:bbg-visitor-map",
              "locator": "numbered landmark 8",
              "mapNumber": 8,
              "label": "Edible Gardens",
              "role": "regularized bed-grid cell within the named garden area",
              "confidence": "low"
            }
          ],
          "confidence": "low",
          "surveyStatus": "not-surveyed",
          "imageryId": "massgis-2025",
          "imageryZoom": 20,
          "digitizationRasterId": "massgis-2025-south-campus-wide-z20",
          "parcelAssignmentMethod": "representative point within canonical parcel polygon",
          "representativePoint": [
            -73.33591249154816,
            42.300022527447176
          ],
          "currentnessCaveat": "Orthophoto interpretation is not surveyed geometry; verify against current imagery or field measurements before construction.",
          "planningDataPolicy": "crop proposals and legacy demo names belong to browser workspaces, not the shared grid-estimate inventory"
        },
        "notes": "Planning assignment on an aerial-visible grid cell estimate. Its center is interpolated from the six retained grid controls; dimensions, rotation, and every polygon edge remain generalized and unverified.",
        "zone": "Edible Gardens · regularized grid estimate",
        "layer": "beds",
        "sourceFeatureId": "bbg-grid-estimate-edible-r03-c05",
        "widthInches": 60,
        "depthInches": 60,
        "row": 3,
        "column": 5,
        "status": "aerial-grid-estimate",
        "editable": true
      }
    },
    {
      "type": "Feature",
      "id": "bbg-edible-grid-r4-c1",
      "geometry": {
        "type": "Polygon",
        "coordinates": [
          [
            [
              -73.33606596641971,
              42.300048768788685
            ],
            [
              -73.33604871251468,
              42.30004385199747
            ],
            [
              -73.33605533566828,
              42.30003104331845
            ],
            [
              -73.3360725895733,
              42.30003596010966
            ],
            [
              -73.33606596641971,
              42.300048768788685
            ]
          ]
        ]
      },
      "properties": {
        "gardenId": "berkshire-botanical-garden",
        "featureType": "bed",
        "featureId": "bbg-edible-grid-r4-c1",
        "name": "Edible Gardens · row 4, bed 1",
        "localGeometry": {
          "type": "Polygon",
          "coordinates": [
            [
              [
                1720.743625691443,
                -2438.758451281275
              ],
              [
                1776.758451281275,
                -2417.256374308557
              ],
              [
                1755.256374308557,
                -2361.241548718725
              ],
              [
                1699.241548718725,
                -2382.743625691443
              ],
              [
                1720.743625691443,
                -2438.758451281275
              ]
            ]
          ]
        },
        "localUnit": "inch",
        "rotationDegrees": 21,
        "source": null,
        "confidence": "low",
        "featureStatus": "aerial-grid-estimate",
        "geometryBasis": "regular-grid interpolation from six raster center controls; generalized dimensions and rotation",
        "geometryEdit": null,
        "surveyStatus": "not-surveyed",
        "boundaryPolicy": null,
        "taxonStatus": "unassigned; no crop observation",
        "identificationStatus": "regularized grid cell; polygon boundary unverified; crop unassigned",
        "collection": "beds",
        "kind": "bed",
        "plantId": null,
        "observationType": null,
        "geometryRepresentation": null,
        "canopyClass": null,
        "crownWidthFeet": null,
        "crownDepthFeet": null,
        "crownDiameterFeet": null,
        "crownRadiusEastWestFeet": null,
        "crownRadiusNorthSouthFeet": null,
        "crownMeasurementMethod": null,
        "crownConfidence": null,
        "heightEstimateFeet": null,
        "heightEstimateRangeFeet": null,
        "heightEstimateMethod": null,
        "heightConfidence": null,
        "sourcePixel": null,
        "sourceMapNumber": null,
        "digitizationRasterId": "massgis-2025-south-campus-wide-z20",
        "imageryId": "massgis-2025",
        "imageryZoom": 20,
        "imageryTileOrigin": [
          310677,
          388066
        ],
        "networkId": null,
        "parcelId": "bbg-parcel-215-1",
        "topologyNodeIds": [],
        "corridorWidthFeet": null,
        "parentId": "bbg-edible-south-subplot",
        "sectionId": "bbg-edible-gardens-section",
        "subplotId": "bbg-edible-south-subplot",
        "gridCellId": "bbg-grid-estimate-edible-r04-c01",
        "centerControlId": null,
        "boundaryConfidence": "low",
        "observedFootprintId": null,
        "snappedToFeatureId": null,
        "plantingAssignment": null,
        "cropTaxon": null,
        "sourceReferences": [
          {
            "sourceId": "source:bbg-visitor-map",
            "locator": "numbered landmark 8",
            "mapNumber": 8,
            "label": "Edible Gardens",
            "role": "regularized bed-grid cell within the named garden area",
            "confidence": "low"
          }
        ],
        "provenance": {
          "sourceId": "massgis-aerial-2025",
          "sourceFeatureId": "bbg-grid-estimate-edible-r04-c01",
          "geometryMethod": "regular-grid interpolation from six raster center controls; generalized dimensions and rotation",
          "semanticMethod": "aerial-visible row/column identity only; cell boundary unverified; legacy demo crop assignments intentionally excluded",
          "sourceReferences": [
            {
              "sourceId": "source:bbg-visitor-map",
              "locator": "numbered landmark 8",
              "mapNumber": 8,
              "label": "Edible Gardens",
              "role": "regularized bed-grid cell within the named garden area",
              "confidence": "low"
            }
          ],
          "confidence": "low",
          "surveyStatus": "not-surveyed",
          "imageryId": "massgis-2025",
          "imageryZoom": 20,
          "digitizationRasterId": "massgis-2025-south-campus-wide-z20",
          "parcelAssignmentMethod": "representative point within canonical parcel polygon",
          "representativePoint": [
            -73.33605861066295,
            42.30004385199647
          ],
          "currentnessCaveat": "Orthophoto interpretation is not surveyed geometry; verify against current imagery or field measurements before construction.",
          "planningDataPolicy": "crop proposals and legacy demo names belong to browser workspaces, not the shared grid-estimate inventory"
        },
        "notes": "Unassigned aerial-visible grid cell estimate. Its center is interpolated from the six retained grid controls; dimensions, rotation, and every polygon edge remain generalized and unverified.",
        "zone": "Edible Gardens · regularized grid estimate",
        "layer": "beds",
        "sourceFeatureId": "bbg-grid-estimate-edible-r04-c01",
        "widthInches": 60,
        "depthInches": 60,
        "row": 4,
        "column": 1,
        "status": "aerial-grid-estimate",
        "editable": true
      }
    },
    {
      "type": "Feature",
      "id": "bbg-edible-grid-r4-c2",
      "geometry": {
        "type": "Polygon",
        "coordinates": [
          [
            [
              -73.33603547205362,
              42.30004030815136
            ],
            [
              -73.3360182181486,
              42.30003539136015
            ],
            [
              -73.33602484130219,
              42.30002258268112
            ],
            [
              -73.33604209520722,
              42.300027499472336
            ],
            [
              -73.33603547205362,
              42.30004030815136
            ]
          ]
        ]
      },
      "properties": {
        "gardenId": "berkshire-botanical-garden",
        "featureType": "bed",
        "featureId": "bbg-edible-grid-r4-c2",
        "name": "Edible Gardens · row 4, bed 2",
        "localGeometry": {
          "type": "Polygon",
          "coordinates": [
            [
              [
                1819.743625691443,
                -2401.758451281275
              ],
              [
                1875.758451281275,
                -2380.256374308557
              ],
              [
                1854.256374308557,
                -2324.241548718725
              ],
              [
                1798.241548718725,
                -2345.743625691443
              ],
              [
                1819.743625691443,
                -2401.758451281275
              ]
            ]
          ]
        },
        "localUnit": "inch",
        "rotationDegrees": 21,
        "source": null,
        "confidence": "low",
        "featureStatus": "aerial-grid-estimate",
        "geometryBasis": "regular-grid interpolation from six raster center controls; generalized dimensions and rotation",
        "geometryEdit": null,
        "surveyStatus": "not-surveyed",
        "boundaryPolicy": null,
        "taxonStatus": "unassigned; no crop observation",
        "identificationStatus": "regularized grid cell; polygon boundary unverified; crop unassigned",
        "collection": "beds",
        "kind": "bed",
        "plantId": null,
        "observationType": null,
        "geometryRepresentation": null,
        "canopyClass": null,
        "crownWidthFeet": null,
        "crownDepthFeet": null,
        "crownDiameterFeet": null,
        "crownRadiusEastWestFeet": null,
        "crownRadiusNorthSouthFeet": null,
        "crownMeasurementMethod": null,
        "crownConfidence": null,
        "heightEstimateFeet": null,
        "heightEstimateRangeFeet": null,
        "heightEstimateMethod": null,
        "heightConfidence": null,
        "sourcePixel": null,
        "sourceMapNumber": null,
        "digitizationRasterId": "massgis-2025-south-campus-wide-z20",
        "imageryId": "massgis-2025",
        "imageryZoom": 20,
        "imageryTileOrigin": [
          310677,
          388066
        ],
        "networkId": null,
        "parcelId": "bbg-parcel-215-1",
        "topologyNodeIds": [],
        "corridorWidthFeet": null,
        "parentId": "bbg-edible-south-subplot",
        "sectionId": "bbg-edible-gardens-section",
        "subplotId": "bbg-edible-south-subplot",
        "gridCellId": "bbg-grid-estimate-edible-r04-c02",
        "centerControlId": null,
        "boundaryConfidence": "low",
        "observedFootprintId": null,
        "snappedToFeatureId": null,
        "plantingAssignment": null,
        "cropTaxon": null,
        "sourceReferences": [
          {
            "sourceId": "source:bbg-visitor-map",
            "locator": "numbered landmark 8",
            "mapNumber": 8,
            "label": "Edible Gardens",
            "role": "regularized bed-grid cell within the named garden area",
            "confidence": "low"
          }
        ],
        "provenance": {
          "sourceId": "massgis-aerial-2025",
          "sourceFeatureId": "bbg-grid-estimate-edible-r04-c02",
          "geometryMethod": "regular-grid interpolation from six raster center controls; generalized dimensions and rotation",
          "semanticMethod": "aerial-visible row/column identity only; cell boundary unverified; legacy demo crop assignments intentionally excluded",
          "sourceReferences": [
            {
              "sourceId": "source:bbg-visitor-map",
              "locator": "numbered landmark 8",
              "mapNumber": 8,
              "label": "Edible Gardens",
              "role": "regularized bed-grid cell within the named garden area",
              "confidence": "low"
            }
          ],
          "confidence": "low",
          "surveyStatus": "not-surveyed",
          "imageryId": "massgis-2025",
          "imageryZoom": 20,
          "digitizationRasterId": "massgis-2025-south-campus-wide-z20",
          "parcelAssignmentMethod": "representative point within canonical parcel polygon",
          "representativePoint": [
            -73.33602811629686,
            42.300035391359145
          ],
          "currentnessCaveat": "Orthophoto interpretation is not surveyed geometry; verify against current imagery or field measurements before construction.",
          "planningDataPolicy": "crop proposals and legacy demo names belong to browser workspaces, not the shared grid-estimate inventory"
        },
        "notes": "Unassigned aerial-visible grid cell estimate. Its center is interpolated from the six retained grid controls; dimensions, rotation, and every polygon edge remain generalized and unverified.",
        "zone": "Edible Gardens · regularized grid estimate",
        "layer": "beds",
        "sourceFeatureId": "bbg-grid-estimate-edible-r04-c02",
        "widthInches": 60,
        "depthInches": 60,
        "row": 4,
        "column": 2,
        "status": "aerial-grid-estimate",
        "editable": true
      }
    },
    {
      "type": "Feature",
      "id": "bbg-edible-grid-r4-c3",
      "geometry": {
        "type": "Polygon",
        "coordinates": [
          [
            [
              -73.33600528571144,
              42.300031618848166
            ],
            [
              -73.33598803180641,
              42.300026702056954
            ],
            [
              -73.33599465496,
              42.30001389337793
            ],
            [
              -73.33601190886503,
              42.30001881016914
            ],
            [
              -73.33600528571144,
              42.300031618848166
            ]
          ]
        ]
      },
      "properties": {
        "gardenId": "berkshire-botanical-garden",
        "featureType": "bed",
        "featureId": "bbg-edible-grid-r4-c3",
        "name": "Edible Gardens · row 4, bed 3",
        "localGeometry": {
          "type": "Polygon",
          "coordinates": [
            [
              [
                1917.743625691443,
                -2363.758451281275
              ],
              [
                1973.758451281275,
                -2342.256374308557
              ],
              [
                1952.256374308557,
                -2286.241548718725
              ],
              [
                1896.241548718725,
                -2307.743625691443
              ],
              [
                1917.743625691443,
                -2363.758451281275
              ]
            ]
          ]
        },
        "localUnit": "inch",
        "rotationDegrees": 21,
        "source": null,
        "confidence": "low",
        "featureStatus": "aerial-grid-estimate",
        "geometryBasis": "regular-grid interpolation from six raster center controls; generalized dimensions and rotation",
        "geometryEdit": null,
        "surveyStatus": "not-surveyed",
        "boundaryPolicy": null,
        "taxonStatus": "unassigned; no crop observation",
        "identificationStatus": "regularized grid cell; polygon boundary unverified; crop unassigned",
        "collection": "beds",
        "kind": "bed",
        "plantId": null,
        "observationType": null,
        "geometryRepresentation": null,
        "canopyClass": null,
        "crownWidthFeet": null,
        "crownDepthFeet": null,
        "crownDiameterFeet": null,
        "crownRadiusEastWestFeet": null,
        "crownRadiusNorthSouthFeet": null,
        "crownMeasurementMethod": null,
        "crownConfidence": null,
        "heightEstimateFeet": null,
        "heightEstimateRangeFeet": null,
        "heightEstimateMethod": null,
        "heightConfidence": null,
        "sourcePixel": null,
        "sourceMapNumber": null,
        "digitizationRasterId": "massgis-2025-south-campus-wide-z20",
        "imageryId": "massgis-2025",
        "imageryZoom": 20,
        "imageryTileOrigin": [
          310677,
          388066
        ],
        "networkId": null,
        "parcelId": "bbg-parcel-215-1",
        "topologyNodeIds": [],
        "corridorWidthFeet": null,
        "parentId": "bbg-edible-south-subplot",
        "sectionId": "bbg-edible-gardens-section",
        "subplotId": "bbg-edible-south-subplot",
        "gridCellId": "bbg-grid-estimate-edible-r04-c03",
        "centerControlId": null,
        "boundaryConfidence": "low",
        "observedFootprintId": null,
        "snappedToFeatureId": null,
        "plantingAssignment": null,
        "cropTaxon": null,
        "sourceReferences": [
          {
            "sourceId": "source:bbg-visitor-map",
            "locator": "numbered landmark 8",
            "mapNumber": 8,
            "label": "Edible Gardens",
            "role": "regularized bed-grid cell within the named garden area",
            "confidence": "low"
          }
        ],
        "provenance": {
          "sourceId": "massgis-aerial-2025",
          "sourceFeatureId": "bbg-grid-estimate-edible-r04-c03",
          "geometryMethod": "regular-grid interpolation from six raster center controls; generalized dimensions and rotation",
          "semanticMethod": "aerial-visible row/column identity only; cell boundary unverified; legacy demo crop assignments intentionally excluded",
          "sourceReferences": [
            {
              "sourceId": "source:bbg-visitor-map",
              "locator": "numbered landmark 8",
              "mapNumber": 8,
              "label": "Edible Gardens",
              "role": "regularized bed-grid cell within the named garden area",
              "confidence": "low"
            }
          ],
          "confidence": "low",
          "surveyStatus": "not-surveyed",
          "imageryId": "massgis-2025",
          "imageryZoom": 20,
          "digitizationRasterId": "massgis-2025-south-campus-wide-z20",
          "parcelAssignmentMethod": "representative point within canonical parcel polygon",
          "representativePoint": [
            -73.33599792995467,
            42.30002670205595
          ],
          "currentnessCaveat": "Orthophoto interpretation is not surveyed geometry; verify against current imagery or field measurements before construction.",
          "planningDataPolicy": "crop proposals and legacy demo names belong to browser workspaces, not the shared grid-estimate inventory"
        },
        "notes": "Unassigned aerial-visible grid cell estimate. Its center is interpolated from the six retained grid controls; dimensions, rotation, and every polygon edge remain generalized and unverified.",
        "zone": "Edible Gardens · regularized grid estimate",
        "layer": "beds",
        "sourceFeatureId": "bbg-grid-estimate-edible-r04-c03",
        "widthInches": 60,
        "depthInches": 60,
        "row": 4,
        "column": 3,
        "status": "aerial-grid-estimate",
        "editable": true
      }
    },
    {
      "type": "Feature",
      "id": "bbg-edible-grid-r4-c4",
      "geometry": {
        "type": "Polygon",
        "coordinates": [
          [
            [
              -73.33597509936925,
              42.30002315821085
            ],
            [
              -73.33595784546422,
              42.300018241419636
            ],
            [
              -73.33596446861782,
              42.30000543274061
            ],
            [
              -73.33598172252285,
              42.300010349531824
            ],
            [
              -73.33597509936925,
              42.30002315821085
            ]
          ]
        ]
      },
      "properties": {
        "gardenId": "berkshire-botanical-garden",
        "featureType": "bed",
        "featureId": "bbg-edible-grid-r4-c4",
        "name": "Edible Gardens · row 4, bed 4",
        "localGeometry": {
          "type": "Polygon",
          "coordinates": [
            [
              [
                2015.743625691443,
                -2326.758451281275
              ],
              [
                2071.758451281275,
                -2305.256374308557
              ],
              [
                2050.256374308557,
                -2249.241548718725
              ],
              [
                1994.241548718725,
                -2270.743625691443
              ],
              [
                2015.743625691443,
                -2326.758451281275
              ]
            ]
          ]
        },
        "localUnit": "inch",
        "rotationDegrees": 21,
        "source": null,
        "confidence": "low",
        "featureStatus": "aerial-grid-estimate",
        "geometryBasis": "regular-grid interpolation from six raster center controls; generalized dimensions and rotation",
        "geometryEdit": null,
        "surveyStatus": "not-surveyed",
        "boundaryPolicy": null,
        "taxonStatus": "unassigned; no crop observation",
        "identificationStatus": "regularized grid cell; polygon boundary unverified; crop unassigned",
        "collection": "beds",
        "kind": "bed",
        "plantId": null,
        "observationType": null,
        "geometryRepresentation": null,
        "canopyClass": null,
        "crownWidthFeet": null,
        "crownDepthFeet": null,
        "crownDiameterFeet": null,
        "crownRadiusEastWestFeet": null,
        "crownRadiusNorthSouthFeet": null,
        "crownMeasurementMethod": null,
        "crownConfidence": null,
        "heightEstimateFeet": null,
        "heightEstimateRangeFeet": null,
        "heightEstimateMethod": null,
        "heightConfidence": null,
        "sourcePixel": null,
        "sourceMapNumber": null,
        "digitizationRasterId": "massgis-2025-south-campus-wide-z20",
        "imageryId": "massgis-2025",
        "imageryZoom": 20,
        "imageryTileOrigin": [
          310677,
          388066
        ],
        "networkId": null,
        "parcelId": "bbg-parcel-215-1",
        "topologyNodeIds": [],
        "corridorWidthFeet": null,
        "parentId": "bbg-edible-south-subplot",
        "sectionId": "bbg-edible-gardens-section",
        "subplotId": "bbg-edible-south-subplot",
        "gridCellId": "bbg-grid-estimate-edible-r04-c04",
        "centerControlId": null,
        "boundaryConfidence": "low",
        "observedFootprintId": null,
        "snappedToFeatureId": null,
        "plantingAssignment": null,
        "cropTaxon": null,
        "sourceReferences": [
          {
            "sourceId": "source:bbg-visitor-map",
            "locator": "numbered landmark 8",
            "mapNumber": 8,
            "label": "Edible Gardens",
            "role": "regularized bed-grid cell within the named garden area",
            "confidence": "low"
          }
        ],
        "provenance": {
          "sourceId": "massgis-aerial-2025",
          "sourceFeatureId": "bbg-grid-estimate-edible-r04-c04",
          "geometryMethod": "regular-grid interpolation from six raster center controls; generalized dimensions and rotation",
          "semanticMethod": "aerial-visible row/column identity only; cell boundary unverified; legacy demo crop assignments intentionally excluded",
          "sourceReferences": [
            {
              "sourceId": "source:bbg-visitor-map",
              "locator": "numbered landmark 8",
              "mapNumber": 8,
              "label": "Edible Gardens",
              "role": "regularized bed-grid cell within the named garden area",
              "confidence": "low"
            }
          ],
          "confidence": "low",
          "surveyStatus": "not-surveyed",
          "imageryId": "massgis-2025",
          "imageryZoom": 20,
          "digitizationRasterId": "massgis-2025-south-campus-wide-z20",
          "parcelAssignmentMethod": "representative point within canonical parcel polygon",
          "representativePoint": [
            -73.33596774361249,
            42.300018241418634
          ],
          "currentnessCaveat": "Orthophoto interpretation is not surveyed geometry; verify against current imagery or field measurements before construction.",
          "planningDataPolicy": "crop proposals and legacy demo names belong to browser workspaces, not the shared grid-estimate inventory"
        },
        "notes": "Unassigned aerial-visible grid cell estimate. Its center is interpolated from the six retained grid controls; dimensions, rotation, and every polygon edge remain generalized and unverified.",
        "zone": "Edible Gardens · regularized grid estimate",
        "layer": "beds",
        "sourceFeatureId": "bbg-grid-estimate-edible-r04-c04",
        "widthInches": 60,
        "depthInches": 60,
        "row": 4,
        "column": 4,
        "status": "aerial-grid-estimate",
        "editable": true
      }
    },
    {
      "type": "Feature",
      "id": "bbg-edible-east-4",
      "geometry": {
        "type": "Polygon",
        "coordinates": [
          [
            [
              -73.33594460500316,
              42.30001469757353
            ],
            [
              -73.33592735109814,
              42.30000978078231
            ],
            [
              -73.33593397425173,
              42.29999697210329
            ],
            [
              -73.33595122815676,
              42.3000018888945
            ],
            [
              -73.33594460500316,
              42.30001469757353
            ]
          ]
        ]
      },
      "properties": {
        "gardenId": "berkshire-botanical-garden",
        "featureType": "bed",
        "featureId": "bbg-edible-east-4",
        "name": "Edible Gardens · row 4, bed 5",
        "localGeometry": {
          "type": "Polygon",
          "coordinates": [
            [
              [
                2114.743625691443,
                -2289.758451281275
              ],
              [
                2170.758451281275,
                -2268.256374308557
              ],
              [
                2149.256374308557,
                -2212.241548718725
              ],
              [
                2093.241548718725,
                -2233.743625691443
              ],
              [
                2114.743625691443,
                -2289.758451281275
              ]
            ]
          ]
        },
        "localUnit": "inch",
        "rotationDegrees": 21,
        "source": null,
        "confidence": "medium",
        "featureStatus": "aerial-grid-estimate",
        "geometryBasis": "regular-grid interpolation from six raster center controls; generalized dimensions and rotation",
        "geometryEdit": null,
        "surveyStatus": "not-surveyed",
        "boundaryPolicy": null,
        "taxonStatus": "unassigned; no crop observation",
        "identificationStatus": "regularized grid cell; polygon boundary unverified; crop unassigned",
        "collection": "beds",
        "kind": "bed",
        "plantId": null,
        "observationType": null,
        "geometryRepresentation": null,
        "canopyClass": null,
        "crownWidthFeet": null,
        "crownDepthFeet": null,
        "crownDiameterFeet": null,
        "crownRadiusEastWestFeet": null,
        "crownRadiusNorthSouthFeet": null,
        "crownMeasurementMethod": null,
        "crownConfidence": null,
        "heightEstimateFeet": null,
        "heightEstimateRangeFeet": null,
        "heightEstimateMethod": null,
        "heightConfidence": null,
        "sourcePixel": null,
        "sourceMapNumber": null,
        "digitizationRasterId": "massgis-2025-south-campus-wide-z20",
        "imageryId": "massgis-2025",
        "imageryZoom": 20,
        "imageryTileOrigin": [
          310677,
          388066
        ],
        "networkId": null,
        "parcelId": "bbg-parcel-215-1",
        "topologyNodeIds": [],
        "corridorWidthFeet": null,
        "parentId": "bbg-edible-south-subplot",
        "sectionId": "bbg-edible-gardens-section",
        "subplotId": "bbg-edible-south-subplot",
        "gridCellId": "bbg-grid-estimate-edible-r04-c05",
        "centerControlId": "edible-grid-southeast-cell",
        "boundaryConfidence": "low",
        "observedFootprintId": null,
        "snappedToFeatureId": "bbg-grid-estimate-edible-r04-c05",
        "plantingAssignment": null,
        "cropTaxon": null,
        "sourceReferences": [
          {
            "sourceId": "source:bbg-visitor-map",
            "locator": "numbered landmark 8",
            "mapNumber": 8,
            "label": "Edible Gardens",
            "role": "regularized bed-grid cell within the named garden area",
            "confidence": "medium"
          }
        ],
        "provenance": {
          "sourceId": "massgis-aerial-2025",
          "sourceFeatureId": "bbg-grid-estimate-edible-r04-c05",
          "geometryMethod": "regular-grid interpolation from six raster center controls; generalized dimensions and rotation",
          "semanticMethod": "aerial-visible row/column identity only; cell boundary unverified; legacy demo crop assignments intentionally excluded",
          "sourceReferences": [
            {
              "sourceId": "source:bbg-visitor-map",
              "locator": "numbered landmark 8",
              "mapNumber": 8,
              "label": "Edible Gardens",
              "role": "regularized bed-grid cell within the named garden area",
              "confidence": "medium"
            }
          ],
          "confidence": "medium",
          "surveyStatus": "not-surveyed",
          "imageryId": "massgis-2025",
          "imageryZoom": 20,
          "digitizationRasterId": "massgis-2025-south-campus-wide-z20",
          "parcelAssignmentMethod": "representative point within canonical parcel polygon",
          "representativePoint": [
            -73.3359372492464,
            42.30000978078131
          ],
          "currentnessCaveat": "Orthophoto interpretation is not surveyed geometry; verify against current imagery or field measurements before construction.",
          "planningDataPolicy": "crop proposals and legacy demo names belong to browser workspaces, not the shared grid-estimate inventory"
        },
        "notes": "Planning assignment on an aerial-visible grid cell estimate. Its center is tied to raster control edible-grid-southeast-cell; dimensions, rotation, and every polygon edge remain generalized and unverified.",
        "zone": "Edible Gardens · regularized grid estimate",
        "layer": "beds",
        "sourceFeatureId": "bbg-grid-estimate-edible-r04-c05",
        "widthInches": 60,
        "depthInches": 60,
        "row": 4,
        "column": 5,
        "status": "aerial-grid-estimate",
        "editable": true
      }
    },
    {
      "type": "Feature",
      "id": "bbg-edible-grid-r5-c1",
      "geometry": {
        "type": "Polygon",
        "coordinates": [
          [
            [
              -73.33609307252289,
              42.30003184751404
            ],
            [
              -73.33607581861786,
              42.30002693072283
            ],
            [
              -73.33608244177147,
              42.300014122043805
            ],
            [
              -73.3360996956765,
              42.30001903883502
            ],
            [
              -73.33609307252289,
              42.30003184751404
            ]
          ]
        ]
      },
      "properties": {
        "gardenId": "berkshire-botanical-garden",
        "featureType": "bed",
        "featureId": "bbg-edible-grid-r5-c1",
        "name": "Edible Gardens · row 5, bed 1",
        "localGeometry": {
          "type": "Polygon",
          "coordinates": [
            [
              [
                1632.743625691443,
                -2364.758451281275
              ],
              [
                1688.758451281275,
                -2343.256374308557
              ],
              [
                1667.256374308557,
                -2287.241548718725
              ],
              [
                1611.241548718725,
                -2308.743625691443
              ],
              [
                1632.743625691443,
                -2364.758451281275
              ]
            ]
          ]
        },
        "localUnit": "inch",
        "rotationDegrees": 21,
        "source": null,
        "confidence": "low",
        "featureStatus": "aerial-grid-estimate",
        "geometryBasis": "regular-grid interpolation from six raster center controls; generalized dimensions and rotation",
        "geometryEdit": null,
        "surveyStatus": "not-surveyed",
        "boundaryPolicy": null,
        "taxonStatus": "unassigned; no crop observation",
        "identificationStatus": "regularized grid cell; polygon boundary unverified; crop unassigned",
        "collection": "beds",
        "kind": "bed",
        "plantId": null,
        "observationType": null,
        "geometryRepresentation": null,
        "canopyClass": null,
        "crownWidthFeet": null,
        "crownDepthFeet": null,
        "crownDiameterFeet": null,
        "crownRadiusEastWestFeet": null,
        "crownRadiusNorthSouthFeet": null,
        "crownMeasurementMethod": null,
        "crownConfidence": null,
        "heightEstimateFeet": null,
        "heightEstimateRangeFeet": null,
        "heightEstimateMethod": null,
        "heightConfidence": null,
        "sourcePixel": null,
        "sourceMapNumber": null,
        "digitizationRasterId": "massgis-2025-south-campus-wide-z20",
        "imageryId": "massgis-2025",
        "imageryZoom": 20,
        "imageryTileOrigin": [
          310677,
          388066
        ],
        "networkId": null,
        "parcelId": "bbg-parcel-215-1",
        "topologyNodeIds": [],
        "corridorWidthFeet": null,
        "parentId": "bbg-edible-south-subplot",
        "sectionId": "bbg-edible-gardens-section",
        "subplotId": "bbg-edible-south-subplot",
        "gridCellId": "bbg-grid-estimate-edible-r05-c01",
        "centerControlId": null,
        "boundaryConfidence": "low",
        "observedFootprintId": null,
        "snappedToFeatureId": null,
        "plantingAssignment": null,
        "cropTaxon": null,
        "sourceReferences": [
          {
            "sourceId": "source:bbg-visitor-map",
            "locator": "numbered landmark 8",
            "mapNumber": 8,
            "label": "Edible Gardens",
            "role": "regularized bed-grid cell within the named garden area",
            "confidence": "low"
          }
        ],
        "provenance": {
          "sourceId": "massgis-aerial-2025",
          "sourceFeatureId": "bbg-grid-estimate-edible-r05-c01",
          "geometryMethod": "regular-grid interpolation from six raster center controls; generalized dimensions and rotation",
          "semanticMethod": "aerial-visible row/column identity only; cell boundary unverified; legacy demo crop assignments intentionally excluded",
          "sourceReferences": [
            {
              "sourceId": "source:bbg-visitor-map",
              "locator": "numbered landmark 8",
              "mapNumber": 8,
              "label": "Edible Gardens",
              "role": "regularized bed-grid cell within the named garden area",
              "confidence": "low"
            }
          ],
          "confidence": "low",
          "surveyStatus": "not-surveyed",
          "imageryId": "massgis-2025",
          "imageryZoom": 20,
          "digitizationRasterId": "massgis-2025-south-campus-wide-z20",
          "parcelAssignmentMethod": "representative point within canonical parcel polygon",
          "representativePoint": [
            -73.3360877571477,
            42.30002298477792
          ],
          "currentnessCaveat": "Orthophoto interpretation is not surveyed geometry; verify against current imagery or field measurements before construction.",
          "planningDataPolicy": "crop proposals and legacy demo names belong to browser workspaces, not the shared grid-estimate inventory"
        },
        "notes": "Unassigned aerial-visible grid cell estimate. Its center is interpolated from the six retained grid controls; dimensions, rotation, and every polygon edge remain generalized and unverified.",
        "zone": "Edible Gardens · regularized grid estimate",
        "layer": "beds",
        "sourceFeatureId": "bbg-grid-estimate-edible-r05-c01",
        "widthInches": 60,
        "depthInches": 60,
        "row": 5,
        "column": 1,
        "status": "aerial-grid-estimate",
        "editable": true
      }
    },
    {
      "type": "Feature",
      "id": "bbg-edible-grid-r5-c2",
      "geometry": {
        "type": "Polygon",
        "coordinates": [
          [
            [
              -73.3360625781568,
              42.300023386876724
            ],
            [
              -73.33604532425177,
              42.300018470085504
            ],
            [
              -73.33605194740538,
              42.30000566140648
            ],
            [
              -73.33606920131041,
              42.3000105781977
            ],
            [
              -73.3360625781568,
              42.300023386876724
            ]
          ]
        ]
      },
      "properties": {
        "gardenId": "berkshire-botanical-garden",
        "featureType": "bed",
        "featureId": "bbg-edible-grid-r5-c2",
        "name": "Edible Gardens · row 5, bed 2",
        "localGeometry": {
          "type": "Polygon",
          "coordinates": [
            [
              [
                1731.743625691443,
                -2327.758451281275
              ],
              [
                1787.758451281275,
                -2306.256374308557
              ],
              [
                1766.256374308557,
                -2250.241548718725
              ],
              [
                1710.241548718725,
                -2271.743625691443
              ],
              [
                1731.743625691443,
                -2327.758451281275
              ]
            ]
          ]
        },
        "localUnit": "inch",
        "rotationDegrees": 21,
        "source": null,
        "confidence": "low",
        "featureStatus": "aerial-grid-estimate",
        "geometryBasis": "regular-grid interpolation from six raster center controls; generalized dimensions and rotation",
        "geometryEdit": null,
        "surveyStatus": "not-surveyed",
        "boundaryPolicy": null,
        "taxonStatus": "unassigned; no crop observation",
        "identificationStatus": "regularized grid cell; polygon boundary unverified; crop unassigned",
        "collection": "beds",
        "kind": "bed",
        "plantId": null,
        "observationType": null,
        "geometryRepresentation": null,
        "canopyClass": null,
        "crownWidthFeet": null,
        "crownDepthFeet": null,
        "crownDiameterFeet": null,
        "crownRadiusEastWestFeet": null,
        "crownRadiusNorthSouthFeet": null,
        "crownMeasurementMethod": null,
        "crownConfidence": null,
        "heightEstimateFeet": null,
        "heightEstimateRangeFeet": null,
        "heightEstimateMethod": null,
        "heightConfidence": null,
        "sourcePixel": null,
        "sourceMapNumber": null,
        "digitizationRasterId": "massgis-2025-south-campus-wide-z20",
        "imageryId": "massgis-2025",
        "imageryZoom": 20,
        "imageryTileOrigin": [
          310677,
          388066
        ],
        "networkId": null,
        "parcelId": "bbg-parcel-215-1",
        "topologyNodeIds": [],
        "corridorWidthFeet": null,
        "parentId": "bbg-edible-south-subplot",
        "sectionId": "bbg-edible-gardens-section",
        "subplotId": "bbg-edible-south-subplot",
        "gridCellId": "bbg-grid-estimate-edible-r05-c02",
        "centerControlId": null,
        "boundaryConfidence": "low",
        "observedFootprintId": null,
        "snappedToFeatureId": null,
        "plantingAssignment": null,
        "cropTaxon": null,
        "sourceReferences": [
          {
            "sourceId": "source:bbg-visitor-map",
            "locator": "numbered landmark 8",
            "mapNumber": 8,
            "label": "Edible Gardens",
            "role": "regularized bed-grid cell within the named garden area",
            "confidence": "low"
          }
        ],
        "provenance": {
          "sourceId": "massgis-aerial-2025",
          "sourceFeatureId": "bbg-grid-estimate-edible-r05-c02",
          "geometryMethod": "regular-grid interpolation from six raster center controls; generalized dimensions and rotation",
          "semanticMethod": "aerial-visible row/column identity only; cell boundary unverified; legacy demo crop assignments intentionally excluded",
          "sourceReferences": [
            {
              "sourceId": "source:bbg-visitor-map",
              "locator": "numbered landmark 8",
              "mapNumber": 8,
              "label": "Edible Gardens",
              "role": "regularized bed-grid cell within the named garden area",
              "confidence": "low"
            }
          ],
          "confidence": "low",
          "surveyStatus": "not-surveyed",
          "imageryId": "massgis-2025",
          "imageryZoom": 20,
          "digitizationRasterId": "massgis-2025-south-campus-wide-z20",
          "parcelAssignmentMethod": "representative point within canonical parcel polygon",
          "representativePoint": [
            -73.33605726278161,
            42.3000145241406
          ],
          "currentnessCaveat": "Orthophoto interpretation is not surveyed geometry; verify against current imagery or field measurements before construction.",
          "planningDataPolicy": "crop proposals and legacy demo names belong to browser workspaces, not the shared grid-estimate inventory"
        },
        "notes": "Unassigned aerial-visible grid cell estimate. Its center is interpolated from the six retained grid controls; dimensions, rotation, and every polygon edge remain generalized and unverified.",
        "zone": "Edible Gardens · regularized grid estimate",
        "layer": "beds",
        "sourceFeatureId": "bbg-grid-estimate-edible-r05-c02",
        "widthInches": 60,
        "depthInches": 60,
        "row": 5,
        "column": 2,
        "status": "aerial-grid-estimate",
        "editable": true
      }
    },
    {
      "type": "Feature",
      "id": "bbg-edible-grid-r5-c3",
      "geometry": {
        "type": "Polygon",
        "coordinates": [
          [
            [
              -73.33603239181461,
              42.3000149262394
            ],
            [
              -73.33601513790958,
              42.30001000944819
            ],
            [
              -73.3360217610632,
              42.29999720076916
            ],
            [
              -73.33603901496822,
              42.300002117560375
            ],
            [
              -73.33603239181461,
              42.3000149262394
            ]
          ]
        ]
      },
      "properties": {
        "gardenId": "berkshire-botanical-garden",
        "featureType": "bed",
        "featureId": "bbg-edible-grid-r5-c3",
        "name": "Edible Gardens · row 5, bed 3",
        "localGeometry": {
          "type": "Polygon",
          "coordinates": [
            [
              [
                1829.743625691443,
                -2290.758451281275
              ],
              [
                1885.758451281275,
                -2269.256374308557
              ],
              [
                1864.256374308557,
                -2213.241548718725
              ],
              [
                1808.241548718725,
                -2234.743625691443
              ],
              [
                1829.743625691443,
                -2290.758451281275
              ]
            ]
          ]
        },
        "localUnit": "inch",
        "rotationDegrees": 21,
        "source": null,
        "confidence": "low",
        "featureStatus": "aerial-grid-estimate",
        "geometryBasis": "regular-grid interpolation from six raster center controls; generalized dimensions and rotation",
        "geometryEdit": null,
        "surveyStatus": "not-surveyed",
        "boundaryPolicy": null,
        "taxonStatus": "unassigned; no crop observation",
        "identificationStatus": "regularized grid cell; polygon boundary unverified; crop unassigned",
        "collection": "beds",
        "kind": "bed",
        "plantId": null,
        "observationType": null,
        "geometryRepresentation": null,
        "canopyClass": null,
        "crownWidthFeet": null,
        "crownDepthFeet": null,
        "crownDiameterFeet": null,
        "crownRadiusEastWestFeet": null,
        "crownRadiusNorthSouthFeet": null,
        "crownMeasurementMethod": null,
        "crownConfidence": null,
        "heightEstimateFeet": null,
        "heightEstimateRangeFeet": null,
        "heightEstimateMethod": null,
        "heightConfidence": null,
        "sourcePixel": null,
        "sourceMapNumber": null,
        "digitizationRasterId": "massgis-2025-south-campus-wide-z20",
        "imageryId": "massgis-2025",
        "imageryZoom": 20,
        "imageryTileOrigin": [
          310677,
          388066
        ],
        "networkId": null,
        "parcelId": "bbg-parcel-215-1",
        "topologyNodeIds": [],
        "corridorWidthFeet": null,
        "parentId": "bbg-edible-south-subplot",
        "sectionId": "bbg-edible-gardens-section",
        "subplotId": "bbg-edible-south-subplot",
        "gridCellId": "bbg-grid-estimate-edible-r05-c03",
        "centerControlId": null,
        "boundaryConfidence": "low",
        "observedFootprintId": null,
        "snappedToFeatureId": null,
        "plantingAssignment": null,
        "cropTaxon": null,
        "sourceReferences": [
          {
            "sourceId": "source:bbg-visitor-map",
            "locator": "numbered landmark 8",
            "mapNumber": 8,
            "label": "Edible Gardens",
            "role": "regularized bed-grid cell within the named garden area",
            "confidence": "low"
          }
        ],
        "provenance": {
          "sourceId": "massgis-aerial-2025",
          "sourceFeatureId": "bbg-grid-estimate-edible-r05-c03",
          "geometryMethod": "regular-grid interpolation from six raster center controls; generalized dimensions and rotation",
          "semanticMethod": "aerial-visible row/column identity only; cell boundary unverified; legacy demo crop assignments intentionally excluded",
          "sourceReferences": [
            {
              "sourceId": "source:bbg-visitor-map",
              "locator": "numbered landmark 8",
              "mapNumber": 8,
              "label": "Edible Gardens",
              "role": "regularized bed-grid cell within the named garden area",
              "confidence": "low"
            }
          ],
          "confidence": "low",
          "surveyStatus": "not-surveyed",
          "imageryId": "massgis-2025",
          "imageryZoom": 20,
          "digitizationRasterId": "massgis-2025-south-campus-wide-z20",
          "parcelAssignmentMethod": "representative point within canonical parcel polygon",
          "representativePoint": [
            -73.33602707643942,
            42.30000606350328
          ],
          "currentnessCaveat": "Orthophoto interpretation is not surveyed geometry; verify against current imagery or field measurements before construction.",
          "planningDataPolicy": "crop proposals and legacy demo names belong to browser workspaces, not the shared grid-estimate inventory"
        },
        "notes": "Unassigned aerial-visible grid cell estimate. Its center is interpolated from the six retained grid controls; dimensions, rotation, and every polygon edge remain generalized and unverified.",
        "zone": "Edible Gardens · regularized grid estimate",
        "layer": "beds",
        "sourceFeatureId": "bbg-grid-estimate-edible-r05-c03",
        "widthInches": 60,
        "depthInches": 60,
        "row": 5,
        "column": 3,
        "status": "aerial-grid-estimate",
        "editable": true
      }
    },
    {
      "type": "Feature",
      "id": "bbg-edible-grid-r5-c4",
      "geometry": {
        "type": "Polygon",
        "coordinates": [
          [
            [
              -73.33600189744853,
              42.300006236936206
            ],
            [
              -73.3359846435435,
              42.30000132014499
            ],
            [
              -73.3359912666971,
              42.29998851146597
            ],
            [
              -73.33600852060214,
              42.29999342825718
            ],
            [
              -73.33600189744853,
              42.300006236936206
            ]
          ]
        ]
      },
      "properties": {
        "gardenId": "berkshire-botanical-garden",
        "featureType": "bed",
        "featureId": "bbg-edible-grid-r5-c4",
        "name": "Edible Gardens · row 5, bed 4",
        "localGeometry": {
          "type": "Polygon",
          "coordinates": [
            [
              [
                1928.743625691443,
                -2252.758451281275
              ],
              [
                1984.758451281275,
                -2231.256374308557
              ],
              [
                1963.256374308557,
                -2175.241548718725
              ],
              [
                1907.241548718725,
                -2196.743625691443
              ],
              [
                1928.743625691443,
                -2252.758451281275
              ]
            ]
          ]
        },
        "localUnit": "inch",
        "rotationDegrees": 21,
        "source": null,
        "confidence": "low",
        "featureStatus": "aerial-grid-estimate",
        "geometryBasis": "regular-grid interpolation from six raster center controls; generalized dimensions and rotation",
        "geometryEdit": null,
        "surveyStatus": "not-surveyed",
        "boundaryPolicy": null,
        "taxonStatus": "unassigned; no crop observation",
        "identificationStatus": "regularized grid cell; polygon boundary unverified; crop unassigned",
        "collection": "beds",
        "kind": "bed",
        "plantId": null,
        "observationType": null,
        "geometryRepresentation": null,
        "canopyClass": null,
        "crownWidthFeet": null,
        "crownDepthFeet": null,
        "crownDiameterFeet": null,
        "crownRadiusEastWestFeet": null,
        "crownRadiusNorthSouthFeet": null,
        "crownMeasurementMethod": null,
        "crownConfidence": null,
        "heightEstimateFeet": null,
        "heightEstimateRangeFeet": null,
        "heightEstimateMethod": null,
        "heightConfidence": null,
        "sourcePixel": null,
        "sourceMapNumber": null,
        "digitizationRasterId": "massgis-2025-south-campus-wide-z20",
        "imageryId": "massgis-2025",
        "imageryZoom": 20,
        "imageryTileOrigin": [
          310677,
          388066
        ],
        "networkId": null,
        "parcelId": "bbg-parcel-215-1",
        "topologyNodeIds": [],
        "corridorWidthFeet": null,
        "parentId": "bbg-edible-south-subplot",
        "sectionId": "bbg-edible-gardens-section",
        "subplotId": "bbg-edible-south-subplot",
        "gridCellId": "bbg-grid-estimate-edible-r05-c04",
        "centerControlId": null,
        "boundaryConfidence": "low",
        "observedFootprintId": null,
        "snappedToFeatureId": null,
        "plantingAssignment": null,
        "cropTaxon": null,
        "sourceReferences": [
          {
            "sourceId": "source:bbg-visitor-map",
            "locator": "numbered landmark 8",
            "mapNumber": 8,
            "label": "Edible Gardens",
            "role": "regularized bed-grid cell within the named garden area",
            "confidence": "low"
          }
        ],
        "provenance": {
          "sourceId": "massgis-aerial-2025",
          "sourceFeatureId": "bbg-grid-estimate-edible-r05-c04",
          "geometryMethod": "regular-grid interpolation from six raster center controls; generalized dimensions and rotation",
          "semanticMethod": "aerial-visible row/column identity only; cell boundary unverified; legacy demo crop assignments intentionally excluded",
          "sourceReferences": [
            {
              "sourceId": "source:bbg-visitor-map",
              "locator": "numbered landmark 8",
              "mapNumber": 8,
              "label": "Edible Gardens",
              "role": "regularized bed-grid cell within the named garden area",
              "confidence": "low"
            }
          ],
          "confidence": "low",
          "surveyStatus": "not-surveyed",
          "imageryId": "massgis-2025",
          "imageryZoom": 20,
          "digitizationRasterId": "massgis-2025-south-campus-wide-z20",
          "parcelAssignmentMethod": "representative point within canonical parcel polygon",
          "representativePoint": [
            -73.33599658207334,
            42.29999737420008
          ],
          "currentnessCaveat": "Orthophoto interpretation is not surveyed geometry; verify against current imagery or field measurements before construction.",
          "planningDataPolicy": "crop proposals and legacy demo names belong to browser workspaces, not the shared grid-estimate inventory"
        },
        "notes": "Unassigned aerial-visible grid cell estimate. Its center is interpolated from the six retained grid controls; dimensions, rotation, and every polygon edge remain generalized and unverified.",
        "zone": "Edible Gardens · regularized grid estimate",
        "layer": "beds",
        "sourceFeatureId": "bbg-grid-estimate-edible-r05-c04",
        "widthInches": 60,
        "depthInches": 60,
        "row": 5,
        "column": 4,
        "status": "aerial-grid-estimate",
        "editable": true
      }
    },
    {
      "type": "Feature",
      "id": "bbg-edible-grid-r5-c5",
      "geometry": {
        "type": "Polygon",
        "coordinates": [
          [
            [
              -73.33597171110634,
              42.29999777629889
            ],
            [
              -73.33595445720131,
              42.299992859507675
            ],
            [
              -73.33596108035492,
              42.299980050828644
            ],
            [
              -73.33597833425995,
              42.299984967619864
            ],
            [
              -73.33597171110634,
              42.29999777629889
            ]
          ]
        ]
      },
      "properties": {
        "gardenId": "berkshire-botanical-garden",
        "featureType": "bed",
        "featureId": "bbg-edible-grid-r5-c5",
        "name": "Edible Gardens · row 5, bed 5",
        "localGeometry": {
          "type": "Polygon",
          "coordinates": [
            [
              [
                2026.743625691443,
                -2215.758451281275
              ],
              [
                2082.758451281275,
                -2194.256374308557
              ],
              [
                2061.256374308557,
                -2138.241548718725
              ],
              [
                2005.241548718725,
                -2159.743625691443
              ],
              [
                2026.743625691443,
                -2215.758451281275
              ]
            ]
          ]
        },
        "localUnit": "inch",
        "rotationDegrees": 21,
        "source": null,
        "confidence": "low",
        "featureStatus": "aerial-grid-estimate",
        "geometryBasis": "regular-grid interpolation from six raster center controls; generalized dimensions and rotation",
        "geometryEdit": null,
        "surveyStatus": "not-surveyed",
        "boundaryPolicy": null,
        "taxonStatus": "unassigned; no crop observation",
        "identificationStatus": "regularized grid cell; polygon boundary unverified; crop unassigned",
        "collection": "beds",
        "kind": "bed",
        "plantId": null,
        "observationType": null,
        "geometryRepresentation": null,
        "canopyClass": null,
        "crownWidthFeet": null,
        "crownDepthFeet": null,
        "crownDiameterFeet": null,
        "crownRadiusEastWestFeet": null,
        "crownRadiusNorthSouthFeet": null,
        "crownMeasurementMethod": null,
        "crownConfidence": null,
        "heightEstimateFeet": null,
        "heightEstimateRangeFeet": null,
        "heightEstimateMethod": null,
        "heightConfidence": null,
        "sourcePixel": null,
        "sourceMapNumber": null,
        "digitizationRasterId": "massgis-2025-south-campus-wide-z20",
        "imageryId": "massgis-2025",
        "imageryZoom": 20,
        "imageryTileOrigin": [
          310677,
          388066
        ],
        "networkId": null,
        "parcelId": "bbg-parcel-215-1",
        "topologyNodeIds": [],
        "corridorWidthFeet": null,
        "parentId": "bbg-edible-south-subplot",
        "sectionId": "bbg-edible-gardens-section",
        "subplotId": "bbg-edible-south-subplot",
        "gridCellId": "bbg-grid-estimate-edible-r05-c05",
        "centerControlId": null,
        "boundaryConfidence": "low",
        "observedFootprintId": null,
        "snappedToFeatureId": null,
        "plantingAssignment": null,
        "cropTaxon": null,
        "sourceReferences": [
          {
            "sourceId": "source:bbg-visitor-map",
            "locator": "numbered landmark 8",
            "mapNumber": 8,
            "label": "Edible Gardens",
            "role": "regularized bed-grid cell within the named garden area",
            "confidence": "low"
          }
        ],
        "provenance": {
          "sourceId": "massgis-aerial-2025",
          "sourceFeatureId": "bbg-grid-estimate-edible-r05-c05",
          "geometryMethod": "regular-grid interpolation from six raster center controls; generalized dimensions and rotation",
          "semanticMethod": "aerial-visible row/column identity only; cell boundary unverified; legacy demo crop assignments intentionally excluded",
          "sourceReferences": [
            {
              "sourceId": "source:bbg-visitor-map",
              "locator": "numbered landmark 8",
              "mapNumber": 8,
              "label": "Edible Gardens",
              "role": "regularized bed-grid cell within the named garden area",
              "confidence": "low"
            }
          ],
          "confidence": "low",
          "surveyStatus": "not-surveyed",
          "imageryId": "massgis-2025",
          "imageryZoom": 20,
          "digitizationRasterId": "massgis-2025-south-campus-wide-z20",
          "parcelAssignmentMethod": "representative point within canonical parcel polygon",
          "representativePoint": [
            -73.33596639573115,
            42.299988913562764
          ],
          "currentnessCaveat": "Orthophoto interpretation is not surveyed geometry; verify against current imagery or field measurements before construction.",
          "planningDataPolicy": "crop proposals and legacy demo names belong to browser workspaces, not the shared grid-estimate inventory"
        },
        "notes": "Unassigned aerial-visible grid cell estimate. Its center is interpolated from the six retained grid controls; dimensions, rotation, and every polygon edge remain generalized and unverified.",
        "zone": "Edible Gardens · regularized grid estimate",
        "layer": "beds",
        "sourceFeatureId": "bbg-grid-estimate-edible-r05-c05",
        "widthInches": 60,
        "depthInches": 60,
        "row": 5,
        "column": 5,
        "status": "aerial-grid-estimate",
        "editable": true
      }
    },
    {
      "type": "Feature",
      "id": "bbg-edible-grid-r6-c1",
      "geometry": {
        "type": "Polygon",
        "coordinates": [
          [
            [
              -73.33611987060218,
              42.3000149262394
            ],
            [
              -73.33610261669715,
              42.30001000944819
            ],
            [
              -73.33610923985076,
              42.29999720076916
            ],
            [
              -73.33612649375578,
              42.300002117560375
            ],
            [
              -73.33611987060218,
              42.3000149262394
            ]
          ]
        ]
      },
      "properties": {
        "gardenId": "berkshire-botanical-garden",
        "featureType": "bed",
        "featureId": "bbg-edible-grid-r6-c1",
        "name": "Edible Gardens · row 6, bed 1",
        "localGeometry": {
          "type": "Polygon",
          "coordinates": [
            [
              [
                1545.743625691443,
                -2290.758451281275
              ],
              [
                1601.758451281275,
                -2269.256374308557
              ],
              [
                1580.256374308557,
                -2213.241548718725
              ],
              [
                1524.241548718725,
                -2234.743625691443
              ],
              [
                1545.743625691443,
                -2290.758451281275
              ]
            ]
          ]
        },
        "localUnit": "inch",
        "rotationDegrees": 21,
        "source": null,
        "confidence": "low",
        "featureStatus": "aerial-grid-estimate",
        "geometryBasis": "regular-grid interpolation from six raster center controls; generalized dimensions and rotation",
        "geometryEdit": null,
        "surveyStatus": "not-surveyed",
        "boundaryPolicy": null,
        "taxonStatus": "unassigned; no crop observation",
        "identificationStatus": "regularized grid cell; polygon boundary unverified; crop unassigned",
        "collection": "beds",
        "kind": "bed",
        "plantId": null,
        "observationType": null,
        "geometryRepresentation": null,
        "canopyClass": null,
        "crownWidthFeet": null,
        "crownDepthFeet": null,
        "crownDiameterFeet": null,
        "crownRadiusEastWestFeet": null,
        "crownRadiusNorthSouthFeet": null,
        "crownMeasurementMethod": null,
        "crownConfidence": null,
        "heightEstimateFeet": null,
        "heightEstimateRangeFeet": null,
        "heightEstimateMethod": null,
        "heightConfidence": null,
        "sourcePixel": null,
        "sourceMapNumber": null,
        "digitizationRasterId": "massgis-2025-south-campus-wide-z20",
        "imageryId": "massgis-2025",
        "imageryZoom": 20,
        "imageryTileOrigin": [
          310677,
          388066
        ],
        "networkId": null,
        "parcelId": "bbg-parcel-215-1",
        "topologyNodeIds": [],
        "corridorWidthFeet": null,
        "parentId": "bbg-edible-south-subplot",
        "sectionId": "bbg-edible-gardens-section",
        "subplotId": "bbg-edible-south-subplot",
        "gridCellId": "bbg-grid-estimate-edible-r06-c01",
        "centerControlId": null,
        "boundaryConfidence": "low",
        "observedFootprintId": null,
        "snappedToFeatureId": null,
        "plantingAssignment": null,
        "cropTaxon": null,
        "sourceReferences": [
          {
            "sourceId": "source:bbg-visitor-map",
            "locator": "numbered landmark 8",
            "mapNumber": 8,
            "label": "Edible Gardens",
            "role": "regularized bed-grid cell within the named garden area",
            "confidence": "low"
          }
        ],
        "provenance": {
          "sourceId": "massgis-aerial-2025",
          "sourceFeatureId": "bbg-grid-estimate-edible-r06-c01",
          "geometryMethod": "regular-grid interpolation from six raster center controls; generalized dimensions and rotation",
          "semanticMethod": "aerial-visible row/column identity only; cell boundary unverified; legacy demo crop assignments intentionally excluded",
          "sourceReferences": [
            {
              "sourceId": "source:bbg-visitor-map",
              "locator": "numbered landmark 8",
              "mapNumber": 8,
              "label": "Edible Gardens",
              "role": "regularized bed-grid cell within the named garden area",
              "confidence": "low"
            }
          ],
          "confidence": "low",
          "surveyStatus": "not-surveyed",
          "imageryId": "massgis-2025",
          "imageryZoom": 20,
          "digitizationRasterId": "massgis-2025-south-campus-wide-z20",
          "parcelAssignmentMethod": "representative point within canonical parcel polygon",
          "representativePoint": [
            -73.33611455522698,
            42.30000606350328
          ],
          "currentnessCaveat": "Orthophoto interpretation is not surveyed geometry; verify against current imagery or field measurements before construction.",
          "planningDataPolicy": "crop proposals and legacy demo names belong to browser workspaces, not the shared grid-estimate inventory"
        },
        "notes": "Unassigned aerial-visible grid cell estimate. Its center is interpolated from the six retained grid controls; dimensions, rotation, and every polygon edge remain generalized and unverified.",
        "zone": "Edible Gardens · regularized grid estimate",
        "layer": "beds",
        "sourceFeatureId": "bbg-grid-estimate-edible-r06-c01",
        "widthInches": 60,
        "depthInches": 60,
        "row": 6,
        "column": 1,
        "status": "aerial-grid-estimate",
        "editable": true
      }
    },
    {
      "type": "Feature",
      "id": "bbg-edible-grid-r6-c2",
      "geometry": {
        "type": "Polygon",
        "coordinates": [
          [
            [
              -73.33608968425999,
              42.30000646560208
            ],
            [
              -73.33607243035496,
              42.30000154881087
            ],
            [
              -73.33607905350857,
              42.299988740131845
            ],
            [
              -73.3360963074136,
              42.29999365692306
            ],
            [
              -73.33608968425999,
              42.30000646560208
            ]
          ]
        ]
      },
      "properties": {
        "gardenId": "berkshire-botanical-garden",
        "featureType": "bed",
        "featureId": "bbg-edible-grid-r6-c2",
        "name": "Edible Gardens · row 6, bed 2",
        "localGeometry": {
          "type": "Polygon",
          "coordinates": [
            [
              [
                1643.743625691443,
                -2253.758451281275
              ],
              [
                1699.758451281275,
                -2232.256374308557
              ],
              [
                1678.256374308557,
                -2176.241548718725
              ],
              [
                1622.241548718725,
                -2197.743625691443
              ],
              [
                1643.743625691443,
                -2253.758451281275
              ]
            ]
          ]
        },
        "localUnit": "inch",
        "rotationDegrees": 21,
        "source": null,
        "confidence": "low",
        "featureStatus": "aerial-grid-estimate",
        "geometryBasis": "regular-grid interpolation from six raster center controls; generalized dimensions and rotation",
        "geometryEdit": null,
        "surveyStatus": "not-surveyed",
        "boundaryPolicy": null,
        "taxonStatus": "unassigned; no crop observation",
        "identificationStatus": "regularized grid cell; polygon boundary unverified; crop unassigned",
        "collection": "beds",
        "kind": "bed",
        "plantId": null,
        "observationType": null,
        "geometryRepresentation": null,
        "canopyClass": null,
        "crownWidthFeet": null,
        "crownDepthFeet": null,
        "crownDiameterFeet": null,
        "crownRadiusEastWestFeet": null,
        "crownRadiusNorthSouthFeet": null,
        "crownMeasurementMethod": null,
        "crownConfidence": null,
        "heightEstimateFeet": null,
        "heightEstimateRangeFeet": null,
        "heightEstimateMethod": null,
        "heightConfidence": null,
        "sourcePixel": null,
        "sourceMapNumber": null,
        "digitizationRasterId": "massgis-2025-south-campus-wide-z20",
        "imageryId": "massgis-2025",
        "imageryZoom": 20,
        "imageryTileOrigin": [
          310677,
          388066
        ],
        "networkId": null,
        "parcelId": "bbg-parcel-215-1",
        "topologyNodeIds": [],
        "corridorWidthFeet": null,
        "parentId": "bbg-edible-south-subplot",
        "sectionId": "bbg-edible-gardens-section",
        "subplotId": "bbg-edible-south-subplot",
        "gridCellId": "bbg-grid-estimate-edible-r06-c02",
        "centerControlId": null,
        "boundaryConfidence": "low",
        "observedFootprintId": null,
        "snappedToFeatureId": null,
        "plantingAssignment": null,
        "cropTaxon": null,
        "sourceReferences": [
          {
            "sourceId": "source:bbg-visitor-map",
            "locator": "numbered landmark 8",
            "mapNumber": 8,
            "label": "Edible Gardens",
            "role": "regularized bed-grid cell within the named garden area",
            "confidence": "low"
          }
        ],
        "provenance": {
          "sourceId": "massgis-aerial-2025",
          "sourceFeatureId": "bbg-grid-estimate-edible-r06-c02",
          "geometryMethod": "regular-grid interpolation from six raster center controls; generalized dimensions and rotation",
          "semanticMethod": "aerial-visible row/column identity only; cell boundary unverified; legacy demo crop assignments intentionally excluded",
          "sourceReferences": [
            {
              "sourceId": "source:bbg-visitor-map",
              "locator": "numbered landmark 8",
              "mapNumber": 8,
              "label": "Edible Gardens",
              "role": "regularized bed-grid cell within the named garden area",
              "confidence": "low"
            }
          ],
          "confidence": "low",
          "surveyStatus": "not-surveyed",
          "imageryId": "massgis-2025",
          "imageryZoom": 20,
          "digitizationRasterId": "massgis-2025-south-campus-wide-z20",
          "parcelAssignmentMethod": "representative point within canonical parcel polygon",
          "representativePoint": [
            -73.3360843688848,
            42.299997602865965
          ],
          "currentnessCaveat": "Orthophoto interpretation is not surveyed geometry; verify against current imagery or field measurements before construction.",
          "planningDataPolicy": "crop proposals and legacy demo names belong to browser workspaces, not the shared grid-estimate inventory"
        },
        "notes": "Unassigned aerial-visible grid cell estimate. Its center is interpolated from the six retained grid controls; dimensions, rotation, and every polygon edge remain generalized and unverified.",
        "zone": "Edible Gardens · regularized grid estimate",
        "layer": "beds",
        "sourceFeatureId": "bbg-grid-estimate-edible-r06-c02",
        "widthInches": 60,
        "depthInches": 60,
        "row": 6,
        "column": 2,
        "status": "aerial-grid-estimate",
        "editable": true
      }
    },
    {
      "type": "Feature",
      "id": "bbg-edible-grid-r6-c3",
      "geometry": {
        "type": "Polygon",
        "coordinates": [
          [
            [
              -73.3360591898939,
              42.299998004964756
            ],
            [
              -73.33604193598887,
              42.299993088173544
            ],
            [
              -73.33604855914248,
              42.29998027949452
            ],
            [
              -73.33606581304751,
              42.29998519628573
            ],
            [
              -73.3360591898939,
              42.299998004964756
            ]
          ]
        ]
      },
      "properties": {
        "gardenId": "berkshire-botanical-garden",
        "featureType": "bed",
        "featureId": "bbg-edible-grid-r6-c3",
        "name": "Edible Gardens · row 6, bed 3",
        "localGeometry": {
          "type": "Polygon",
          "coordinates": [
            [
              [
                1742.743625691443,
                -2216.758451281275
              ],
              [
                1798.758451281275,
                -2195.256374308557
              ],
              [
                1777.256374308557,
                -2139.241548718725
              ],
              [
                1721.241548718725,
                -2160.743625691443
              ],
              [
                1742.743625691443,
                -2216.758451281275
              ]
            ]
          ]
        },
        "localUnit": "inch",
        "rotationDegrees": 21,
        "source": null,
        "confidence": "low",
        "featureStatus": "aerial-grid-estimate",
        "geometryBasis": "regular-grid interpolation from six raster center controls; generalized dimensions and rotation",
        "geometryEdit": null,
        "surveyStatus": "not-surveyed",
        "boundaryPolicy": null,
        "taxonStatus": "unassigned; no crop observation",
        "identificationStatus": "regularized grid cell; polygon boundary unverified; crop unassigned",
        "collection": "beds",
        "kind": "bed",
        "plantId": null,
        "observationType": null,
        "geometryRepresentation": null,
        "canopyClass": null,
        "crownWidthFeet": null,
        "crownDepthFeet": null,
        "crownDiameterFeet": null,
        "crownRadiusEastWestFeet": null,
        "crownRadiusNorthSouthFeet": null,
        "crownMeasurementMethod": null,
        "crownConfidence": null,
        "heightEstimateFeet": null,
        "heightEstimateRangeFeet": null,
        "heightEstimateMethod": null,
        "heightConfidence": null,
        "sourcePixel": null,
        "sourceMapNumber": null,
        "digitizationRasterId": "massgis-2025-south-campus-wide-z20",
        "imageryId": "massgis-2025",
        "imageryZoom": 20,
        "imageryTileOrigin": [
          310677,
          388066
        ],
        "networkId": null,
        "parcelId": "bbg-parcel-215-1",
        "topologyNodeIds": [],
        "corridorWidthFeet": null,
        "parentId": "bbg-edible-south-subplot",
        "sectionId": "bbg-edible-gardens-section",
        "subplotId": "bbg-edible-south-subplot",
        "gridCellId": "bbg-grid-estimate-edible-r06-c03",
        "centerControlId": null,
        "boundaryConfidence": "low",
        "observedFootprintId": null,
        "snappedToFeatureId": null,
        "plantingAssignment": null,
        "cropTaxon": null,
        "sourceReferences": [
          {
            "sourceId": "source:bbg-visitor-map",
            "locator": "numbered landmark 8",
            "mapNumber": 8,
            "label": "Edible Gardens",
            "role": "regularized bed-grid cell within the named garden area",
            "confidence": "low"
          }
        ],
        "provenance": {
          "sourceId": "massgis-aerial-2025",
          "sourceFeatureId": "bbg-grid-estimate-edible-r06-c03",
          "geometryMethod": "regular-grid interpolation from six raster center controls; generalized dimensions and rotation",
          "semanticMethod": "aerial-visible row/column identity only; cell boundary unverified; legacy demo crop assignments intentionally excluded",
          "sourceReferences": [
            {
              "sourceId": "source:bbg-visitor-map",
              "locator": "numbered landmark 8",
              "mapNumber": 8,
              "label": "Edible Gardens",
              "role": "regularized bed-grid cell within the named garden area",
              "confidence": "low"
            }
          ],
          "confidence": "low",
          "surveyStatus": "not-surveyed",
          "imageryId": "massgis-2025",
          "imageryZoom": 20,
          "digitizationRasterId": "massgis-2025-south-campus-wide-z20",
          "parcelAssignmentMethod": "representative point within canonical parcel polygon",
          "representativePoint": [
            -73.33605387451871,
            42.29998914222863
          ],
          "currentnessCaveat": "Orthophoto interpretation is not surveyed geometry; verify against current imagery or field measurements before construction.",
          "planningDataPolicy": "crop proposals and legacy demo names belong to browser workspaces, not the shared grid-estimate inventory"
        },
        "notes": "Unassigned aerial-visible grid cell estimate. Its center is interpolated from the six retained grid controls; dimensions, rotation, and every polygon edge remain generalized and unverified.",
        "zone": "Edible Gardens · regularized grid estimate",
        "layer": "beds",
        "sourceFeatureId": "bbg-grid-estimate-edible-r06-c03",
        "widthInches": 60,
        "depthInches": 60,
        "row": 6,
        "column": 3,
        "status": "aerial-grid-estimate",
        "editable": true
      }
    },
    {
      "type": "Feature",
      "id": "bbg-edible-grid-r6-c4",
      "geometry": {
        "type": "Polygon",
        "coordinates": [
          [
            [
              -73.33602900355172,
              42.29998954432744
            ],
            [
              -73.33601174964669,
              42.299984627536226
            ],
            [
              -73.3360183728003,
              42.2999718188572
            ],
            [
              -73.33603562670532,
              42.299976735648414
            ],
            [
              -73.33602900355172,
              42.29998954432744
            ]
          ]
        ]
      },
      "properties": {
        "gardenId": "berkshire-botanical-garden",
        "featureType": "bed",
        "featureId": "bbg-edible-grid-r6-c4",
        "name": "Edible Gardens · row 6, bed 4",
        "localGeometry": {
          "type": "Polygon",
          "coordinates": [
            [
              [
                1840.743625691443,
                -2179.758451281275
              ],
              [
                1896.758451281275,
                -2158.256374308557
              ],
              [
                1875.256374308557,
                -2102.241548718725
              ],
              [
                1819.241548718725,
                -2123.743625691443
              ],
              [
                1840.743625691443,
                -2179.758451281275
              ]
            ]
          ]
        },
        "localUnit": "inch",
        "rotationDegrees": 21,
        "source": null,
        "confidence": "low",
        "featureStatus": "aerial-grid-estimate",
        "geometryBasis": "regular-grid interpolation from six raster center controls; generalized dimensions and rotation",
        "geometryEdit": null,
        "surveyStatus": "not-surveyed",
        "boundaryPolicy": null,
        "taxonStatus": "unassigned; no crop observation",
        "identificationStatus": "regularized grid cell; polygon boundary unverified; crop unassigned",
        "collection": "beds",
        "kind": "bed",
        "plantId": null,
        "observationType": null,
        "geometryRepresentation": null,
        "canopyClass": null,
        "crownWidthFeet": null,
        "crownDepthFeet": null,
        "crownDiameterFeet": null,
        "crownRadiusEastWestFeet": null,
        "crownRadiusNorthSouthFeet": null,
        "crownMeasurementMethod": null,
        "crownConfidence": null,
        "heightEstimateFeet": null,
        "heightEstimateRangeFeet": null,
        "heightEstimateMethod": null,
        "heightConfidence": null,
        "sourcePixel": null,
        "sourceMapNumber": null,
        "digitizationRasterId": "massgis-2025-south-campus-wide-z20",
        "imageryId": "massgis-2025",
        "imageryZoom": 20,
        "imageryTileOrigin": [
          310677,
          388066
        ],
        "networkId": null,
        "parcelId": "bbg-parcel-215-1",
        "topologyNodeIds": [],
        "corridorWidthFeet": null,
        "parentId": "bbg-edible-south-subplot",
        "sectionId": "bbg-edible-gardens-section",
        "subplotId": "bbg-edible-south-subplot",
        "gridCellId": "bbg-grid-estimate-edible-r06-c04",
        "centerControlId": null,
        "boundaryConfidence": "low",
        "observedFootprintId": null,
        "snappedToFeatureId": null,
        "plantingAssignment": null,
        "cropTaxon": null,
        "sourceReferences": [
          {
            "sourceId": "source:bbg-visitor-map",
            "locator": "numbered landmark 8",
            "mapNumber": 8,
            "label": "Edible Gardens",
            "role": "regularized bed-grid cell within the named garden area",
            "confidence": "low"
          }
        ],
        "provenance": {
          "sourceId": "massgis-aerial-2025",
          "sourceFeatureId": "bbg-grid-estimate-edible-r06-c04",
          "geometryMethod": "regular-grid interpolation from six raster center controls; generalized dimensions and rotation",
          "semanticMethod": "aerial-visible row/column identity only; cell boundary unverified; legacy demo crop assignments intentionally excluded",
          "sourceReferences": [
            {
              "sourceId": "source:bbg-visitor-map",
              "locator": "numbered landmark 8",
              "mapNumber": 8,
              "label": "Edible Gardens",
              "role": "regularized bed-grid cell within the named garden area",
              "confidence": "low"
            }
          ],
          "confidence": "low",
          "surveyStatus": "not-surveyed",
          "imageryId": "massgis-2025",
          "imageryZoom": 20,
          "digitizationRasterId": "massgis-2025-south-campus-wide-z20",
          "parcelAssignmentMethod": "representative point within canonical parcel polygon",
          "representativePoint": [
            -73.33602368817652,
            42.299980681591315
          ],
          "currentnessCaveat": "Orthophoto interpretation is not surveyed geometry; verify against current imagery or field measurements before construction.",
          "planningDataPolicy": "crop proposals and legacy demo names belong to browser workspaces, not the shared grid-estimate inventory"
        },
        "notes": "Unassigned aerial-visible grid cell estimate. Its center is interpolated from the six retained grid controls; dimensions, rotation, and every polygon edge remain generalized and unverified.",
        "zone": "Edible Gardens · regularized grid estimate",
        "layer": "beds",
        "sourceFeatureId": "bbg-grid-estimate-edible-r06-c04",
        "widthInches": 60,
        "depthInches": 60,
        "row": 6,
        "column": 4,
        "status": "aerial-grid-estimate",
        "editable": true
      }
    },
    {
      "type": "Feature",
      "id": "bbg-edible-grid-r6-c5",
      "geometry": {
        "type": "Polygon",
        "coordinates": [
          [
            [
              -73.33599881720953,
              42.299980855024245
            ],
            [
              -73.3359815633045,
              42.29997593823303
            ],
            [
              -73.33598818645811,
              42.29996312955401
            ],
            [
              -73.33600544036314,
              42.29996804634522
            ],
            [
              -73.33599881720953,
              42.299980855024245
            ]
          ]
        ]
      },
      "properties": {
        "gardenId": "berkshire-botanical-garden",
        "featureType": "bed",
        "featureId": "bbg-edible-grid-r6-c5",
        "name": "Edible Gardens · row 6, bed 5",
        "localGeometry": {
          "type": "Polygon",
          "coordinates": [
            [
              [
                1938.743625691443,
                -2141.758451281275
              ],
              [
                1994.758451281275,
                -2120.256374308557
              ],
              [
                1973.256374308557,
                -2064.241548718725
              ],
              [
                1917.241548718725,
                -2085.743625691443
              ],
              [
                1938.743625691443,
                -2141.758451281275
              ]
            ]
          ]
        },
        "localUnit": "inch",
        "rotationDegrees": 21,
        "source": null,
        "confidence": "low",
        "featureStatus": "aerial-grid-estimate",
        "geometryBasis": "regular-grid interpolation from six raster center controls; generalized dimensions and rotation",
        "geometryEdit": null,
        "surveyStatus": "not-surveyed",
        "boundaryPolicy": null,
        "taxonStatus": "unassigned; no crop observation",
        "identificationStatus": "regularized grid cell; polygon boundary unverified; crop unassigned",
        "collection": "beds",
        "kind": "bed",
        "plantId": null,
        "observationType": null,
        "geometryRepresentation": null,
        "canopyClass": null,
        "crownWidthFeet": null,
        "crownDepthFeet": null,
        "crownDiameterFeet": null,
        "crownRadiusEastWestFeet": null,
        "crownRadiusNorthSouthFeet": null,
        "crownMeasurementMethod": null,
        "crownConfidence": null,
        "heightEstimateFeet": null,
        "heightEstimateRangeFeet": null,
        "heightEstimateMethod": null,
        "heightConfidence": null,
        "sourcePixel": null,
        "sourceMapNumber": null,
        "digitizationRasterId": "massgis-2025-south-campus-wide-z20",
        "imageryId": "massgis-2025",
        "imageryZoom": 20,
        "imageryTileOrigin": [
          310677,
          388066
        ],
        "networkId": null,
        "parcelId": "bbg-parcel-215-1",
        "topologyNodeIds": [],
        "corridorWidthFeet": null,
        "parentId": "bbg-edible-south-subplot",
        "sectionId": "bbg-edible-gardens-section",
        "subplotId": "bbg-edible-south-subplot",
        "gridCellId": "bbg-grid-estimate-edible-r06-c05",
        "centerControlId": null,
        "boundaryConfidence": "low",
        "observedFootprintId": null,
        "snappedToFeatureId": null,
        "plantingAssignment": null,
        "cropTaxon": null,
        "sourceReferences": [
          {
            "sourceId": "source:bbg-visitor-map",
            "locator": "numbered landmark 8",
            "mapNumber": 8,
            "label": "Edible Gardens",
            "role": "regularized bed-grid cell within the named garden area",
            "confidence": "low"
          }
        ],
        "provenance": {
          "sourceId": "massgis-aerial-2025",
          "sourceFeatureId": "bbg-grid-estimate-edible-r06-c05",
          "geometryMethod": "regular-grid interpolation from six raster center controls; generalized dimensions and rotation",
          "semanticMethod": "aerial-visible row/column identity only; cell boundary unverified; legacy demo crop assignments intentionally excluded",
          "sourceReferences": [
            {
              "sourceId": "source:bbg-visitor-map",
              "locator": "numbered landmark 8",
              "mapNumber": 8,
              "label": "Edible Gardens",
              "role": "regularized bed-grid cell within the named garden area",
              "confidence": "low"
            }
          ],
          "confidence": "low",
          "surveyStatus": "not-surveyed",
          "imageryId": "massgis-2025",
          "imageryZoom": 20,
          "digitizationRasterId": "massgis-2025-south-campus-wide-z20",
          "parcelAssignmentMethod": "representative point within canonical parcel polygon",
          "representativePoint": [
            -73.33599350183434,
            42.29997199228813
          ],
          "currentnessCaveat": "Orthophoto interpretation is not surveyed geometry; verify against current imagery or field measurements before construction.",
          "planningDataPolicy": "crop proposals and legacy demo names belong to browser workspaces, not the shared grid-estimate inventory"
        },
        "notes": "Unassigned aerial-visible grid cell estimate. Its center is interpolated from the six retained grid controls; dimensions, rotation, and every polygon edge remain generalized and unverified.",
        "zone": "Edible Gardens · regularized grid estimate",
        "layer": "beds",
        "sourceFeatureId": "bbg-grid-estimate-edible-r06-c05",
        "widthInches": 60,
        "depthInches": 60,
        "row": 6,
        "column": 5,
        "status": "aerial-grid-estimate",
        "editable": true
      }
    },
    {
      "type": "Feature",
      "id": "bbg-edible-grid-r7-c1",
      "geometry": {
        "type": "Polygon",
        "coordinates": [
          [
            [
              -73.33614697670536,
              42.29999823363063
            ],
            [
              -73.33612972280034,
              42.29999331683942
            ],
            [
              -73.33613634595395,
              42.299980508160395
            ],
            [
              -73.33615359985897,
              42.29998542495161
            ],
            [
              -73.33614697670536,
              42.29999823363063
            ]
          ]
        ]
      },
      "properties": {
        "gardenId": "berkshire-botanical-garden",
        "featureType": "bed",
        "featureId": "bbg-edible-grid-r7-c1",
        "name": "Edible Gardens · row 7, bed 1",
        "localGeometry": {
          "type": "Polygon",
          "coordinates": [
            [
              [
                1457.743625691443,
                -2217.758451281275
              ],
              [
                1513.758451281275,
                -2196.256374308557
              ],
              [
                1492.256374308557,
                -2140.241548718725
              ],
              [
                1436.241548718725,
                -2161.743625691443
              ],
              [
                1457.743625691443,
                -2217.758451281275
              ]
            ]
          ]
        },
        "localUnit": "inch",
        "rotationDegrees": 21,
        "source": null,
        "confidence": "low",
        "featureStatus": "aerial-grid-estimate",
        "geometryBasis": "regular-grid interpolation from six raster center controls; generalized dimensions and rotation",
        "geometryEdit": null,
        "surveyStatus": "not-surveyed",
        "boundaryPolicy": null,
        "taxonStatus": "unassigned; no crop observation",
        "identificationStatus": "regularized grid cell; polygon boundary unverified; crop unassigned",
        "collection": "beds",
        "kind": "bed",
        "plantId": null,
        "observationType": null,
        "geometryRepresentation": null,
        "canopyClass": null,
        "crownWidthFeet": null,
        "crownDepthFeet": null,
        "crownDiameterFeet": null,
        "crownRadiusEastWestFeet": null,
        "crownRadiusNorthSouthFeet": null,
        "crownMeasurementMethod": null,
        "crownConfidence": null,
        "heightEstimateFeet": null,
        "heightEstimateRangeFeet": null,
        "heightEstimateMethod": null,
        "heightConfidence": null,
        "sourcePixel": null,
        "sourceMapNumber": null,
        "digitizationRasterId": "massgis-2025-south-campus-wide-z20",
        "imageryId": "massgis-2025",
        "imageryZoom": 20,
        "imageryTileOrigin": [
          310677,
          388066
        ],
        "networkId": null,
        "parcelId": "bbg-parcel-215-1",
        "topologyNodeIds": [],
        "corridorWidthFeet": null,
        "parentId": "bbg-edible-south-subplot",
        "sectionId": "bbg-edible-gardens-section",
        "subplotId": "bbg-edible-south-subplot",
        "gridCellId": "bbg-grid-estimate-edible-r07-c01",
        "centerControlId": null,
        "boundaryConfidence": "low",
        "observedFootprintId": null,
        "snappedToFeatureId": null,
        "plantingAssignment": null,
        "cropTaxon": null,
        "sourceReferences": [
          {
            "sourceId": "source:bbg-visitor-map",
            "locator": "numbered landmark 8",
            "mapNumber": 8,
            "label": "Edible Gardens",
            "role": "regularized bed-grid cell within the named garden area",
            "confidence": "low"
          }
        ],
        "provenance": {
          "sourceId": "massgis-aerial-2025",
          "sourceFeatureId": "bbg-grid-estimate-edible-r07-c01",
          "geometryMethod": "regular-grid interpolation from six raster center controls; generalized dimensions and rotation",
          "semanticMethod": "aerial-visible row/column identity only; cell boundary unverified; legacy demo crop assignments intentionally excluded",
          "sourceReferences": [
            {
              "sourceId": "source:bbg-visitor-map",
              "locator": "numbered landmark 8",
              "mapNumber": 8,
              "label": "Edible Gardens",
              "role": "regularized bed-grid cell within the named garden area",
              "confidence": "low"
            }
          ],
          "confidence": "low",
          "surveyStatus": "not-surveyed",
          "imageryId": "massgis-2025",
          "imageryZoom": 20,
          "digitizationRasterId": "massgis-2025-south-campus-wide-z20",
          "parcelAssignmentMethod": "representative point within canonical parcel polygon",
          "representativePoint": [
            -73.33614166133017,
            42.299989370894515
          ],
          "currentnessCaveat": "Orthophoto interpretation is not surveyed geometry; verify against current imagery or field measurements before construction.",
          "planningDataPolicy": "crop proposals and legacy demo names belong to browser workspaces, not the shared grid-estimate inventory"
        },
        "notes": "Unassigned aerial-visible grid cell estimate. Its center is interpolated from the six retained grid controls; dimensions, rotation, and every polygon edge remain generalized and unverified.",
        "zone": "Edible Gardens · regularized grid estimate",
        "layer": "beds",
        "sourceFeatureId": "bbg-grid-estimate-edible-r07-c01",
        "widthInches": 60,
        "depthInches": 60,
        "row": 7,
        "column": 1,
        "status": "aerial-grid-estimate",
        "editable": true
      }
    },
    {
      "type": "Feature",
      "id": "bbg-edible-grid-r7-c2",
      "geometry": {
        "type": "Polygon",
        "coordinates": [
          [
            [
              -73.33611679036318,
              42.29998954432744
            ],
            [
              -73.33609953645815,
              42.299984627536226
            ],
            [
              -73.33610615961176,
              42.2999718188572
            ],
            [
              -73.33612341351679,
              42.299976735648414
            ],
            [
              -73.33611679036318,
              42.29998954432744
            ]
          ]
        ]
      },
      "properties": {
        "gardenId": "berkshire-botanical-garden",
        "featureType": "bed",
        "featureId": "bbg-edible-grid-r7-c2",
        "name": "Edible Gardens · row 7, bed 2",
        "localGeometry": {
          "type": "Polygon",
          "coordinates": [
            [
              [
                1555.743625691443,
                -2179.758451281275
              ],
              [
                1611.758451281275,
                -2158.256374308557
              ],
              [
                1590.256374308557,
                -2102.241548718725
              ],
              [
                1534.241548718725,
                -2123.743625691443
              ],
              [
                1555.743625691443,
                -2179.758451281275
              ]
            ]
          ]
        },
        "localUnit": "inch",
        "rotationDegrees": 21,
        "source": null,
        "confidence": "low",
        "featureStatus": "aerial-grid-estimate",
        "geometryBasis": "regular-grid interpolation from six raster center controls; generalized dimensions and rotation",
        "geometryEdit": null,
        "surveyStatus": "not-surveyed",
        "boundaryPolicy": null,
        "taxonStatus": "unassigned; no crop observation",
        "identificationStatus": "regularized grid cell; polygon boundary unverified; crop unassigned",
        "collection": "beds",
        "kind": "bed",
        "plantId": null,
        "observationType": null,
        "geometryRepresentation": null,
        "canopyClass": null,
        "crownWidthFeet": null,
        "crownDepthFeet": null,
        "crownDiameterFeet": null,
        "crownRadiusEastWestFeet": null,
        "crownRadiusNorthSouthFeet": null,
        "crownMeasurementMethod": null,
        "crownConfidence": null,
        "heightEstimateFeet": null,
        "heightEstimateRangeFeet": null,
        "heightEstimateMethod": null,
        "heightConfidence": null,
        "sourcePixel": null,
        "sourceMapNumber": null,
        "digitizationRasterId": "massgis-2025-south-campus-wide-z20",
        "imageryId": "massgis-2025",
        "imageryZoom": 20,
        "imageryTileOrigin": [
          310677,
          388066
        ],
        "networkId": null,
        "parcelId": "bbg-parcel-215-1",
        "topologyNodeIds": [],
        "corridorWidthFeet": null,
        "parentId": "bbg-edible-south-subplot",
        "sectionId": "bbg-edible-gardens-section",
        "subplotId": "bbg-edible-south-subplot",
        "gridCellId": "bbg-grid-estimate-edible-r07-c02",
        "centerControlId": null,
        "boundaryConfidence": "low",
        "observedFootprintId": null,
        "snappedToFeatureId": null,
        "plantingAssignment": null,
        "cropTaxon": null,
        "sourceReferences": [
          {
            "sourceId": "source:bbg-visitor-map",
            "locator": "numbered landmark 8",
            "mapNumber": 8,
            "label": "Edible Gardens",
            "role": "regularized bed-grid cell within the named garden area",
            "confidence": "low"
          }
        ],
        "provenance": {
          "sourceId": "massgis-aerial-2025",
          "sourceFeatureId": "bbg-grid-estimate-edible-r07-c02",
          "geometryMethod": "regular-grid interpolation from six raster center controls; generalized dimensions and rotation",
          "semanticMethod": "aerial-visible row/column identity only; cell boundary unverified; legacy demo crop assignments intentionally excluded",
          "sourceReferences": [
            {
              "sourceId": "source:bbg-visitor-map",
              "locator": "numbered landmark 8",
              "mapNumber": 8,
              "label": "Edible Gardens",
              "role": "regularized bed-grid cell within the named garden area",
              "confidence": "low"
            }
          ],
          "confidence": "low",
          "surveyStatus": "not-surveyed",
          "imageryId": "massgis-2025",
          "imageryZoom": 20,
          "digitizationRasterId": "massgis-2025-south-campus-wide-z20",
          "parcelAssignmentMethod": "representative point within canonical parcel polygon",
          "representativePoint": [
            -73.33611147498799,
            42.299980681591315
          ],
          "currentnessCaveat": "Orthophoto interpretation is not surveyed geometry; verify against current imagery or field measurements before construction.",
          "planningDataPolicy": "crop proposals and legacy demo names belong to browser workspaces, not the shared grid-estimate inventory"
        },
        "notes": "Unassigned aerial-visible grid cell estimate. Its center is interpolated from the six retained grid controls; dimensions, rotation, and every polygon edge remain generalized and unverified.",
        "zone": "Edible Gardens · regularized grid estimate",
        "layer": "beds",
        "sourceFeatureId": "bbg-grid-estimate-edible-r07-c02",
        "widthInches": 60,
        "depthInches": 60,
        "row": 7,
        "column": 2,
        "status": "aerial-grid-estimate",
        "editable": true
      }
    },
    {
      "type": "Feature",
      "id": "bbg-edible-grid-r7-c3",
      "geometry": {
        "type": "Polygon",
        "coordinates": [
          [
            [
              -73.33608629599709,
              42.29998108369012
            ],
            [
              -73.33606904209206,
              42.2999761668989
            ],
            [
              -73.33607566524567,
              42.29996335821988
            ],
            [
              -73.3360929191507,
              42.299968275011096
            ],
            [
              -73.33608629599709,
              42.29998108369012
            ]
          ]
        ]
      },
      "properties": {
        "gardenId": "berkshire-botanical-garden",
        "featureType": "bed",
        "featureId": "bbg-edible-grid-r7-c3",
        "name": "Edible Gardens · row 7, bed 3",
        "localGeometry": {
          "type": "Polygon",
          "coordinates": [
            [
              [
                1654.743625691443,
                -2142.758451281275
              ],
              [
                1710.758451281275,
                -2121.256374308557
              ],
              [
                1689.256374308557,
                -2065.241548718725
              ],
              [
                1633.241548718725,
                -2086.743625691443
              ],
              [
                1654.743625691443,
                -2142.758451281275
              ]
            ]
          ]
        },
        "localUnit": "inch",
        "rotationDegrees": 21,
        "source": null,
        "confidence": "low",
        "featureStatus": "aerial-grid-estimate",
        "geometryBasis": "regular-grid interpolation from six raster center controls; generalized dimensions and rotation",
        "geometryEdit": null,
        "surveyStatus": "not-surveyed",
        "boundaryPolicy": null,
        "taxonStatus": "unassigned; no crop observation",
        "identificationStatus": "regularized grid cell; polygon boundary unverified; crop unassigned",
        "collection": "beds",
        "kind": "bed",
        "plantId": null,
        "observationType": null,
        "geometryRepresentation": null,
        "canopyClass": null,
        "crownWidthFeet": null,
        "crownDepthFeet": null,
        "crownDiameterFeet": null,
        "crownRadiusEastWestFeet": null,
        "crownRadiusNorthSouthFeet": null,
        "crownMeasurementMethod": null,
        "crownConfidence": null,
        "heightEstimateFeet": null,
        "heightEstimateRangeFeet": null,
        "heightEstimateMethod": null,
        "heightConfidence": null,
        "sourcePixel": null,
        "sourceMapNumber": null,
        "digitizationRasterId": "massgis-2025-south-campus-wide-z20",
        "imageryId": "massgis-2025",
        "imageryZoom": 20,
        "imageryTileOrigin": [
          310677,
          388066
        ],
        "networkId": null,
        "parcelId": "bbg-parcel-215-1",
        "topologyNodeIds": [],
        "corridorWidthFeet": null,
        "parentId": "bbg-edible-south-subplot",
        "sectionId": "bbg-edible-gardens-section",
        "subplotId": "bbg-edible-south-subplot",
        "gridCellId": "bbg-grid-estimate-edible-r07-c03",
        "centerControlId": null,
        "boundaryConfidence": "low",
        "observedFootprintId": null,
        "snappedToFeatureId": null,
        "plantingAssignment": null,
        "cropTaxon": null,
        "sourceReferences": [
          {
            "sourceId": "source:bbg-visitor-map",
            "locator": "numbered landmark 8",
            "mapNumber": 8,
            "label": "Edible Gardens",
            "role": "regularized bed-grid cell within the named garden area",
            "confidence": "low"
          }
        ],
        "provenance": {
          "sourceId": "massgis-aerial-2025",
          "sourceFeatureId": "bbg-grid-estimate-edible-r07-c03",
          "geometryMethod": "regular-grid interpolation from six raster center controls; generalized dimensions and rotation",
          "semanticMethod": "aerial-visible row/column identity only; cell boundary unverified; legacy demo crop assignments intentionally excluded",
          "sourceReferences": [
            {
              "sourceId": "source:bbg-visitor-map",
              "locator": "numbered landmark 8",
              "mapNumber": 8,
              "label": "Edible Gardens",
              "role": "regularized bed-grid cell within the named garden area",
              "confidence": "low"
            }
          ],
          "confidence": "low",
          "surveyStatus": "not-surveyed",
          "imageryId": "massgis-2025",
          "imageryZoom": 20,
          "digitizationRasterId": "massgis-2025-south-campus-wide-z20",
          "parcelAssignmentMethod": "representative point within canonical parcel polygon",
          "representativePoint": [
            -73.3360809806219,
            42.299972220954
          ],
          "currentnessCaveat": "Orthophoto interpretation is not surveyed geometry; verify against current imagery or field measurements before construction.",
          "planningDataPolicy": "crop proposals and legacy demo names belong to browser workspaces, not the shared grid-estimate inventory"
        },
        "notes": "Unassigned aerial-visible grid cell estimate. Its center is interpolated from the six retained grid controls; dimensions, rotation, and every polygon edge remain generalized and unverified.",
        "zone": "Edible Gardens · regularized grid estimate",
        "layer": "beds",
        "sourceFeatureId": "bbg-grid-estimate-edible-r07-c03",
        "widthInches": 60,
        "depthInches": 60,
        "row": 7,
        "column": 3,
        "status": "aerial-grid-estimate",
        "editable": true
      }
    },
    {
      "type": "Feature",
      "id": "bbg-edible-grid-r7-c4",
      "geometry": {
        "type": "Polygon",
        "coordinates": [
          [
            [
              -73.3360561096549,
              42.299972623052795
            ],
            [
              -73.33603885574988,
              42.29996770626158
            ],
            [
              -73.33604547890349,
              42.29995489758256
            ],
            [
              -73.33606273280851,
              42.29995981437377
            ],
            [
              -73.3360561096549,
              42.299972623052795
            ]
          ]
        ]
      },
      "properties": {
        "gardenId": "berkshire-botanical-garden",
        "featureType": "bed",
        "featureId": "bbg-edible-grid-r7-c4",
        "name": "Edible Gardens · row 7, bed 4",
        "localGeometry": {
          "type": "Polygon",
          "coordinates": [
            [
              [
                1752.743625691443,
                -2105.758451281275
              ],
              [
                1808.758451281275,
                -2084.256374308557
              ],
              [
                1787.256374308557,
                -2028.241548718725
              ],
              [
                1731.241548718725,
                -2049.743625691443
              ],
              [
                1752.743625691443,
                -2105.758451281275
              ]
            ]
          ]
        },
        "localUnit": "inch",
        "rotationDegrees": 21,
        "source": null,
        "confidence": "low",
        "featureStatus": "aerial-grid-estimate",
        "geometryBasis": "regular-grid interpolation from six raster center controls; generalized dimensions and rotation",
        "geometryEdit": null,
        "surveyStatus": "not-surveyed",
        "boundaryPolicy": null,
        "taxonStatus": "unassigned; no crop observation",
        "identificationStatus": "regularized grid cell; polygon boundary unverified; crop unassigned",
        "collection": "beds",
        "kind": "bed",
        "plantId": null,
        "observationType": null,
        "geometryRepresentation": null,
        "canopyClass": null,
        "crownWidthFeet": null,
        "crownDepthFeet": null,
        "crownDiameterFeet": null,
        "crownRadiusEastWestFeet": null,
        "crownRadiusNorthSouthFeet": null,
        "crownMeasurementMethod": null,
        "crownConfidence": null,
        "heightEstimateFeet": null,
        "heightEstimateRangeFeet": null,
        "heightEstimateMethod": null,
        "heightConfidence": null,
        "sourcePixel": null,
        "sourceMapNumber": null,
        "digitizationRasterId": "massgis-2025-south-campus-wide-z20",
        "imageryId": "massgis-2025",
        "imageryZoom": 20,
        "imageryTileOrigin": [
          310677,
          388066
        ],
        "networkId": null,
        "parcelId": "bbg-parcel-215-1",
        "topologyNodeIds": [],
        "corridorWidthFeet": null,
        "parentId": "bbg-edible-south-subplot",
        "sectionId": "bbg-edible-gardens-section",
        "subplotId": "bbg-edible-south-subplot",
        "gridCellId": "bbg-grid-estimate-edible-r07-c04",
        "centerControlId": null,
        "boundaryConfidence": "low",
        "observedFootprintId": null,
        "snappedToFeatureId": null,
        "plantingAssignment": null,
        "cropTaxon": null,
        "sourceReferences": [
          {
            "sourceId": "source:bbg-visitor-map",
            "locator": "numbered landmark 8",
            "mapNumber": 8,
            "label": "Edible Gardens",
            "role": "regularized bed-grid cell within the named garden area",
            "confidence": "low"
          }
        ],
        "provenance": {
          "sourceId": "massgis-aerial-2025",
          "sourceFeatureId": "bbg-grid-estimate-edible-r07-c04",
          "geometryMethod": "regular-grid interpolation from six raster center controls; generalized dimensions and rotation",
          "semanticMethod": "aerial-visible row/column identity only; cell boundary unverified; legacy demo crop assignments intentionally excluded",
          "sourceReferences": [
            {
              "sourceId": "source:bbg-visitor-map",
              "locator": "numbered landmark 8",
              "mapNumber": 8,
              "label": "Edible Gardens",
              "role": "regularized bed-grid cell within the named garden area",
              "confidence": "low"
            }
          ],
          "confidence": "low",
          "surveyStatus": "not-surveyed",
          "imageryId": "massgis-2025",
          "imageryZoom": 20,
          "digitizationRasterId": "massgis-2025-south-campus-wide-z20",
          "parcelAssignmentMethod": "representative point within canonical parcel polygon",
          "representativePoint": [
            -73.33605079427971,
            42.29996376031668
          ],
          "currentnessCaveat": "Orthophoto interpretation is not surveyed geometry; verify against current imagery or field measurements before construction.",
          "planningDataPolicy": "crop proposals and legacy demo names belong to browser workspaces, not the shared grid-estimate inventory"
        },
        "notes": "Unassigned aerial-visible grid cell estimate. Its center is interpolated from the six retained grid controls; dimensions, rotation, and every polygon edge remain generalized and unverified.",
        "zone": "Edible Gardens · regularized grid estimate",
        "layer": "beds",
        "sourceFeatureId": "bbg-grid-estimate-edible-r07-c04",
        "widthInches": 60,
        "depthInches": 60,
        "row": 7,
        "column": 4,
        "status": "aerial-grid-estimate",
        "editable": true
      }
    },
    {
      "type": "Feature",
      "id": "bbg-edible-grid-r7-c5",
      "geometry": {
        "type": "Polygon",
        "coordinates": [
          [
            [
              -73.33602561528882,
              42.2999639337496
            ],
            [
              -73.33600836138379,
              42.29995901695839
            ],
            [
              -73.3360149845374,
              42.299946208279366
            ],
            [
              -73.33603223844243,
              42.29995112507058
            ],
            [
              -73.33602561528882,
              42.2999639337496
            ]
          ]
        ]
      },
      "properties": {
        "gardenId": "berkshire-botanical-garden",
        "featureType": "bed",
        "featureId": "bbg-edible-grid-r7-c5",
        "name": "Edible Gardens · row 7, bed 5",
        "localGeometry": {
          "type": "Polygon",
          "coordinates": [
            [
              [
                1851.743625691443,
                -2067.758451281275
              ],
              [
                1907.758451281275,
                -2046.256374308557
              ],
              [
                1886.256374308557,
                -1990.241548718725
              ],
              [
                1830.241548718725,
                -2011.743625691443
              ],
              [
                1851.743625691443,
                -2067.758451281275
              ]
            ]
          ]
        },
        "localUnit": "inch",
        "rotationDegrees": 21,
        "source": null,
        "confidence": "low",
        "featureStatus": "aerial-grid-estimate",
        "geometryBasis": "regular-grid interpolation from six raster center controls; generalized dimensions and rotation",
        "geometryEdit": null,
        "surveyStatus": "not-surveyed",
        "boundaryPolicy": null,
        "taxonStatus": "unassigned; no crop observation",
        "identificationStatus": "regularized grid cell; polygon boundary unverified; crop unassigned",
        "collection": "beds",
        "kind": "bed",
        "plantId": null,
        "observationType": null,
        "geometryRepresentation": null,
        "canopyClass": null,
        "crownWidthFeet": null,
        "crownDepthFeet": null,
        "crownDiameterFeet": null,
        "crownRadiusEastWestFeet": null,
        "crownRadiusNorthSouthFeet": null,
        "crownMeasurementMethod": null,
        "crownConfidence": null,
        "heightEstimateFeet": null,
        "heightEstimateRangeFeet": null,
        "heightEstimateMethod": null,
        "heightConfidence": null,
        "sourcePixel": null,
        "sourceMapNumber": null,
        "digitizationRasterId": "massgis-2025-south-campus-wide-z20",
        "imageryId": "massgis-2025",
        "imageryZoom": 20,
        "imageryTileOrigin": [
          310677,
          388066
        ],
        "networkId": null,
        "parcelId": "bbg-parcel-215-1",
        "topologyNodeIds": [],
        "corridorWidthFeet": null,
        "parentId": "bbg-edible-south-subplot",
        "sectionId": "bbg-edible-gardens-section",
        "subplotId": "bbg-edible-south-subplot",
        "gridCellId": "bbg-grid-estimate-edible-r07-c05",
        "centerControlId": null,
        "boundaryConfidence": "low",
        "observedFootprintId": null,
        "snappedToFeatureId": null,
        "plantingAssignment": null,
        "cropTaxon": null,
        "sourceReferences": [
          {
            "sourceId": "source:bbg-visitor-map",
            "locator": "numbered landmark 8",
            "mapNumber": 8,
            "label": "Edible Gardens",
            "role": "regularized bed-grid cell within the named garden area",
            "confidence": "low"
          }
        ],
        "provenance": {
          "sourceId": "massgis-aerial-2025",
          "sourceFeatureId": "bbg-grid-estimate-edible-r07-c05",
          "geometryMethod": "regular-grid interpolation from six raster center controls; generalized dimensions and rotation",
          "semanticMethod": "aerial-visible row/column identity only; cell boundary unverified; legacy demo crop assignments intentionally excluded",
          "sourceReferences": [
            {
              "sourceId": "source:bbg-visitor-map",
              "locator": "numbered landmark 8",
              "mapNumber": 8,
              "label": "Edible Gardens",
              "role": "regularized bed-grid cell within the named garden area",
              "confidence": "low"
            }
          ],
          "confidence": "low",
          "surveyStatus": "not-surveyed",
          "imageryId": "massgis-2025",
          "imageryZoom": 20,
          "digitizationRasterId": "massgis-2025-south-campus-wide-z20",
          "parcelAssignmentMethod": "representative point within canonical parcel polygon",
          "representativePoint": [
            -73.33602029991363,
            42.29995507101348
          ],
          "currentnessCaveat": "Orthophoto interpretation is not surveyed geometry; verify against current imagery or field measurements before construction.",
          "planningDataPolicy": "crop proposals and legacy demo names belong to browser workspaces, not the shared grid-estimate inventory"
        },
        "notes": "Unassigned aerial-visible grid cell estimate. Its center is interpolated from the six retained grid controls; dimensions, rotation, and every polygon edge remain generalized and unverified.",
        "zone": "Edible Gardens · regularized grid estimate",
        "layer": "beds",
        "sourceFeatureId": "bbg-grid-estimate-edible-r07-c05",
        "widthInches": 60,
        "depthInches": 60,
        "row": 7,
        "column": 5,
        "status": "aerial-grid-estimate",
        "editable": true
      }
    },
    {
      "type": "Feature",
      "id": "bbg-childrens-1",
      "geometry": {
        "type": "Polygon",
        "coordinates": [
          [
            [
              -73.33547348375845,
              42.29954465200065
            ],
            [
              -73.33545306905883,
              42.29953821902566
            ],
            [
              -73.33545884607607,
              42.299528115599436
            ],
            [
              -73.3354792607757,
              42.29953454857442
            ],
            [
              -73.33547348375845,
              42.29954465200065
            ]
          ]
        ]
      },
      "properties": {
        "gardenId": "berkshire-botanical-garden",
        "featureType": "bed",
        "featureId": "bbg-childrens-1",
        "name": "Children's Vegetable Garden · row 1, bed 1",
        "localGeometry": {
          "type": "Polygon",
          "coordinates": [
            [
              [
                3644.2393723594546,
                -234.1584371084724
              ],
              [
                3710.5157218080303,
                -206.0257958572447
              ],
              [
                3691.7606276405454,
                -161.8415628915276
              ],
              [
                3625.4842781919697,
                -189.9742041427553
              ],
              [
                3644.2393723594546,
                -234.1584371084724
              ]
            ]
          ]
        },
        "localUnit": "inch",
        "rotationDegrees": 23,
        "source": null,
        "confidence": "medium",
        "featureStatus": "aerial-grid-estimate",
        "geometryBasis": "regular-grid interpolation from six raster center controls; generalized dimensions and rotation",
        "geometryEdit": null,
        "surveyStatus": "not-surveyed",
        "boundaryPolicy": null,
        "taxonStatus": "unassigned; no crop observation",
        "identificationStatus": "regularized grid cell; polygon boundary unverified; crop unassigned",
        "collection": "beds",
        "kind": "bed",
        "plantId": null,
        "observationType": null,
        "geometryRepresentation": null,
        "canopyClass": null,
        "crownWidthFeet": null,
        "crownDepthFeet": null,
        "crownDiameterFeet": null,
        "crownRadiusEastWestFeet": null,
        "crownRadiusNorthSouthFeet": null,
        "crownMeasurementMethod": null,
        "crownConfidence": null,
        "heightEstimateFeet": null,
        "heightEstimateRangeFeet": null,
        "heightEstimateMethod": null,
        "heightConfidence": null,
        "sourcePixel": null,
        "sourceMapNumber": null,
        "digitizationRasterId": "massgis-2025-south-campus-wide-z20",
        "imageryId": "massgis-2025",
        "imageryZoom": 20,
        "imageryTileOrigin": [
          310677,
          388066
        ],
        "networkId": null,
        "parcelId": "bbg-parcel-215-1",
        "topologyNodeIds": [],
        "corridorWidthFeet": null,
        "parentId": "bbg-childrens-main-grid",
        "sectionId": "bbg-childrens-vegetable-garden-section",
        "subplotId": "bbg-childrens-main-grid",
        "gridCellId": "bbg-grid-estimate-child-r01-c01",
        "centerControlId": "childrens-grid-northwest-bed",
        "boundaryConfidence": "low",
        "observedFootprintId": null,
        "snappedToFeatureId": "bbg-grid-estimate-child-r01-c01",
        "plantingAssignment": null,
        "cropTaxon": null,
        "sourceReferences": [
          {
            "sourceId": "source:bbg-visitor-map",
            "locator": "numbered landmark 12",
            "mapNumber": 12,
            "label": "Children's Vegetable Garden",
            "role": "regularized bed-grid cell within the named garden area",
            "confidence": "medium"
          }
        ],
        "provenance": {
          "sourceId": "massgis-aerial-2025",
          "sourceFeatureId": "bbg-grid-estimate-child-r01-c01",
          "geometryMethod": "regular-grid interpolation from six raster center controls; generalized dimensions and rotation",
          "semanticMethod": "aerial-visible row/column identity only; cell boundary unverified; legacy demo crop assignments intentionally excluded",
          "sourceReferences": [
            {
              "sourceId": "source:bbg-visitor-map",
              "locator": "numbered landmark 12",
              "mapNumber": 12,
              "label": "Children's Vegetable Garden",
              "role": "regularized bed-grid cell within the named garden area",
              "confidence": "medium"
            }
          ],
          "confidence": "medium",
          "surveyStatus": "not-surveyed",
          "imageryId": "massgis-2025",
          "imageryZoom": 20,
          "digitizationRasterId": "massgis-2025-south-campus-wide-z20",
          "parcelAssignmentMethod": "representative point within canonical parcel polygon",
          "representativePoint": [
            -73.33546721427656,
            42.29953454857542
          ],
          "currentnessCaveat": "Orthophoto interpretation is not surveyed geometry; verify against current imagery or field measurements before construction.",
          "planningDataPolicy": "crop proposals and legacy demo names belong to browser workspaces, not the shared grid-estimate inventory"
        },
        "notes": "Planning assignment on an aerial-visible grid cell estimate. Its center is tied to raster control childrens-grid-northwest-bed; dimensions, rotation, and every polygon edge remain generalized and unverified.",
        "zone": "Children's Vegetable Garden · regularized grid estimate",
        "layer": "beds",
        "sourceFeatureId": "bbg-grid-estimate-child-r01-c01",
        "widthInches": 72,
        "depthInches": 48,
        "row": 1,
        "column": 1,
        "status": "aerial-grid-estimate",
        "editable": true
      }
    },
    {
      "type": "Feature",
      "id": "bbg-childrens-grid-r1-c2",
      "geometry": {
        "type": "Polygon",
        "coordinates": [
          [
            [
              -73.33545007394206,
              42.29953756335857
            ],
            [
              -73.33542965924244,
              42.299531130383585
            ],
            [
              -73.33543543625969,
              42.29952102695736
            ],
            [
              -73.3354558509593,
              42.29952745993234
            ],
            [
              -73.33545007394206,
              42.29953756335857
            ]
          ]
        ]
      },
      "properties": {
        "gardenId": "berkshire-botanical-garden",
        "featureType": "bed",
        "featureId": "bbg-childrens-grid-r1-c2",
        "name": "Children's Vegetable Garden · row 1, bed 2",
        "localGeometry": {
          "type": "Polygon",
          "coordinates": [
            [
              [
                3720.2393723594546,
                -203.1584371084724
              ],
              [
                3786.5157218080303,
                -175.0257958572447
              ],
              [
                3767.7606276405454,
                -130.8415628915276
              ],
              [
                3701.4842781919697,
                -158.9742041427553
              ],
              [
                3720.2393723594546,
                -203.1584371084724
              ]
            ]
          ]
        },
        "localUnit": "inch",
        "rotationDegrees": 23,
        "source": null,
        "confidence": "low",
        "featureStatus": "aerial-grid-estimate",
        "geometryBasis": "regular-grid interpolation from six raster center controls; generalized dimensions and rotation",
        "geometryEdit": null,
        "surveyStatus": "not-surveyed",
        "boundaryPolicy": null,
        "taxonStatus": "unassigned; no crop observation",
        "identificationStatus": "regularized grid cell; polygon boundary unverified; crop unassigned",
        "collection": "beds",
        "kind": "bed",
        "plantId": null,
        "observationType": null,
        "geometryRepresentation": null,
        "canopyClass": null,
        "crownWidthFeet": null,
        "crownDepthFeet": null,
        "crownDiameterFeet": null,
        "crownRadiusEastWestFeet": null,
        "crownRadiusNorthSouthFeet": null,
        "crownMeasurementMethod": null,
        "crownConfidence": null,
        "heightEstimateFeet": null,
        "heightEstimateRangeFeet": null,
        "heightEstimateMethod": null,
        "heightConfidence": null,
        "sourcePixel": null,
        "sourceMapNumber": null,
        "digitizationRasterId": "massgis-2025-south-campus-wide-z20",
        "imageryId": "massgis-2025",
        "imageryZoom": 20,
        "imageryTileOrigin": [
          310677,
          388066
        ],
        "networkId": null,
        "parcelId": "bbg-parcel-215-1",
        "topologyNodeIds": [],
        "corridorWidthFeet": null,
        "parentId": "bbg-childrens-main-grid",
        "sectionId": "bbg-childrens-vegetable-garden-section",
        "subplotId": "bbg-childrens-main-grid",
        "gridCellId": "bbg-grid-estimate-child-r01-c02",
        "centerControlId": null,
        "boundaryConfidence": "low",
        "observedFootprintId": null,
        "snappedToFeatureId": null,
        "plantingAssignment": null,
        "cropTaxon": null,
        "sourceReferences": [
          {
            "sourceId": "source:bbg-visitor-map",
            "locator": "numbered landmark 12",
            "mapNumber": 12,
            "label": "Children's Vegetable Garden",
            "role": "regularized bed-grid cell within the named garden area",
            "confidence": "low"
          }
        ],
        "provenance": {
          "sourceId": "massgis-aerial-2025",
          "sourceFeatureId": "bbg-grid-estimate-child-r01-c02",
          "geometryMethod": "regular-grid interpolation from six raster center controls; generalized dimensions and rotation",
          "semanticMethod": "aerial-visible row/column identity only; cell boundary unverified; legacy demo crop assignments intentionally excluded",
          "sourceReferences": [
            {
              "sourceId": "source:bbg-visitor-map",
              "locator": "numbered landmark 12",
              "mapNumber": 12,
              "label": "Children's Vegetable Garden",
              "role": "regularized bed-grid cell within the named garden area",
              "confidence": "low"
            }
          ],
          "confidence": "low",
          "surveyStatus": "not-surveyed",
          "imageryId": "massgis-2025",
          "imageryZoom": 20,
          "digitizationRasterId": "massgis-2025-south-campus-wide-z20",
          "parcelAssignmentMethod": "representative point within canonical parcel polygon",
          "representativePoint": [
            -73.33544275510087,
            42.29952929515797
          ],
          "currentnessCaveat": "Orthophoto interpretation is not surveyed geometry; verify against current imagery or field measurements before construction.",
          "planningDataPolicy": "crop proposals and legacy demo names belong to browser workspaces, not the shared grid-estimate inventory"
        },
        "notes": "Unassigned aerial-visible grid cell estimate. Its center is interpolated from the six retained grid controls; dimensions, rotation, and every polygon edge remain generalized and unverified.",
        "zone": "Children's Vegetable Garden · regularized grid estimate",
        "layer": "beds",
        "sourceFeatureId": "bbg-grid-estimate-child-r01-c02",
        "widthInches": 72,
        "depthInches": 48,
        "row": 1,
        "column": 2,
        "status": "aerial-grid-estimate",
        "editable": true
      }
    },
    {
      "type": "Feature",
      "id": "bbg-childrens-2",
      "geometry": {
        "type": "Polygon",
        "coordinates": [
          [
            [
              -73.33542697214958,
              42.299530246050615
            ],
            [
              -73.33540655744994,
              42.29952381307563
            ],
            [
              -73.3354123344672,
              42.2995137096494
            ],
            [
              -73.33543274916681,
              42.29952014262439
            ],
            [
              -73.33542697214958,
              42.299530246050615
            ]
          ]
        ]
      },
      "properties": {
        "gardenId": "berkshire-botanical-garden",
        "featureType": "bed",
        "featureId": "bbg-childrens-2",
        "name": "Children's Vegetable Garden · row 1, bed 3",
        "localGeometry": {
          "type": "Polygon",
          "coordinates": [
            [
              [
                3795.2393723594546,
                -171.1584371084724
              ],
              [
                3861.5157218080303,
                -143.0257958572447
              ],
              [
                3842.7606276405454,
                -98.84156289152759
              ],
              [
                3776.4842781919697,
                -126.97420414275528
              ],
              [
                3795.2393723594546,
                -171.1584371084724
              ]
            ]
          ]
        },
        "localUnit": "inch",
        "rotationDegrees": 23,
        "source": null,
        "confidence": "low",
        "featureStatus": "aerial-grid-estimate",
        "geometryBasis": "regular-grid interpolation from six raster center controls; generalized dimensions and rotation",
        "geometryEdit": null,
        "surveyStatus": "not-surveyed",
        "boundaryPolicy": null,
        "taxonStatus": "unassigned; no crop observation",
        "identificationStatus": "regularized grid cell; polygon boundary unverified; crop unassigned",
        "collection": "beds",
        "kind": "bed",
        "plantId": null,
        "observationType": null,
        "geometryRepresentation": null,
        "canopyClass": null,
        "crownWidthFeet": null,
        "crownDepthFeet": null,
        "crownDiameterFeet": null,
        "crownRadiusEastWestFeet": null,
        "crownRadiusNorthSouthFeet": null,
        "crownMeasurementMethod": null,
        "crownConfidence": null,
        "heightEstimateFeet": null,
        "heightEstimateRangeFeet": null,
        "heightEstimateMethod": null,
        "heightConfidence": null,
        "sourcePixel": null,
        "sourceMapNumber": null,
        "digitizationRasterId": "massgis-2025-south-campus-wide-z20",
        "imageryId": "massgis-2025",
        "imageryZoom": 20,
        "imageryTileOrigin": [
          310677,
          388066
        ],
        "networkId": null,
        "parcelId": "bbg-parcel-215-1",
        "topologyNodeIds": [],
        "corridorWidthFeet": null,
        "parentId": "bbg-childrens-main-grid",
        "sectionId": "bbg-childrens-vegetable-garden-section",
        "subplotId": "bbg-childrens-main-grid",
        "gridCellId": "bbg-grid-estimate-child-r01-c03",
        "centerControlId": null,
        "boundaryConfidence": "low",
        "observedFootprintId": null,
        "snappedToFeatureId": "bbg-grid-estimate-child-r01-c03",
        "plantingAssignment": null,
        "cropTaxon": null,
        "sourceReferences": [
          {
            "sourceId": "source:bbg-visitor-map",
            "locator": "numbered landmark 12",
            "mapNumber": 12,
            "label": "Children's Vegetable Garden",
            "role": "regularized bed-grid cell within the named garden area",
            "confidence": "low"
          }
        ],
        "provenance": {
          "sourceId": "massgis-aerial-2025",
          "sourceFeatureId": "bbg-grid-estimate-child-r01-c03",
          "geometryMethod": "regular-grid interpolation from six raster center controls; generalized dimensions and rotation",
          "semanticMethod": "aerial-visible row/column identity only; cell boundary unverified; legacy demo crop assignments intentionally excluded",
          "sourceReferences": [
            {
              "sourceId": "source:bbg-visitor-map",
              "locator": "numbered landmark 12",
              "mapNumber": 12,
              "label": "Children's Vegetable Garden",
              "role": "regularized bed-grid cell within the named garden area",
              "confidence": "low"
            }
          ],
          "confidence": "low",
          "surveyStatus": "not-surveyed",
          "imageryId": "massgis-2025",
          "imageryZoom": 20,
          "digitizationRasterId": "massgis-2025-south-campus-wide-z20",
          "parcelAssignmentMethod": "representative point within canonical parcel polygon",
          "representativePoint": [
            -73.33541860394908,
            42.29952381307463
          ],
          "currentnessCaveat": "Orthophoto interpretation is not surveyed geometry; verify against current imagery or field measurements before construction.",
          "planningDataPolicy": "crop proposals and legacy demo names belong to browser workspaces, not the shared grid-estimate inventory"
        },
        "notes": "Planning assignment on an aerial-visible grid cell estimate. Its center is interpolated from the six retained grid controls; dimensions, rotation, and every polygon edge remain generalized and unverified.",
        "zone": "Children's Vegetable Garden · regularized grid estimate",
        "layer": "beds",
        "sourceFeatureId": "bbg-grid-estimate-child-r01-c03",
        "widthInches": 72,
        "depthInches": 48,
        "row": 1,
        "column": 3,
        "status": "aerial-grid-estimate",
        "editable": true
      }
    },
    {
      "type": "Feature",
      "id": "bbg-childrens-grid-r2-c1",
      "geometry": {
        "type": "Polygon",
        "coordinates": [
          [
            [
              -73.33548272447544,
              42.2995217854133
            ],
            [
              -73.33546230977582,
              42.299515352438306
            ],
            [
              -73.33546808679307,
              42.29950524901208
            ],
            [
              -73.33548850149269,
              42.29951168198707
            ],
            [
              -73.33548272447544,
              42.2995217854133
            ]
          ]
        ]
      },
      "properties": {
        "gardenId": "berkshire-botanical-garden",
        "featureType": "bed",
        "featureId": "bbg-childrens-grid-r2-c1",
        "name": "Children's Vegetable Garden · row 2, bed 1",
        "localGeometry": {
          "type": "Polygon",
          "coordinates": [
            [
              [
                3614.2393723594546,
                -134.1584371084724
              ],
              [
                3680.5157218080303,
                -106.02579585724472
              ],
              [
                3661.7606276405454,
                -61.84156289152758
              ],
              [
                3595.4842781919697,
                -89.97420414275528
              ],
              [
                3614.2393723594546,
                -134.1584371084724
              ]
            ]
          ]
        },
        "localUnit": "inch",
        "rotationDegrees": 23,
        "source": null,
        "confidence": "low",
        "featureStatus": "aerial-grid-estimate",
        "geometryBasis": "regular-grid interpolation from six raster center controls; generalized dimensions and rotation",
        "geometryEdit": null,
        "surveyStatus": "not-surveyed",
        "boundaryPolicy": null,
        "taxonStatus": "unassigned; no crop observation",
        "identificationStatus": "regularized grid cell; polygon boundary unverified; crop unassigned",
        "collection": "beds",
        "kind": "bed",
        "plantId": null,
        "observationType": null,
        "geometryRepresentation": null,
        "canopyClass": null,
        "crownWidthFeet": null,
        "crownDepthFeet": null,
        "crownDiameterFeet": null,
        "crownRadiusEastWestFeet": null,
        "crownRadiusNorthSouthFeet": null,
        "crownMeasurementMethod": null,
        "crownConfidence": null,
        "heightEstimateFeet": null,
        "heightEstimateRangeFeet": null,
        "heightEstimateMethod": null,
        "heightConfidence": null,
        "sourcePixel": null,
        "sourceMapNumber": null,
        "digitizationRasterId": "massgis-2025-south-campus-wide-z20",
        "imageryId": "massgis-2025",
        "imageryZoom": 20,
        "imageryTileOrigin": [
          310677,
          388066
        ],
        "networkId": null,
        "parcelId": "bbg-parcel-215-1",
        "topologyNodeIds": [],
        "corridorWidthFeet": null,
        "parentId": "bbg-childrens-main-grid",
        "sectionId": "bbg-childrens-vegetable-garden-section",
        "subplotId": "bbg-childrens-main-grid",
        "gridCellId": "bbg-grid-estimate-child-r02-c01",
        "centerControlId": null,
        "boundaryConfidence": "low",
        "observedFootprintId": null,
        "snappedToFeatureId": null,
        "plantingAssignment": null,
        "cropTaxon": null,
        "sourceReferences": [
          {
            "sourceId": "source:bbg-visitor-map",
            "locator": "numbered landmark 12",
            "mapNumber": 12,
            "label": "Children's Vegetable Garden",
            "role": "regularized bed-grid cell within the named garden area",
            "confidence": "low"
          }
        ],
        "provenance": {
          "sourceId": "massgis-aerial-2025",
          "sourceFeatureId": "bbg-grid-estimate-child-r02-c01",
          "geometryMethod": "regular-grid interpolation from six raster center controls; generalized dimensions and rotation",
          "semanticMethod": "aerial-visible row/column identity only; cell boundary unverified; legacy demo crop assignments intentionally excluded",
          "sourceReferences": [
            {
              "sourceId": "source:bbg-visitor-map",
              "locator": "numbered landmark 12",
              "mapNumber": 12,
              "label": "Children's Vegetable Garden",
              "role": "regularized bed-grid cell within the named garden area",
              "confidence": "low"
            }
          ],
          "confidence": "low",
          "surveyStatus": "not-surveyed",
          "imageryId": "massgis-2025",
          "imageryZoom": 20,
          "digitizationRasterId": "massgis-2025-south-campus-wide-z20",
          "parcelAssignmentMethod": "representative point within canonical parcel polygon",
          "representativePoint": [
            -73.33547540563426,
            42.29951351721269
          ],
          "currentnessCaveat": "Orthophoto interpretation is not surveyed geometry; verify against current imagery or field measurements before construction.",
          "planningDataPolicy": "crop proposals and legacy demo names belong to browser workspaces, not the shared grid-estimate inventory"
        },
        "notes": "Unassigned aerial-visible grid cell estimate. Its center is interpolated from the six retained grid controls; dimensions, rotation, and every polygon edge remain generalized and unverified.",
        "zone": "Children's Vegetable Garden · regularized grid estimate",
        "layer": "beds",
        "sourceFeatureId": "bbg-grid-estimate-child-r02-c01",
        "widthInches": 72,
        "depthInches": 48,
        "row": 2,
        "column": 1,
        "status": "aerial-grid-estimate",
        "editable": true
      }
    },
    {
      "type": "Feature",
      "id": "bbg-childrens-grid-r2-c2",
      "geometry": {
        "type": "Polygon",
        "coordinates": [
          [
            [
              -73.33545962268296,
              42.29951446810534
            ],
            [
              -73.33543920798333,
              42.29950803513036
            ],
            [
              -73.33544498500058,
              42.299497931704124
            ],
            [
              -73.3354653997002,
              42.299504364679116
            ],
            [
              -73.33545962268296,
              42.29951446810534
            ]
          ]
        ]
      },
      "properties": {
        "gardenId": "berkshire-botanical-garden",
        "featureType": "bed",
        "featureId": "bbg-childrens-grid-r2-c2",
        "name": "Children's Vegetable Garden · row 2, bed 2",
        "localGeometry": {
          "type": "Polygon",
          "coordinates": [
            [
              [
                3689.2393723594546,
                -102.15843710847241
              ],
              [
                3755.5157218080303,
                -74.02579585724472
              ],
              [
                3736.7606276405454,
                -29.84156289152758
              ],
              [
                3670.4842781919697,
                -57.97420414275528
              ],
              [
                3689.2393723594546,
                -102.15843710847241
              ]
            ]
          ]
        },
        "localUnit": "inch",
        "rotationDegrees": 23,
        "source": null,
        "confidence": "low",
        "featureStatus": "aerial-grid-estimate",
        "geometryBasis": "regular-grid interpolation from six raster center controls; generalized dimensions and rotation",
        "geometryEdit": null,
        "surveyStatus": "not-surveyed",
        "boundaryPolicy": null,
        "taxonStatus": "unassigned; no crop observation",
        "identificationStatus": "regularized grid cell; polygon boundary unverified; crop unassigned",
        "collection": "beds",
        "kind": "bed",
        "plantId": null,
        "observationType": null,
        "geometryRepresentation": null,
        "canopyClass": null,
        "crownWidthFeet": null,
        "crownDepthFeet": null,
        "crownDiameterFeet": null,
        "crownRadiusEastWestFeet": null,
        "crownRadiusNorthSouthFeet": null,
        "crownMeasurementMethod": null,
        "crownConfidence": null,
        "heightEstimateFeet": null,
        "heightEstimateRangeFeet": null,
        "heightEstimateMethod": null,
        "heightConfidence": null,
        "sourcePixel": null,
        "sourceMapNumber": null,
        "digitizationRasterId": "massgis-2025-south-campus-wide-z20",
        "imageryId": "massgis-2025",
        "imageryZoom": 20,
        "imageryTileOrigin": [
          310677,
          388066
        ],
        "networkId": null,
        "parcelId": "bbg-parcel-215-1",
        "topologyNodeIds": [],
        "corridorWidthFeet": null,
        "parentId": "bbg-childrens-main-grid",
        "sectionId": "bbg-childrens-vegetable-garden-section",
        "subplotId": "bbg-childrens-main-grid",
        "gridCellId": "bbg-grid-estimate-child-r02-c02",
        "centerControlId": null,
        "boundaryConfidence": "low",
        "observedFootprintId": null,
        "snappedToFeatureId": null,
        "plantingAssignment": null,
        "cropTaxon": null,
        "sourceReferences": [
          {
            "sourceId": "source:bbg-visitor-map",
            "locator": "numbered landmark 12",
            "mapNumber": 12,
            "label": "Children's Vegetable Garden",
            "role": "regularized bed-grid cell within the named garden area",
            "confidence": "low"
          }
        ],
        "provenance": {
          "sourceId": "massgis-aerial-2025",
          "sourceFeatureId": "bbg-grid-estimate-child-r02-c02",
          "geometryMethod": "regular-grid interpolation from six raster center controls; generalized dimensions and rotation",
          "semanticMethod": "aerial-visible row/column identity only; cell boundary unverified; legacy demo crop assignments intentionally excluded",
          "sourceReferences": [
            {
              "sourceId": "source:bbg-visitor-map",
              "locator": "numbered landmark 12",
              "mapNumber": 12,
              "label": "Children's Vegetable Garden",
              "role": "regularized bed-grid cell within the named garden area",
              "confidence": "low"
            }
          ],
          "confidence": "low",
          "surveyStatus": "not-surveyed",
          "imageryId": "massgis-2025",
          "imageryZoom": 20,
          "digitizationRasterId": "massgis-2025-south-campus-wide-z20",
          "parcelAssignmentMethod": "representative point within canonical parcel polygon",
          "representativePoint": [
            -73.33545125448246,
            42.29950803512936
          ],
          "currentnessCaveat": "Orthophoto interpretation is not surveyed geometry; verify against current imagery or field measurements before construction.",
          "planningDataPolicy": "crop proposals and legacy demo names belong to browser workspaces, not the shared grid-estimate inventory"
        },
        "notes": "Unassigned aerial-visible grid cell estimate. Its center is interpolated from the six retained grid controls; dimensions, rotation, and every polygon edge remain generalized and unverified.",
        "zone": "Children's Vegetable Garden · regularized grid estimate",
        "layer": "beds",
        "sourceFeatureId": "bbg-grid-estimate-child-r02-c02",
        "widthInches": 72,
        "depthInches": 48,
        "row": 2,
        "column": 2,
        "status": "aerial-grid-estimate",
        "editable": true
      }
    },
    {
      "type": "Feature",
      "id": "bbg-childrens-grid-r2-c3",
      "geometry": {
        "type": "Polygon",
        "coordinates": [
          [
            [
              -73.33543621286657,
              42.29950715079739
            ],
            [
              -73.33541579816693,
              42.299500717822404
            ],
            [
              -73.33542157518418,
              42.29949061439618
            ],
            [
              -73.33544198988382,
              42.29949704737116
            ],
            [
              -73.33543621286657,
              42.29950715079739
            ]
          ]
        ]
      },
      "properties": {
        "gardenId": "berkshire-botanical-garden",
        "featureType": "bed",
        "featureId": "bbg-childrens-grid-r2-c3",
        "name": "Children's Vegetable Garden · row 2, bed 3",
        "localGeometry": {
          "type": "Polygon",
          "coordinates": [
            [
              [
                3765.2393723594546,
                -70.15843710847241
              ],
              [
                3831.5157218080303,
                -42.02579585724472
              ],
              [
                3812.7606276405454,
                2.1584371084724197
              ],
              [
                3746.4842781919697,
                -25.974204142755283
              ],
              [
                3765.2393723594546,
                -70.15843710847241
              ]
            ]
          ]
        },
        "localUnit": "inch",
        "rotationDegrees": 23,
        "source": null,
        "confidence": "low",
        "featureStatus": "aerial-grid-estimate",
        "geometryBasis": "regular-grid interpolation from six raster center controls; generalized dimensions and rotation",
        "geometryEdit": null,
        "surveyStatus": "not-surveyed",
        "boundaryPolicy": null,
        "taxonStatus": "unassigned; no crop observation",
        "identificationStatus": "regularized grid cell; polygon boundary unverified; crop unassigned",
        "collection": "beds",
        "kind": "bed",
        "plantId": null,
        "observationType": null,
        "geometryRepresentation": null,
        "canopyClass": null,
        "crownWidthFeet": null,
        "crownDepthFeet": null,
        "crownDiameterFeet": null,
        "crownRadiusEastWestFeet": null,
        "crownRadiusNorthSouthFeet": null,
        "crownMeasurementMethod": null,
        "crownConfidence": null,
        "heightEstimateFeet": null,
        "heightEstimateRangeFeet": null,
        "heightEstimateMethod": null,
        "heightConfidence": null,
        "sourcePixel": null,
        "sourceMapNumber": null,
        "digitizationRasterId": "massgis-2025-south-campus-wide-z20",
        "imageryId": "massgis-2025",
        "imageryZoom": 20,
        "imageryTileOrigin": [
          310677,
          388066
        ],
        "networkId": null,
        "parcelId": "bbg-parcel-215-1",
        "topologyNodeIds": [],
        "corridorWidthFeet": null,
        "parentId": "bbg-childrens-main-grid",
        "sectionId": "bbg-childrens-vegetable-garden-section",
        "subplotId": "bbg-childrens-main-grid",
        "gridCellId": "bbg-grid-estimate-child-r02-c03",
        "centerControlId": null,
        "boundaryConfidence": "low",
        "observedFootprintId": null,
        "snappedToFeatureId": null,
        "plantingAssignment": null,
        "cropTaxon": null,
        "sourceReferences": [
          {
            "sourceId": "source:bbg-visitor-map",
            "locator": "numbered landmark 12",
            "mapNumber": 12,
            "label": "Children's Vegetable Garden",
            "role": "regularized bed-grid cell within the named garden area",
            "confidence": "low"
          }
        ],
        "provenance": {
          "sourceId": "massgis-aerial-2025",
          "sourceFeatureId": "bbg-grid-estimate-child-r02-c03",
          "geometryMethod": "regular-grid interpolation from six raster center controls; generalized dimensions and rotation",
          "semanticMethod": "aerial-visible row/column identity only; cell boundary unverified; legacy demo crop assignments intentionally excluded",
          "sourceReferences": [
            {
              "sourceId": "source:bbg-visitor-map",
              "locator": "numbered landmark 12",
              "mapNumber": 12,
              "label": "Children's Vegetable Garden",
              "role": "regularized bed-grid cell within the named garden area",
              "confidence": "low"
            }
          ],
          "confidence": "low",
          "surveyStatus": "not-surveyed",
          "imageryId": "massgis-2025",
          "imageryZoom": 20,
          "digitizationRasterId": "massgis-2025-south-campus-wide-z20",
          "parcelAssignmentMethod": "representative point within canonical parcel polygon",
          "representativePoint": [
            -73.33542889402538,
            42.29949888259678
          ],
          "currentnessCaveat": "Orthophoto interpretation is not surveyed geometry; verify against current imagery or field measurements before construction.",
          "planningDataPolicy": "crop proposals and legacy demo names belong to browser workspaces, not the shared grid-estimate inventory"
        },
        "notes": "Unassigned aerial-visible grid cell estimate. Its center is interpolated from the six retained grid controls; dimensions, rotation, and every polygon edge remain generalized and unverified.",
        "zone": "Children's Vegetable Garden · regularized grid estimate",
        "layer": "beds",
        "sourceFeatureId": "bbg-grid-estimate-child-r02-c03",
        "widthInches": 72,
        "depthInches": 48,
        "row": 2,
        "column": 3,
        "status": "aerial-grid-estimate",
        "editable": true
      }
    },
    {
      "type": "Feature",
      "id": "bbg-childrens-grid-r3-c1",
      "geometry": {
        "type": "Polygon",
        "coordinates": [
          [
            [
              -73.33549196519245,
              42.29949869016007
            ],
            [
              -73.33547155049281,
              42.29949225718508
            ],
            [
              -73.33547732751006,
              42.29948215375885
            ],
            [
              -73.33549774220968,
              42.29948858673384
            ],
            [
              -73.33549196519245,
              42.29949869016007
            ]
          ]
        ]
      },
      "properties": {
        "gardenId": "berkshire-botanical-garden",
        "featureType": "bed",
        "featureId": "bbg-childrens-grid-r3-c1",
        "name": "Children's Vegetable Garden · row 3, bed 1",
        "localGeometry": {
          "type": "Polygon",
          "coordinates": [
            [
              [
                3584.2393723594546,
                -33.15843710847242
              ],
              [
                3650.5157218080303,
                -5.025795857244715
              ],
              [
                3631.7606276405454,
                39.15843710847242
              ],
              [
                3565.4842781919697,
                11.025795857244715
              ],
              [
                3584.2393723594546,
                -33.15843710847242
              ]
            ]
          ]
        },
        "localUnit": "inch",
        "rotationDegrees": 23,
        "source": null,
        "confidence": "low",
        "featureStatus": "aerial-grid-estimate",
        "geometryBasis": "regular-grid interpolation from six raster center controls; generalized dimensions and rotation",
        "geometryEdit": null,
        "surveyStatus": "not-surveyed",
        "boundaryPolicy": null,
        "taxonStatus": "unassigned; no crop observation",
        "identificationStatus": "regularized grid cell; polygon boundary unverified; crop unassigned",
        "collection": "beds",
        "kind": "bed",
        "plantId": null,
        "observationType": null,
        "geometryRepresentation": null,
        "canopyClass": null,
        "crownWidthFeet": null,
        "crownDepthFeet": null,
        "crownDiameterFeet": null,
        "crownRadiusEastWestFeet": null,
        "crownRadiusNorthSouthFeet": null,
        "crownMeasurementMethod": null,
        "crownConfidence": null,
        "heightEstimateFeet": null,
        "heightEstimateRangeFeet": null,
        "heightEstimateMethod": null,
        "heightConfidence": null,
        "sourcePixel": null,
        "sourceMapNumber": null,
        "digitizationRasterId": "massgis-2025-south-campus-wide-z20",
        "imageryId": "massgis-2025",
        "imageryZoom": 20,
        "imageryTileOrigin": [
          310677,
          388066
        ],
        "networkId": null,
        "parcelId": "bbg-parcel-215-1",
        "topologyNodeIds": [],
        "corridorWidthFeet": null,
        "parentId": "bbg-childrens-main-grid",
        "sectionId": "bbg-childrens-vegetable-garden-section",
        "subplotId": "bbg-childrens-main-grid",
        "gridCellId": "bbg-grid-estimate-child-r03-c01",
        "centerControlId": null,
        "boundaryConfidence": "low",
        "observedFootprintId": null,
        "snappedToFeatureId": null,
        "plantingAssignment": null,
        "cropTaxon": null,
        "sourceReferences": [
          {
            "sourceId": "source:bbg-visitor-map",
            "locator": "numbered landmark 12",
            "mapNumber": 12,
            "label": "Children's Vegetable Garden",
            "role": "regularized bed-grid cell within the named garden area",
            "confidence": "low"
          }
        ],
        "provenance": {
          "sourceId": "massgis-aerial-2025",
          "sourceFeatureId": "bbg-grid-estimate-child-r03-c01",
          "geometryMethod": "regular-grid interpolation from six raster center controls; generalized dimensions and rotation",
          "semanticMethod": "aerial-visible row/column identity only; cell boundary unverified; legacy demo crop assignments intentionally excluded",
          "sourceReferences": [
            {
              "sourceId": "source:bbg-visitor-map",
              "locator": "numbered landmark 12",
              "mapNumber": 12,
              "label": "Children's Vegetable Garden",
              "role": "regularized bed-grid cell within the named garden area",
              "confidence": "low"
            }
          ],
          "confidence": "low",
          "surveyStatus": "not-surveyed",
          "imageryId": "massgis-2025",
          "imageryZoom": 20,
          "digitizationRasterId": "massgis-2025-south-campus-wide-z20",
          "parcelAssignmentMethod": "representative point within canonical parcel polygon",
          "representativePoint": [
            -73.33548464635125,
            42.29949042195946
          ],
          "currentnessCaveat": "Orthophoto interpretation is not surveyed geometry; verify against current imagery or field measurements before construction.",
          "planningDataPolicy": "crop proposals and legacy demo names belong to browser workspaces, not the shared grid-estimate inventory"
        },
        "notes": "Unassigned aerial-visible grid cell estimate. Its center is interpolated from the six retained grid controls; dimensions, rotation, and every polygon edge remain generalized and unverified.",
        "zone": "Children's Vegetable Garden · regularized grid estimate",
        "layer": "beds",
        "sourceFeatureId": "bbg-grid-estimate-child-r03-c01",
        "widthInches": 72,
        "depthInches": 48,
        "row": 3,
        "column": 1,
        "status": "aerial-grid-estimate",
        "editable": true
      }
    },
    {
      "type": "Feature",
      "id": "bbg-childrens-grid-r3-c2",
      "geometry": {
        "type": "Polygon",
        "coordinates": [
          [
            [
              -73.33546886339995,
              42.29949137285212
            ],
            [
              -73.33544844870032,
              42.299484939877125
            ],
            [
              -73.33545422571757,
              42.2994748364509
            ],
            [
              -73.3354746404172,
              42.29948126942589
            ],
            [
              -73.33546886339995,
              42.29949137285212
            ]
          ]
        ]
      },
      "properties": {
        "gardenId": "berkshire-botanical-garden",
        "featureType": "bed",
        "featureId": "bbg-childrens-grid-r3-c2",
        "name": "Children's Vegetable Garden · row 3, bed 2",
        "localGeometry": {
          "type": "Polygon",
          "coordinates": [
            [
              [
                3659.2393723594546,
                -1.1584371084724197
              ],
              [
                3725.5157218080303,
                26.974204142755283
              ],
              [
                3706.7606276405454,
                71.15843710847241
              ],
              [
                3640.4842781919697,
                43.02579585724472
              ],
              [
                3659.2393723594546,
                -1.1584371084724197
              ]
            ]
          ]
        },
        "localUnit": "inch",
        "rotationDegrees": 23,
        "source": null,
        "confidence": "low",
        "featureStatus": "aerial-grid-estimate",
        "geometryBasis": "regular-grid interpolation from six raster center controls; generalized dimensions and rotation",
        "geometryEdit": null,
        "surveyStatus": "not-surveyed",
        "boundaryPolicy": null,
        "taxonStatus": "unassigned; no crop observation",
        "identificationStatus": "regularized grid cell; polygon boundary unverified; crop unassigned",
        "collection": "beds",
        "kind": "bed",
        "plantId": null,
        "observationType": null,
        "geometryRepresentation": null,
        "canopyClass": null,
        "crownWidthFeet": null,
        "crownDepthFeet": null,
        "crownDiameterFeet": null,
        "crownRadiusEastWestFeet": null,
        "crownRadiusNorthSouthFeet": null,
        "crownMeasurementMethod": null,
        "crownConfidence": null,
        "heightEstimateFeet": null,
        "heightEstimateRangeFeet": null,
        "heightEstimateMethod": null,
        "heightConfidence": null,
        "sourcePixel": null,
        "sourceMapNumber": null,
        "digitizationRasterId": "massgis-2025-south-campus-wide-z20",
        "imageryId": "massgis-2025",
        "imageryZoom": 20,
        "imageryTileOrigin": [
          310677,
          388066
        ],
        "networkId": null,
        "parcelId": "bbg-parcel-215-1",
        "topologyNodeIds": [],
        "corridorWidthFeet": null,
        "parentId": "bbg-childrens-main-grid",
        "sectionId": "bbg-childrens-vegetable-garden-section",
        "subplotId": "bbg-childrens-main-grid",
        "gridCellId": "bbg-grid-estimate-child-r03-c02",
        "centerControlId": null,
        "boundaryConfidence": "low",
        "observedFootprintId": null,
        "snappedToFeatureId": null,
        "plantingAssignment": null,
        "cropTaxon": null,
        "sourceReferences": [
          {
            "sourceId": "source:bbg-visitor-map",
            "locator": "numbered landmark 12",
            "mapNumber": 12,
            "label": "Children's Vegetable Garden",
            "role": "regularized bed-grid cell within the named garden area",
            "confidence": "low"
          }
        ],
        "provenance": {
          "sourceId": "massgis-aerial-2025",
          "sourceFeatureId": "bbg-grid-estimate-child-r03-c02",
          "geometryMethod": "regular-grid interpolation from six raster center controls; generalized dimensions and rotation",
          "semanticMethod": "aerial-visible row/column identity only; cell boundary unverified; legacy demo crop assignments intentionally excluded",
          "sourceReferences": [
            {
              "sourceId": "source:bbg-visitor-map",
              "locator": "numbered landmark 12",
              "mapNumber": 12,
              "label": "Children's Vegetable Garden",
              "role": "regularized bed-grid cell within the named garden area",
              "confidence": "low"
            }
          ],
          "confidence": "low",
          "surveyStatus": "not-surveyed",
          "imageryId": "massgis-2025",
          "imageryZoom": 20,
          "digitizationRasterId": "massgis-2025-south-campus-wide-z20",
          "parcelAssignmentMethod": "representative point within canonical parcel polygon",
          "representativePoint": [
            -73.33546154455877,
            42.29948310465151
          ],
          "currentnessCaveat": "Orthophoto interpretation is not surveyed geometry; verify against current imagery or field measurements before construction.",
          "planningDataPolicy": "crop proposals and legacy demo names belong to browser workspaces, not the shared grid-estimate inventory"
        },
        "notes": "Unassigned aerial-visible grid cell estimate. Its center is interpolated from the six retained grid controls; dimensions, rotation, and every polygon edge remain generalized and unverified.",
        "zone": "Children's Vegetable Garden · regularized grid estimate",
        "layer": "beds",
        "sourceFeatureId": "bbg-grid-estimate-child-r03-c02",
        "widthInches": 72,
        "depthInches": 48,
        "row": 3,
        "column": 2,
        "status": "aerial-grid-estimate",
        "editable": true
      }
    },
    {
      "type": "Feature",
      "id": "bbg-childrens-grid-r3-c3",
      "geometry": {
        "type": "Polygon",
        "coordinates": [
          [
            [
              -73.33544576160746,
              42.29948405554416
            ],
            [
              -73.33542534690784,
              42.29947762256918
            ],
            [
              -73.33543112392509,
              42.29946751914295
            ],
            [
              -73.33545153862471,
              42.299473952117935
            ],
            [
              -73.33544576160746,
              42.29948405554416
            ]
          ]
        ]
      },
      "properties": {
        "gardenId": "berkshire-botanical-garden",
        "featureType": "bed",
        "featureId": "bbg-childrens-grid-r3-c3",
        "name": "Children's Vegetable Garden · row 3, bed 3",
        "localGeometry": {
          "type": "Polygon",
          "coordinates": [
            [
              [
                3734.2393723594546,
                30.84156289152758
              ],
              [
                3800.5157218080303,
                58.97420414275528
              ],
              [
                3781.7606276405454,
                103.15843710847241
              ],
              [
                3715.4842781919697,
                75.02579585724472
              ],
              [
                3734.2393723594546,
                30.84156289152758
              ]
            ]
          ]
        },
        "localUnit": "inch",
        "rotationDegrees": 23,
        "source": null,
        "confidence": "low",
        "featureStatus": "aerial-grid-estimate",
        "geometryBasis": "regular-grid interpolation from six raster center controls; generalized dimensions and rotation",
        "geometryEdit": null,
        "surveyStatus": "not-surveyed",
        "boundaryPolicy": null,
        "taxonStatus": "unassigned; no crop observation",
        "identificationStatus": "regularized grid cell; polygon boundary unverified; crop unassigned",
        "collection": "beds",
        "kind": "bed",
        "plantId": null,
        "observationType": null,
        "geometryRepresentation": null,
        "canopyClass": null,
        "crownWidthFeet": null,
        "crownDepthFeet": null,
        "crownDiameterFeet": null,
        "crownRadiusEastWestFeet": null,
        "crownRadiusNorthSouthFeet": null,
        "crownMeasurementMethod": null,
        "crownConfidence": null,
        "heightEstimateFeet": null,
        "heightEstimateRangeFeet": null,
        "heightEstimateMethod": null,
        "heightConfidence": null,
        "sourcePixel": null,
        "sourceMapNumber": null,
        "digitizationRasterId": "massgis-2025-south-campus-wide-z20",
        "imageryId": "massgis-2025",
        "imageryZoom": 20,
        "imageryTileOrigin": [
          310677,
          388066
        ],
        "networkId": null,
        "parcelId": "bbg-parcel-215-1",
        "topologyNodeIds": [],
        "corridorWidthFeet": null,
        "parentId": "bbg-childrens-main-grid",
        "sectionId": "bbg-childrens-vegetable-garden-section",
        "subplotId": "bbg-childrens-main-grid",
        "gridCellId": "bbg-grid-estimate-child-r03-c03",
        "centerControlId": null,
        "boundaryConfidence": "low",
        "observedFootprintId": null,
        "snappedToFeatureId": null,
        "plantingAssignment": null,
        "cropTaxon": null,
        "sourceReferences": [
          {
            "sourceId": "source:bbg-visitor-map",
            "locator": "numbered landmark 12",
            "mapNumber": 12,
            "label": "Children's Vegetable Garden",
            "role": "regularized bed-grid cell within the named garden area",
            "confidence": "low"
          }
        ],
        "provenance": {
          "sourceId": "massgis-aerial-2025",
          "sourceFeatureId": "bbg-grid-estimate-child-r03-c03",
          "geometryMethod": "regular-grid interpolation from six raster center controls; generalized dimensions and rotation",
          "semanticMethod": "aerial-visible row/column identity only; cell boundary unverified; legacy demo crop assignments intentionally excluded",
          "sourceReferences": [
            {
              "sourceId": "source:bbg-visitor-map",
              "locator": "numbered landmark 12",
              "mapNumber": 12,
              "label": "Children's Vegetable Garden",
              "role": "regularized bed-grid cell within the named garden area",
              "confidence": "low"
            }
          ],
          "confidence": "low",
          "surveyStatus": "not-surveyed",
          "imageryId": "massgis-2025",
          "imageryZoom": 20,
          "digitizationRasterId": "massgis-2025-south-campus-wide-z20",
          "parcelAssignmentMethod": "representative point within canonical parcel polygon",
          "representativePoint": [
            -73.33543844276628,
            42.29947578734355
          ],
          "currentnessCaveat": "Orthophoto interpretation is not surveyed geometry; verify against current imagery or field measurements before construction.",
          "planningDataPolicy": "crop proposals and legacy demo names belong to browser workspaces, not the shared grid-estimate inventory"
        },
        "notes": "Unassigned aerial-visible grid cell estimate. Its center is interpolated from the six retained grid controls; dimensions, rotation, and every polygon edge remain generalized and unverified.",
        "zone": "Children's Vegetable Garden · regularized grid estimate",
        "layer": "beds",
        "sourceFeatureId": "bbg-grid-estimate-child-r03-c03",
        "widthInches": 72,
        "depthInches": 48,
        "row": 3,
        "column": 3,
        "status": "aerial-grid-estimate",
        "editable": true
      }
    },
    {
      "type": "Feature",
      "id": "bbg-childrens-3",
      "geometry": {
        "type": "Polygon",
        "coordinates": [
          [
            [
              -73.33550151393334,
              42.29947559490684
            ],
            [
              -73.33548109923372,
              42.29946916193185
            ],
            [
              -73.33548687625095,
              42.299459058505626
            ],
            [
              -73.33550729095059,
              42.29946549148061
            ],
            [
              -73.33550151393334,
              42.29947559490684
            ]
          ]
        ]
      },
      "properties": {
        "gardenId": "berkshire-botanical-garden",
        "featureType": "bed",
        "featureId": "bbg-childrens-3",
        "name": "Children's Vegetable Garden · row 4, bed 1",
        "localGeometry": {
          "type": "Polygon",
          "coordinates": [
            [
              [
                3553.2393723594546,
                67.84156289152759
              ],
              [
                3619.5157218080303,
                95.97420414275528
              ],
              [
                3600.7606276405454,
                140.1584371084724
              ],
              [
                3534.4842781919697,
                112.02579585724472
              ],
              [
                3553.2393723594546,
                67.84156289152759
              ]
            ]
          ]
        },
        "localUnit": "inch",
        "rotationDegrees": 23,
        "source": null,
        "confidence": "low",
        "featureStatus": "aerial-grid-estimate",
        "geometryBasis": "regular-grid interpolation from six raster center controls; generalized dimensions and rotation",
        "geometryEdit": null,
        "surveyStatus": "not-surveyed",
        "boundaryPolicy": null,
        "taxonStatus": "unassigned; no crop observation",
        "identificationStatus": "regularized grid cell; polygon boundary unverified; crop unassigned",
        "collection": "beds",
        "kind": "bed",
        "plantId": null,
        "observationType": null,
        "geometryRepresentation": null,
        "canopyClass": null,
        "crownWidthFeet": null,
        "crownDepthFeet": null,
        "crownDiameterFeet": null,
        "crownRadiusEastWestFeet": null,
        "crownRadiusNorthSouthFeet": null,
        "crownMeasurementMethod": null,
        "crownConfidence": null,
        "heightEstimateFeet": null,
        "heightEstimateRangeFeet": null,
        "heightEstimateMethod": null,
        "heightConfidence": null,
        "sourcePixel": null,
        "sourceMapNumber": null,
        "digitizationRasterId": "massgis-2025-south-campus-wide-z20",
        "imageryId": "massgis-2025",
        "imageryZoom": 20,
        "imageryTileOrigin": [
          310677,
          388066
        ],
        "networkId": null,
        "parcelId": "bbg-parcel-215-1",
        "topologyNodeIds": [],
        "corridorWidthFeet": null,
        "parentId": "bbg-childrens-main-grid",
        "sectionId": "bbg-childrens-vegetable-garden-section",
        "subplotId": "bbg-childrens-main-grid",
        "gridCellId": "bbg-grid-estimate-child-r04-c01",
        "centerControlId": null,
        "boundaryConfidence": "low",
        "observedFootprintId": null,
        "snappedToFeatureId": "bbg-grid-estimate-child-r04-c01",
        "plantingAssignment": null,
        "cropTaxon": null,
        "sourceReferences": [
          {
            "sourceId": "source:bbg-visitor-map",
            "locator": "numbered landmark 12",
            "mapNumber": 12,
            "label": "Children's Vegetable Garden",
            "role": "regularized bed-grid cell within the named garden area",
            "confidence": "low"
          }
        ],
        "provenance": {
          "sourceId": "massgis-aerial-2025",
          "sourceFeatureId": "bbg-grid-estimate-child-r04-c01",
          "geometryMethod": "regular-grid interpolation from six raster center controls; generalized dimensions and rotation",
          "semanticMethod": "aerial-visible row/column identity only; cell boundary unverified; legacy demo crop assignments intentionally excluded",
          "sourceReferences": [
            {
              "sourceId": "source:bbg-visitor-map",
              "locator": "numbered landmark 12",
              "mapNumber": 12,
              "label": "Children's Vegetable Garden",
              "role": "regularized bed-grid cell within the named garden area",
              "confidence": "low"
            }
          ],
          "confidence": "low",
          "surveyStatus": "not-surveyed",
          "imageryId": "massgis-2025",
          "imageryZoom": 20,
          "digitizationRasterId": "massgis-2025-south-campus-wide-z20",
          "parcelAssignmentMethod": "representative point within canonical parcel polygon",
          "representativePoint": [
            -73.33549524445145,
            42.29946549148161
          ],
          "currentnessCaveat": "Orthophoto interpretation is not surveyed geometry; verify against current imagery or field measurements before construction.",
          "planningDataPolicy": "crop proposals and legacy demo names belong to browser workspaces, not the shared grid-estimate inventory"
        },
        "notes": "Planning assignment on an aerial-visible grid cell estimate. Its center is interpolated from the six retained grid controls; dimensions, rotation, and every polygon edge remain generalized and unverified.",
        "zone": "Children's Vegetable Garden · regularized grid estimate",
        "layer": "beds",
        "sourceFeatureId": "bbg-grid-estimate-child-r04-c01",
        "widthInches": 72,
        "depthInches": 48,
        "row": 4,
        "column": 1,
        "status": "aerial-grid-estimate",
        "editable": true
      }
    },
    {
      "type": "Feature",
      "id": "bbg-childrens-grid-r4-c2",
      "geometry": {
        "type": "Polygon",
        "coordinates": [
          [
            [
              -73.33547810411694,
              42.29946827759889
            ],
            [
              -73.33545768941732,
              42.2994618446239
            ],
            [
              -73.33546346643458,
              42.29945174119767
            ],
            [
              -73.3354838811342,
              42.29945817417266
            ],
            [
              -73.33547810411694,
              42.29946827759889
            ]
          ]
        ]
      },
      "properties": {
        "gardenId": "berkshire-botanical-garden",
        "featureType": "bed",
        "featureId": "bbg-childrens-grid-r4-c2",
        "name": "Children's Vegetable Garden · row 4, bed 2",
        "localGeometry": {
          "type": "Polygon",
          "coordinates": [
            [
              [
                3629.2393723594546,
                99.84156289152759
              ],
              [
                3695.5157218080303,
                127.97420414275528
              ],
              [
                3676.7606276405454,
                172.1584371084724
              ],
              [
                3610.4842781919697,
                144.0257958572447
              ],
              [
                3629.2393723594546,
                99.84156289152759
              ]
            ]
          ]
        },
        "localUnit": "inch",
        "rotationDegrees": 23,
        "source": null,
        "confidence": "low",
        "featureStatus": "aerial-grid-estimate",
        "geometryBasis": "regular-grid interpolation from six raster center controls; generalized dimensions and rotation",
        "geometryEdit": null,
        "surveyStatus": "not-surveyed",
        "boundaryPolicy": null,
        "taxonStatus": "unassigned; no crop observation",
        "identificationStatus": "regularized grid cell; polygon boundary unverified; crop unassigned",
        "collection": "beds",
        "kind": "bed",
        "plantId": null,
        "observationType": null,
        "geometryRepresentation": null,
        "canopyClass": null,
        "crownWidthFeet": null,
        "crownDepthFeet": null,
        "crownDiameterFeet": null,
        "crownRadiusEastWestFeet": null,
        "crownRadiusNorthSouthFeet": null,
        "crownMeasurementMethod": null,
        "crownConfidence": null,
        "heightEstimateFeet": null,
        "heightEstimateRangeFeet": null,
        "heightEstimateMethod": null,
        "heightConfidence": null,
        "sourcePixel": null,
        "sourceMapNumber": null,
        "digitizationRasterId": "massgis-2025-south-campus-wide-z20",
        "imageryId": "massgis-2025",
        "imageryZoom": 20,
        "imageryTileOrigin": [
          310677,
          388066
        ],
        "networkId": null,
        "parcelId": "bbg-parcel-215-1",
        "topologyNodeIds": [],
        "corridorWidthFeet": null,
        "parentId": "bbg-childrens-main-grid",
        "sectionId": "bbg-childrens-vegetable-garden-section",
        "subplotId": "bbg-childrens-main-grid",
        "gridCellId": "bbg-grid-estimate-child-r04-c02",
        "centerControlId": null,
        "boundaryConfidence": "low",
        "observedFootprintId": null,
        "snappedToFeatureId": null,
        "plantingAssignment": null,
        "cropTaxon": null,
        "sourceReferences": [
          {
            "sourceId": "source:bbg-visitor-map",
            "locator": "numbered landmark 12",
            "mapNumber": 12,
            "label": "Children's Vegetable Garden",
            "role": "regularized bed-grid cell within the named garden area",
            "confidence": "low"
          }
        ],
        "provenance": {
          "sourceId": "massgis-aerial-2025",
          "sourceFeatureId": "bbg-grid-estimate-child-r04-c02",
          "geometryMethod": "regular-grid interpolation from six raster center controls; generalized dimensions and rotation",
          "semanticMethod": "aerial-visible row/column identity only; cell boundary unverified; legacy demo crop assignments intentionally excluded",
          "sourceReferences": [
            {
              "sourceId": "source:bbg-visitor-map",
              "locator": "numbered landmark 12",
              "mapNumber": 12,
              "label": "Children's Vegetable Garden",
              "role": "regularized bed-grid cell within the named garden area",
              "confidence": "low"
            }
          ],
          "confidence": "low",
          "surveyStatus": "not-surveyed",
          "imageryId": "massgis-2025",
          "imageryZoom": 20,
          "digitizationRasterId": "massgis-2025-south-campus-wide-z20",
          "parcelAssignmentMethod": "representative point within canonical parcel polygon",
          "representativePoint": [
            -73.33547078527576,
            42.29946000939828
          ],
          "currentnessCaveat": "Orthophoto interpretation is not surveyed geometry; verify against current imagery or field measurements before construction.",
          "planningDataPolicy": "crop proposals and legacy demo names belong to browser workspaces, not the shared grid-estimate inventory"
        },
        "notes": "Unassigned aerial-visible grid cell estimate. Its center is interpolated from the six retained grid controls; dimensions, rotation, and every polygon edge remain generalized and unverified.",
        "zone": "Children's Vegetable Garden · regularized grid estimate",
        "layer": "beds",
        "sourceFeatureId": "bbg-grid-estimate-child-r04-c02",
        "widthInches": 72,
        "depthInches": 48,
        "row": 4,
        "column": 2,
        "status": "aerial-grid-estimate",
        "editable": true
      }
    },
    {
      "type": "Feature",
      "id": "bbg-childrens-4",
      "geometry": {
        "type": "Polygon",
        "coordinates": [
          [
            [
              -73.33545500232445,
              42.299460960290936
            ],
            [
              -73.33543458762483,
              42.299454527315945
            ],
            [
              -73.33544036464208,
              42.29944442388972
            ],
            [
              -73.3354607793417,
              42.29945085686471
            ],
            [
              -73.33545500232445,
              42.299460960290936
            ]
          ]
        ]
      },
      "properties": {
        "gardenId": "berkshire-botanical-garden",
        "featureType": "bed",
        "featureId": "bbg-childrens-4",
        "name": "Children's Vegetable Garden · row 4, bed 3",
        "localGeometry": {
          "type": "Polygon",
          "coordinates": [
            [
              [
                3704.2393723594546,
                131.8415628915276
              ],
              [
                3770.5157218080303,
                159.9742041427553
              ],
              [
                3751.7606276405454,
                204.1584371084724
              ],
              [
                3685.4842781919697,
                176.0257958572447
              ],
              [
                3704.2393723594546,
                131.8415628915276
              ]
            ]
          ]
        },
        "localUnit": "inch",
        "rotationDegrees": 23,
        "source": null,
        "confidence": "medium",
        "featureStatus": "aerial-grid-estimate",
        "geometryBasis": "regular-grid interpolation from six raster center controls; generalized dimensions and rotation",
        "geometryEdit": null,
        "surveyStatus": "not-surveyed",
        "boundaryPolicy": null,
        "taxonStatus": "unassigned; no crop observation",
        "identificationStatus": "regularized grid cell; polygon boundary unverified; crop unassigned",
        "collection": "beds",
        "kind": "bed",
        "plantId": null,
        "observationType": null,
        "geometryRepresentation": null,
        "canopyClass": null,
        "crownWidthFeet": null,
        "crownDepthFeet": null,
        "crownDiameterFeet": null,
        "crownRadiusEastWestFeet": null,
        "crownRadiusNorthSouthFeet": null,
        "crownMeasurementMethod": null,
        "crownConfidence": null,
        "heightEstimateFeet": null,
        "heightEstimateRangeFeet": null,
        "heightEstimateMethod": null,
        "heightConfidence": null,
        "sourcePixel": null,
        "sourceMapNumber": null,
        "digitizationRasterId": "massgis-2025-south-campus-wide-z20",
        "imageryId": "massgis-2025",
        "imageryZoom": 20,
        "imageryTileOrigin": [
          310677,
          388066
        ],
        "networkId": null,
        "parcelId": "bbg-parcel-215-1",
        "topologyNodeIds": [],
        "corridorWidthFeet": null,
        "parentId": "bbg-childrens-main-grid",
        "sectionId": "bbg-childrens-vegetable-garden-section",
        "subplotId": "bbg-childrens-main-grid",
        "gridCellId": "bbg-grid-estimate-child-r04-c03",
        "centerControlId": "childrens-grid-southeast-bed",
        "boundaryConfidence": "low",
        "observedFootprintId": null,
        "snappedToFeatureId": "bbg-grid-estimate-child-r04-c03",
        "plantingAssignment": null,
        "cropTaxon": null,
        "sourceReferences": [
          {
            "sourceId": "source:bbg-visitor-map",
            "locator": "numbered landmark 12",
            "mapNumber": 12,
            "label": "Children's Vegetable Garden",
            "role": "regularized bed-grid cell within the named garden area",
            "confidence": "medium"
          }
        ],
        "provenance": {
          "sourceId": "massgis-aerial-2025",
          "sourceFeatureId": "bbg-grid-estimate-child-r04-c03",
          "geometryMethod": "regular-grid interpolation from six raster center controls; generalized dimensions and rotation",
          "semanticMethod": "aerial-visible row/column identity only; cell boundary unverified; legacy demo crop assignments intentionally excluded",
          "sourceReferences": [
            {
              "sourceId": "source:bbg-visitor-map",
              "locator": "numbered landmark 12",
              "mapNumber": 12,
              "label": "Children's Vegetable Garden",
              "role": "regularized bed-grid cell within the named garden area",
              "confidence": "medium"
            }
          ],
          "confidence": "medium",
          "surveyStatus": "not-surveyed",
          "imageryId": "massgis-2025",
          "imageryZoom": 20,
          "digitizationRasterId": "massgis-2025-south-campus-wide-z20",
          "parcelAssignmentMethod": "representative point within canonical parcel polygon",
          "representativePoint": [
            -73.33544768348327,
            42.29945269209033
          ],
          "currentnessCaveat": "Orthophoto interpretation is not surveyed geometry; verify against current imagery or field measurements before construction.",
          "planningDataPolicy": "crop proposals and legacy demo names belong to browser workspaces, not the shared grid-estimate inventory"
        },
        "notes": "Planning assignment on an aerial-visible grid cell estimate. Its center is tied to raster control childrens-grid-southeast-bed; dimensions, rotation, and every polygon edge remain generalized and unverified.",
        "zone": "Children's Vegetable Garden · regularized grid estimate",
        "layer": "beds",
        "sourceFeatureId": "bbg-grid-estimate-child-r04-c03",
        "widthInches": 72,
        "depthInches": 48,
        "row": 4,
        "column": 3,
        "status": "aerial-grid-estimate",
        "editable": true
      }
    },
    {
      "type": "Feature",
      "id": "bbg-discovery-food-flowers",
      "geometry": {
        "type": "Polygon",
        "coordinates": [
          [
            [
              -73.33631087733734,
              42.3000708202243
            ],
            [
              -73.33623735657429,
              42.30007655672647
            ],
            [
              -73.33623426563686,
              42.30005472505754
            ],
            [
              -73.3363077863999,
              42.300048988555375
            ],
            [
              -73.33631087733734,
              42.3000708202243
            ]
          ]
        ]
      },
      "properties": {
        "gardenId": "berkshire-botanical-garden",
        "featureType": "bed",
        "featureId": "bbg-discovery-food-flowers",
        "name": "Discovery food + flowers · planned study",
        "localGeometry": {
          "type": "Polygon",
          "coordinates": [
            [
              [
                925.6400063189599,
                -2535.1936353855585
              ],
              [
                1164.3252612073454,
                -2560.2804665697954
              ],
              [
                1174.3599936810401,
                -2464.8063646144415
              ],
              [
                935.6747387926546,
                -2439.7195334302046
              ],
              [
                925.6400063189599,
                -2535.1936353855585
              ]
            ]
          ]
        },
        "localUnit": "inch",
        "rotationDegrees": -6,
        "source": null,
        "confidence": "low",
        "featureStatus": "planned-study",
        "geometryBasis": "schematic planning bed within an aerial-interpreted garden section",
        "geometryEdit": null,
        "surveyStatus": "not-surveyed",
        "boundaryPolicy": null,
        "taxonStatus": "planning-proposal; not an observed crop",
        "identificationStatus": "explicit garden-planning study; not an observed physical crop inventory",
        "collection": "beds",
        "kind": "bed",
        "plantId": null,
        "observationType": null,
        "geometryRepresentation": null,
        "canopyClass": null,
        "crownWidthFeet": null,
        "crownDepthFeet": null,
        "crownDiameterFeet": null,
        "crownRadiusEastWestFeet": null,
        "crownRadiusNorthSouthFeet": null,
        "crownMeasurementMethod": null,
        "crownConfidence": null,
        "heightEstimateFeet": null,
        "heightEstimateRangeFeet": null,
        "heightEstimateMethod": null,
        "heightConfidence": null,
        "sourcePixel": null,
        "sourceMapNumber": null,
        "digitizationRasterId": null,
        "imageryId": null,
        "imageryZoom": null,
        "imageryTileOrigin": null,
        "networkId": null,
        "parcelId": "bbg-parcel-215-1",
        "topologyNodeIds": [],
        "corridorWidthFeet": null,
        "parentId": "bbg-childrens-discovery-garden",
        "sectionId": "bbg-childrens-discovery-garden",
        "subplotId": null,
        "gridCellId": null,
        "centerControlId": null,
        "boundaryConfidence": "not-applicable",
        "observedFootprintId": null,
        "snappedToFeatureId": null,
        "plantingAssignment": "planning-proposal",
        "cropTaxon": null,
        "sourceReferences": [
          {
            "sourceId": "source:bbg-visitor-map",
            "locator": "numbered landmark 5",
            "mapNumber": 5,
            "label": "Children's Discovery Garden",
            "role": "representative editable planning bed within the named garden area",
            "confidence": "low"
          }
        ],
        "provenance": {
          "sourceId": "massgis-aerial-2025",
          "sourceFeatureId": "bbg-discovery-food-flowers",
          "geometryMethod": "schematic planning bed within an aerial-interpreted garden section",
          "semanticMethod": "visitor-map garden identity with an explicit planning-study footprint",
          "sourceReferences": [
            {
              "sourceId": "source:bbg-visitor-map",
              "locator": "numbered landmark 5",
              "mapNumber": 5,
              "label": "Children's Discovery Garden",
              "role": "representative editable planning bed within the named garden area",
              "confidence": "low"
            }
          ],
          "confidence": "low",
          "surveyStatus": "not-surveyed",
          "imageryId": null,
          "imageryZoom": null,
          "digitizationRasterId": null,
          "parcelAssignmentMethod": "representative point within canonical parcel polygon",
          "representativePoint": [
            -73.3362725714871,
            42.30006277264092
          ],
          "currentnessCaveat": "Orthophoto interpretation is not surveyed geometry; verify against current imagery or field measurements before construction.",
          "planningDataPolicy": "explicit planning study retained"
        },
        "notes": "Representative food-and-flower study bed; this is a planning proposal rather than an observed existing-bed footprint.",
        "zone": "Children's Discovery Garden · planning study",
        "layer": "beds",
        "sourceFeatureId": "bbg-discovery-food-flowers",
        "widthInches": 240,
        "depthInches": 96,
        "row": null,
        "column": null,
        "status": "planned-study",
        "editable": true
      }
    }
  ],
  "bbox": [
    -73.33631087733734,
    42.29944442388972,
    -73.33540655744994,
    42.30009930394674
  ]
}
