{
  "type": "FeatureCollection",
  "properties": {
    "schemaVersion": "1.0.0",
    "gardenId": "berkshire-botanical-garden",
    "layer": "site",
    "coordinateReferenceSystem": "http://www.opengis.net/def/crs/OGC/1.3/CRS84",
    "generatedBy": "scripts/build-bbg-spatial-baseline.mjs",
    "curationPolicy": "Canonical features are rebuilt only from maintained GIS/aerial interpretation and bounded public-provider snapshots. User-supplied KML/KMZ is indicative comparison evidence only and contributes zero parcel, site, bed, or plant features. Provider roofprints use representative-point parcel membership; crossing linear and areal layers must use true intersection plus clipping before any future promotion."
  },
  "features": [
    {
      "type": "Feature",
      "id": "bbg-main-parking",
      "geometry": {
        "type": "Polygon",
        "coordinates": [
          [
            [
              -73.33698041040897,
              42.30070623840905
            ],
            [
              -73.33684611198863,
              42.30070623840905
            ],
            [
              -73.33684611198863,
              42.300587332154805
            ],
            [
              -73.33677927080237,
              42.30048809116569
            ],
            [
              -73.33668532351291,
              42.30035912361302
            ],
            [
              -73.33657782317185,
              42.300289609187466
            ],
            [
              -73.33653100353908,
              42.30010621915689
            ],
            [
              -73.33665174890783,
              42.30008129457667
            ],
            [
              -73.3367121215922,
              42.30010621915689
            ],
            [
              -73.33679929235586,
              42.30009135587511
            ],
            [
              -73.33684611198863,
              42.30018053556579
            ],
            [
              -73.3369132611988,
              42.30021026212935
            ],
            [
              -73.33695361232968,
              42.300339229682024
            ],
            [
              -73.33698041040897,
              42.30053771166025
            ],
            [
              -73.33698041040897,
              42.30070623840905
            ]
          ]
        ]
      },
      "properties": {
        "gardenId": "berkshire-botanical-garden",
        "featureType": "structure",
        "featureId": "bbg-main-parking",
        "name": "Main visitor parking",
        "localGeometry": {
          "type": "Polygon",
          "coordinates": [
            [
              [
                -1248,
                -5314
              ],
              [
                -812,
                -5314
              ],
              [
                -812,
                -4794
              ],
              [
                -595,
                -4360
              ],
              [
                -290,
                -3796
              ],
              [
                59,
                -3492
              ],
              [
                211,
                -2690
              ],
              [
                -181,
                -2581
              ],
              [
                -377,
                -2690
              ],
              [
                -660,
                -2625
              ],
              [
                -812,
                -3015
              ],
              [
                -1030,
                -3145
              ],
              [
                -1161,
                -3709
              ],
              [
                -1248,
                -4577
              ],
              [
                -1248,
                -5314
              ]
            ]
          ]
        },
        "localUnit": "inch",
        "rotationDegrees": -2,
        "source": "MassGIS 2025 aerial screenshot calibration",
        "confidence": "medium",
        "featureStatus": "aerial-observed-surface",
        "geometryBasis": "2025 aerial-traced parking-surface polygon",
        "geometryEdit": null,
        "surveyStatus": "not-surveyed",
        "boundaryPolicy": "clip-to-campus",
        "taxonStatus": null,
        "identificationStatus": null,
        "collection": "infrastructure",
        "kind": "parking",
        "plantId": null,
        "observationType": null,
        "geometryRepresentation": null,
        "canopyClass": null,
        "crownWidthFeet": null,
        "crownDepthFeet": null,
        "crownDiameterFeet": null,
        "crownRadiusEastWestFeet": null,
        "crownRadiusNorthSouthFeet": null,
        "crownMeasurementMethod": null,
        "crownConfidence": null,
        "heightEstimateFeet": null,
        "heightEstimateRangeFeet": null,
        "heightEstimateMethod": null,
        "heightConfidence": null,
        "sourcePixel": null,
        "sourceMapNumber": null,
        "digitizationRasterId": "massgis-2025-south-campus-wide-z20",
        "imageryId": "massgis-2025",
        "imageryZoom": 20,
        "imageryTileOrigin": [
          310677,
          388066
        ],
        "networkId": null,
        "parcelId": "bbg-parcel-215-1",
        "topologyNodeIds": [],
        "corridorWidthFeet": null,
        "parentId": null,
        "sectionId": null,
        "subplotId": null,
        "gridCellId": null,
        "centerControlId": null,
        "boundaryConfidence": null,
        "observedFootprintId": null,
        "snappedToFeatureId": null,
        "plantingAssignment": null,
        "cropTaxon": null,
        "sourceReferences": [],
        "provenance": {
          "sourceId": "massgis-aerial-2025",
          "sourceFeatureId": "bbg-main-parking",
          "geometryMethod": "2025 aerial-traced parking-surface polygon",
          "semanticMethod": "orthophoto interpretation",
          "sourceReferences": [],
          "confidence": "medium",
          "surveyStatus": "not-surveyed",
          "imageryId": "massgis-2025",
          "imageryZoom": 20,
          "digitizationRasterId": "massgis-2025-south-campus-wide-z20",
          "parcelAssignmentMethod": "representative point within canonical parcel polygon",
          "representativePoint": [
            -73.33689751738244,
            42.30040763077833
          ],
          "currentnessCaveat": "Orthophoto interpretation is not surveyed geometry; verify against current imagery or field measurements before construction."
        },
        "notes": "Approximate paved and gravel parking surface traced from the 2025 aerial; vehicles and shadows make portions of the edge uncertain.",
        "classification": "parking",
        "layer": "site",
        "sourceFeatureId": "bbg-main-parking",
        "widthInches": 1320,
        "depthInches": 2050,
        "row": null,
        "column": null,
        "status": "aerial-observed-surface",
        "editable": true
      }
    },
    {
      "type": "Feature",
      "id": "bbg-parking-entry-drive",
      "geometry": {
        "type": "LineString",
        "coordinates": [
          [
            -73.33706758117263,
            42.300855099892715
          ],
          [
            -73.33697363388318,
            42.3007558589036
          ],
          [
            -73.33695361232968,
            42.30056743822381
          ],
          [
            -73.3369268142504,
            42.300368956245585
          ],
          [
            -73.33685288851443,
            42.300264913273125
          ],
          [
            -73.3366985685406,
            42.300259882623905
          ],
          [
            -73.33659137622345,
            42.30023998869291
          ]
        ]
      },
      "properties": {
        "gardenId": "berkshire-botanical-garden",
        "featureType": "structure",
        "featureId": "bbg-parking-entry-drive",
        "name": "Parking entry drive",
        "localGeometry": {
          "type": "LineString",
          "coordinates": [
            [
              -1531,
              -5965
            ],
            [
              -1226,
              -5531
            ],
            [
              -1161,
              -4707
            ],
            [
              -1074,
              -3839
            ],
            [
              -834,
              -3384
            ],
            [
              -333,
              -3362
            ],
            [
              15,
              -3275
            ]
          ]
        },
        "localUnit": "inch",
        "rotationDegrees": 0,
        "source": "MassGIS 2025 aerial screenshot calibration",
        "confidence": "medium",
        "featureStatus": "aerial-observed-centerline",
        "geometryBasis": "2025 aerial-traced connected vehicle centerline",
        "geometryEdit": null,
        "surveyStatus": "not-surveyed",
        "boundaryPolicy": "clip-to-campus",
        "taxonStatus": null,
        "identificationStatus": null,
        "collection": "infrastructure",
        "kind": "road",
        "plantId": null,
        "observationType": null,
        "geometryRepresentation": null,
        "canopyClass": null,
        "crownWidthFeet": null,
        "crownDepthFeet": null,
        "crownDiameterFeet": null,
        "crownRadiusEastWestFeet": null,
        "crownRadiusNorthSouthFeet": null,
        "crownMeasurementMethod": null,
        "crownConfidence": null,
        "heightEstimateFeet": null,
        "heightEstimateRangeFeet": null,
        "heightEstimateMethod": null,
        "heightConfidence": null,
        "sourcePixel": null,
        "sourceMapNumber": null,
        "digitizationRasterId": "massgis-2025-south-campus-wide-z20",
        "imageryId": "massgis-2025",
        "imageryZoom": 20,
        "imageryTileOrigin": [
          310677,
          388066
        ],
        "networkId": "bbg-vehicle-circulation",
        "parcelId": "bbg-parcel-215-1",
        "topologyNodeIds": [
          "V0",
          "V1",
          "V2",
          "V3",
          "V4",
          "V5",
          "V6"
        ],
        "corridorWidthFeet": null,
        "parentId": null,
        "sectionId": null,
        "subplotId": null,
        "gridCellId": null,
        "centerControlId": null,
        "boundaryConfidence": null,
        "observedFootprintId": null,
        "snappedToFeatureId": null,
        "plantingAssignment": null,
        "cropTaxon": null,
        "sourceReferences": [],
        "provenance": {
          "sourceId": "massgis-aerial-2025",
          "sourceFeatureId": "bbg-parking-entry-drive",
          "geometryMethod": "2025 aerial-traced connected vehicle centerline",
          "semanticMethod": "orthophoto interpretation",
          "sourceReferences": [],
          "confidence": "medium",
          "surveyStatus": "not-surveyed",
          "imageryId": "massgis-2025",
          "imageryZoom": 20,
          "digitizationRasterId": "massgis-2025-south-campus-wide-z20",
          "parcelAssignmentMethod": "representative point within canonical parcel polygon",
          "representativePoint": [
            -73.3369358701479,
            42.30043602942761
          ],
          "currentnessCaveat": "Orthophoto interpretation is not surveyed geometry; verify against current imagery or field measurements before construction."
        },
        "notes": "Connected vehicle approach centerline; endpoints are shared exactly with the parking loop rather than stored as isolated rotated rectangles.",
        "classification": "road",
        "layer": "site",
        "sourceFeatureId": "bbg-parking-entry-drive",
        "widthInches": 230,
        "depthInches": 1420,
        "row": null,
        "column": null,
        "status": "aerial-observed-centerline",
        "editable": true
      }
    },
    {
      "type": "Feature",
      "id": "bbg-parking-aisle",
      "geometry": {
        "type": "LineString",
        "coordinates": [
          [
            -73.33685288851443,
            42.300264913273125
          ],
          [
            -73.3366985685406,
            42.300259882623905
          ],
          [
            -73.33659137622345,
            42.30023998869291
          ],
          [
            -73.33655780161837,
            42.30014577835301
          ],
          [
            -73.3366985685406,
            42.30011102114023
          ],
          [
            -73.33681931390934,
            42.30013091507123
          ],
          [
            -73.33685288851443,
            42.300264913273125
          ]
        ]
      },
      "properties": {
        "gardenId": "berkshire-botanical-garden",
        "featureType": "structure",
        "featureId": "bbg-parking-aisle",
        "name": "Parking circulation loop",
        "localGeometry": {
          "type": "LineString",
          "coordinates": [
            [
              -834,
              -3384
            ],
            [
              -333,
              -3362
            ],
            [
              15,
              -3275
            ],
            [
              124,
              -2863
            ],
            [
              -333,
              -2711
            ],
            [
              -725,
              -2798
            ],
            [
              -834,
              -3384
            ]
          ]
        },
        "localUnit": "inch",
        "rotationDegrees": 0,
        "source": "MassGIS 2025 aerial screenshot calibration",
        "confidence": "medium",
        "featureStatus": "aerial-observed-centerline",
        "geometryBasis": "2025 aerial-traced connected vehicle centerline",
        "geometryEdit": null,
        "surveyStatus": "not-surveyed",
        "boundaryPolicy": "clip-to-campus",
        "taxonStatus": null,
        "identificationStatus": null,
        "collection": "infrastructure",
        "kind": "road",
        "plantId": null,
        "observationType": null,
        "geometryRepresentation": null,
        "canopyClass": null,
        "crownWidthFeet": null,
        "crownDepthFeet": null,
        "crownDiameterFeet": null,
        "crownRadiusEastWestFeet": null,
        "crownRadiusNorthSouthFeet": null,
        "crownMeasurementMethod": null,
        "crownConfidence": null,
        "heightEstimateFeet": null,
        "heightEstimateRangeFeet": null,
        "heightEstimateMethod": null,
        "heightConfidence": null,
        "sourcePixel": null,
        "sourceMapNumber": null,
        "digitizationRasterId": "massgis-2025-south-campus-wide-z20",
        "imageryId": "massgis-2025",
        "imageryZoom": 20,
        "imageryTileOrigin": [
          310677,
          388066
        ],
        "networkId": "bbg-vehicle-circulation",
        "parcelId": "bbg-parcel-215-1",
        "topologyNodeIds": [
          "V4",
          "V5",
          "V6",
          "V7",
          "V8",
          "V9",
          "V4"
        ],
        "corridorWidthFeet": null,
        "parentId": null,
        "sectionId": null,
        "subplotId": null,
        "gridCellId": null,
        "centerControlId": null,
        "boundaryConfidence": null,
        "observedFootprintId": null,
        "snappedToFeatureId": null,
        "plantingAssignment": null,
        "cropTaxon": null,
        "sourceReferences": [],
        "provenance": {
          "sourceId": "massgis-aerial-2025",
          "sourceFeatureId": "bbg-parking-aisle",
          "geometryMethod": "2025 aerial-traced connected vehicle centerline",
          "semanticMethod": "orthophoto interpretation",
          "sourceReferences": [],
          "confidence": "medium",
          "surveyStatus": "not-surveyed",
          "imageryId": "massgis-2025",
          "imageryZoom": 20,
          "digitizationRasterId": "massgis-2025-south-campus-wide-z20",
          "parcelAssignmentMethod": "representative point within canonical parcel polygon",
          "representativePoint": [
            -73.33657822292004,
            42.300140736063845
          ],
          "currentnessCaveat": "Orthophoto interpretation is not surveyed geometry; verify against current imagery or field measurements before construction."
        },
        "notes": "Connected parking circulation loop; V4 and V6 are shared with the entry spine.",
        "classification": "road",
        "layer": "site",
        "sourceFeatureId": "bbg-parking-aisle",
        "widthInches": 250,
        "depthInches": 1460,
        "row": null,
        "column": null,
        "status": "aerial-observed-centerline",
        "editable": true
      }
    },
    {
      "type": "Feature",
      "id": "bbg-main-garden-walk",
      "geometry": {
        "type": "LineString",
        "coordinates": [
          [
            -73.33659137622345,
            42.30023998869291
          ],
          [
            -73.33653778006487,
            42.30031933575103
          ],
          [
            -73.3364909604321,
            42.300368956245585
          ],
          [
            -73.33643058774773,
            42.30032436640024
          ],
          [
            -73.33630984237898,
            42.30022512541113
          ],
          [
            -73.3362694912481,
            42.30008632522589
          ]
        ]
      },
      "properties": {
        "gardenId": "berkshire-botanical-garden",
        "featureType": "structure",
        "featureId": "bbg-main-garden-walk",
        "name": "Visitor-area pedestrian link",
        "localGeometry": {
          "type": "LineString",
          "coordinates": [
            [
              15,
              -3275
            ],
            [
              189,
              -3622
            ],
            [
              341,
              -3839
            ],
            [
              537,
              -3644
            ],
            [
              929,
              -3210
            ],
            [
              1060,
              -2603
            ]
          ]
        },
        "localUnit": "inch",
        "rotationDegrees": 0,
        "source": "MassGIS 2025 aerial screenshot calibration",
        "confidence": "medium",
        "featureStatus": "aerial-observed-centerline",
        "geometryBasis": "2025 aerial-traced connected pedestrian centerline",
        "geometryEdit": null,
        "surveyStatus": "not-surveyed",
        "boundaryPolicy": "clip-to-campus",
        "taxonStatus": null,
        "identificationStatus": null,
        "collection": "infrastructure",
        "kind": "path",
        "plantId": null,
        "observationType": null,
        "geometryRepresentation": null,
        "canopyClass": null,
        "crownWidthFeet": null,
        "crownDepthFeet": null,
        "crownDiameterFeet": null,
        "crownRadiusEastWestFeet": null,
        "crownRadiusNorthSouthFeet": null,
        "crownMeasurementMethod": null,
        "crownConfidence": null,
        "heightEstimateFeet": null,
        "heightEstimateRangeFeet": null,
        "heightEstimateMethod": null,
        "heightConfidence": null,
        "sourcePixel": null,
        "sourceMapNumber": null,
        "digitizationRasterId": "massgis-2025-south-campus-wide-z20",
        "imageryId": "massgis-2025",
        "imageryZoom": 20,
        "imageryTileOrigin": [
          310677,
          388066
        ],
        "networkId": "bbg-pedestrian-circulation",
        "parcelId": "bbg-parcel-215-1",
        "topologyNodeIds": [
          "V6",
          "P1",
          "P2",
          "P3",
          "P4",
          "P5"
        ],
        "corridorWidthFeet": null,
        "parentId": null,
        "sectionId": null,
        "subplotId": null,
        "gridCellId": null,
        "centerControlId": null,
        "boundaryConfidence": null,
        "observedFootprintId": null,
        "snappedToFeatureId": null,
        "plantingAssignment": null,
        "cropTaxon": null,
        "sourceReferences": [],
        "provenance": {
          "sourceId": "massgis-aerial-2025",
          "sourceFeatureId": "bbg-main-garden-walk",
          "geometryMethod": "2025 aerial-traced connected pedestrian centerline",
          "semanticMethod": "orthophoto interpretation",
          "sourceReferences": [],
          "confidence": "medium",
          "surveyStatus": "not-surveyed",
          "imageryId": "massgis-2025",
          "imageryZoom": 20,
          "digitizationRasterId": "massgis-2025-south-campus-wide-z20",
          "parcelAssignmentMethod": "representative point within canonical parcel polygon",
          "representativePoint": [
            -73.33640671095175,
            42.30030474198835
          ],
          "currentnessCaveat": "Orthophoto interpretation is not surveyed geometry; verify against current imagery or field measurements before construction."
        },
        "notes": "Connected visitor-area pedestrian link; V6 is the exact shared vehicle/pedestrian junction and P5 joins the garden walks.",
        "classification": "path",
        "layer": "site",
        "sourceFeatureId": "bbg-main-garden-walk",
        "widthInches": 110,
        "depthInches": 1510,
        "row": null,
        "column": null,
        "status": "aerial-observed-centerline",
        "editable": true
      }
    },
    {
      "type": "Feature",
      "id": "bbg-edible-walk-west",
      "geometry": {
        "type": "LineString",
        "coordinates": [
          [
            -73.3362694912481,
            42.30008632522589
          ],
          [
            -73.33614874587936,
            42.300076492593334
          ],
          [
            -73.33616907545674,
            42.29997725160422
          ],
          [
            -73.3362694912481,
            42.299902706529444
          ],
          [
            -73.33613550085165,
            42.299823359471326
          ],
          [
            -73.33593436124505,
            42.29976390634421
          ],
          [
            -73.33577326474543,
            42.299694391918656
          ],
          [
            -73.33561247626969,
            42.29961504486054
          ],
          [
            -73.33556534861302,
            42.29952586516986
          ],
          [
            -73.33545815629586,
            42.29937700368619
          ]
        ]
      },
      "properties": {
        "gardenId": "berkshire-botanical-garden",
        "featureType": "structure",
        "featureId": "bbg-edible-walk-west",
        "name": "South-campus pedestrian spine",
        "localGeometry": {
          "type": "LineString",
          "coordinates": [
            [
              1060,
              -2603
            ],
            [
              1452,
              -2560
            ],
            [
              1386,
              -2126
            ],
            [
              1060,
              -1800
            ],
            [
              1495,
              -1453
            ],
            [
              2148,
              -1193
            ],
            [
              2671,
              -889
            ],
            [
              3193,
              -542
            ],
            [
              3346,
              -152
            ],
            [
              3694,
              499
            ]
          ]
        },
        "localUnit": "inch",
        "rotationDegrees": 0,
        "source": "MassGIS 2025 aerial screenshot calibration",
        "confidence": "medium",
        "featureStatus": "aerial-observed-centerline",
        "geometryBasis": "2025 aerial-traced connected pedestrian centerline",
        "geometryEdit": null,
        "surveyStatus": "not-surveyed",
        "boundaryPolicy": "clip-to-campus",
        "taxonStatus": null,
        "identificationStatus": null,
        "collection": "infrastructure",
        "kind": "path",
        "plantId": null,
        "observationType": null,
        "geometryRepresentation": null,
        "canopyClass": null,
        "crownWidthFeet": null,
        "crownDepthFeet": null,
        "crownDiameterFeet": null,
        "crownRadiusEastWestFeet": null,
        "crownRadiusNorthSouthFeet": null,
        "crownMeasurementMethod": null,
        "crownConfidence": null,
        "heightEstimateFeet": null,
        "heightEstimateRangeFeet": null,
        "heightEstimateMethod": null,
        "heightConfidence": null,
        "sourcePixel": null,
        "sourceMapNumber": null,
        "digitizationRasterId": "massgis-2025-south-campus-wide-z20",
        "imageryId": "massgis-2025",
        "imageryZoom": 20,
        "imageryTileOrigin": [
          310677,
          388066
        ],
        "networkId": "bbg-pedestrian-circulation",
        "parcelId": "bbg-parcel-215-1",
        "topologyNodeIds": [
          "P5",
          "P6",
          "P11",
          "P12",
          "P13",
          "P14",
          "P15",
          "P16",
          "P17",
          "P19"
        ],
        "corridorWidthFeet": null,
        "parentId": null,
        "sectionId": null,
        "subplotId": null,
        "gridCellId": null,
        "centerControlId": null,
        "boundaryConfidence": null,
        "observedFootprintId": null,
        "snappedToFeatureId": null,
        "plantingAssignment": null,
        "cropTaxon": null,
        "sourceReferences": [],
        "provenance": {
          "sourceId": "massgis-aerial-2025",
          "sourceFeatureId": "bbg-edible-walk-west",
          "geometryMethod": "2025 aerial-traced connected pedestrian centerline",
          "semanticMethod": "orthophoto interpretation",
          "sourceReferences": [],
          "confidence": "medium",
          "surveyStatus": "not-surveyed",
          "imageryId": "massgis-2025",
          "imageryZoom": 20,
          "digitizationRasterId": "massgis-2025-south-campus-wide-z20",
          "parcelAssignmentMethod": "representative point within canonical parcel polygon",
          "representativePoint": [
            -73.33596980105634,
            42.299774381693354
          ],
          "currentnessCaveat": "Orthophoto interpretation is not surveyed geometry; verify against current imagery or field measurements before construction."
        },
        "notes": "Continuous south-campus spine from the edible grid through the education and children's areas; junction coordinates are shared with its branches.",
        "classification": "path",
        "layer": "site",
        "sourceFeatureId": "bbg-edible-walk-west",
        "widthInches": 92,
        "depthInches": 830,
        "row": null,
        "column": null,
        "status": "aerial-observed-centerline",
        "editable": true
      }
    },
    {
      "type": "Feature",
      "id": "bbg-edible-cross-walk",
      "geometry": {
        "type": "LineString",
        "coordinates": [
          [
            -73.3362694912481,
            42.30008632522589
          ],
          [
            -73.33617554395865,
            42.300264913273125
          ],
          [
            -73.33600797895711,
            42.300294639836686
          ],
          [
            -73.33592080819345,
            42.300185566215006
          ],
          [
            -73.3360415535622,
            42.30010621915689
          ],
          [
            -73.33614874587936,
            42.300076492593334
          ],
          [
            -73.3362694912481,
            42.30008632522589
          ]
        ]
      },
      "properties": {
        "gardenId": "berkshire-botanical-garden",
        "featureType": "structure",
        "featureId": "bbg-edible-cross-walk",
        "name": "Lawn and edible-garden loop",
        "localGeometry": {
          "type": "LineString",
          "coordinates": [
            [
              1060,
              -2603
            ],
            [
              1365,
              -3384
            ],
            [
              1909,
              -3514
            ],
            [
              2192,
              -3037
            ],
            [
              1800,
              -2690
            ],
            [
              1452,
              -2560
            ],
            [
              1060,
              -2603
            ]
          ]
        },
        "localUnit": "inch",
        "rotationDegrees": 0,
        "source": "MassGIS 2025 aerial screenshot calibration",
        "confidence": "medium",
        "featureStatus": "aerial-observed-centerline",
        "geometryBasis": "2025 aerial-traced connected pedestrian centerline",
        "geometryEdit": null,
        "surveyStatus": "not-surveyed",
        "boundaryPolicy": "clip-to-campus",
        "taxonStatus": null,
        "identificationStatus": null,
        "collection": "infrastructure",
        "kind": "path",
        "plantId": null,
        "observationType": null,
        "geometryRepresentation": null,
        "canopyClass": null,
        "crownWidthFeet": null,
        "crownDepthFeet": null,
        "crownDiameterFeet": null,
        "crownRadiusEastWestFeet": null,
        "crownRadiusNorthSouthFeet": null,
        "crownMeasurementMethod": null,
        "crownConfidence": null,
        "heightEstimateFeet": null,
        "heightEstimateRangeFeet": null,
        "heightEstimateMethod": null,
        "heightConfidence": null,
        "sourcePixel": null,
        "sourceMapNumber": null,
        "digitizationRasterId": "massgis-2025-south-campus-wide-z20",
        "imageryId": "massgis-2025",
        "imageryZoom": 20,
        "imageryTileOrigin": [
          310677,
          388066
        ],
        "networkId": "bbg-pedestrian-circulation",
        "parcelId": "bbg-parcel-215-1",
        "topologyNodeIds": [
          "P5",
          "P7",
          "P8",
          "P9",
          "P10",
          "P6",
          "P5"
        ],
        "corridorWidthFeet": null,
        "parentId": null,
        "sectionId": null,
        "subplotId": null,
        "gridCellId": null,
        "centerControlId": null,
        "boundaryConfidence": null,
        "observedFootprintId": null,
        "snappedToFeatureId": null,
        "plantingAssignment": null,
        "cropTaxon": null,
        "sourceReferences": [],
        "provenance": {
          "sourceId": "massgis-aerial-2025",
          "sourceFeatureId": "bbg-edible-cross-walk",
          "geometryMethod": "2025 aerial-traced connected pedestrian centerline",
          "semanticMethod": "orthophoto interpretation",
          "sourceReferences": [],
          "confidence": "medium",
          "surveyStatus": "not-surveyed",
          "imageryId": "massgis-2025",
          "imageryZoom": 20,
          "digitizationRasterId": "massgis-2025-south-campus-wide-z20",
          "parcelAssignmentMethod": "representative point within canonical parcel polygon",
          "representativePoint": [
            -73.33596286609857,
            42.300238191749514
          ],
          "currentnessCaveat": "Orthophoto interpretation is not surveyed geometry; verify against current imagery or field measurements before construction."
        },
        "notes": "Closed pedestrian loop around the lawn and edible-garden area; P5 and P6 are shared with the campus spine.",
        "classification": "path",
        "layer": "site",
        "sourceFeatureId": "bbg-edible-cross-walk",
        "widthInches": 92,
        "depthInches": 950,
        "row": null,
        "column": null,
        "status": "aerial-observed-centerline",
        "editable": true
      }
    },
    {
      "type": "Feature",
      "id": "bbg-discovery-garden-walk",
      "geometry": {
        "type": "LineString",
        "coordinates": [
          [
            -73.33613550085165,
            42.299823359471326
          ],
          [
            -73.3360147554829,
            42.29968455928609
          ],
          [
            -73.33637699158915,
            42.299664665355095
          ],
          [
            -73.33656457814416,
            42.29960521222797
          ]
        ]
      },
      "properties": {
        "gardenId": "berkshire-botanical-garden",
        "featureType": "structure",
        "featureId": "bbg-discovery-garden-walk",
        "name": "Amphitheater branch walk",
        "localGeometry": {
          "type": "LineString",
          "coordinates": [
            [
              1495,
              -1453
            ],
            [
              1887,
              -846
            ],
            [
              711,
              -759
            ],
            [
              102,
              -499
            ]
          ]
        },
        "localUnit": "inch",
        "rotationDegrees": 0,
        "source": "MassGIS 2025 aerial screenshot calibration",
        "confidence": "medium",
        "featureStatus": "aerial-observed-centerline",
        "geometryBasis": "2025 aerial-traced connected pedestrian centerline",
        "geometryEdit": null,
        "surveyStatus": "not-surveyed",
        "boundaryPolicy": "clip-to-campus",
        "taxonStatus": null,
        "identificationStatus": null,
        "collection": "infrastructure",
        "kind": "path",
        "plantId": null,
        "observationType": null,
        "geometryRepresentation": null,
        "canopyClass": null,
        "crownWidthFeet": null,
        "crownDepthFeet": null,
        "crownDiameterFeet": null,
        "crownRadiusEastWestFeet": null,
        "crownRadiusNorthSouthFeet": null,
        "crownMeasurementMethod": null,
        "crownConfidence": null,
        "heightEstimateFeet": null,
        "heightEstimateRangeFeet": null,
        "heightEstimateMethod": null,
        "heightConfidence": null,
        "sourcePixel": null,
        "sourceMapNumber": null,
        "digitizationRasterId": "massgis-2025-south-campus-wide-z20",
        "imageryId": "massgis-2025",
        "imageryZoom": 20,
        "imageryTileOrigin": [
          310677,
          388066
        ],
        "networkId": "bbg-pedestrian-circulation",
        "parcelId": "bbg-parcel-215-1",
        "topologyNodeIds": [
          "P13",
          "P20",
          "P21",
          "P22"
        ],
        "corridorWidthFeet": null,
        "parentId": null,
        "sectionId": null,
        "subplotId": null,
        "gridCellId": null,
        "centerControlId": null,
        "boundaryConfidence": null,
        "observedFootprintId": null,
        "snappedToFeatureId": null,
        "plantingAssignment": null,
        "cropTaxon": null,
        "sourceReferences": [],
        "provenance": {
          "sourceId": "massgis-aerial-2025",
          "sourceFeatureId": "bbg-discovery-garden-walk",
          "geometryMethod": "2025 aerial-traced connected pedestrian centerline",
          "semanticMethod": "orthophoto interpretation",
          "sourceReferences": [],
          "confidence": "medium",
          "surveyStatus": "not-surveyed",
          "imageryId": "massgis-2025",
          "imageryZoom": 20,
          "digitizationRasterId": "massgis-2025-south-campus-wide-z20",
          "parcelAssignmentMethod": "representative point within canonical parcel polygon",
          "representativePoint": [
            -73.33620227022884,
            42.29967426101557
          ],
          "currentnessCaveat": "Orthophoto interpretation is not surveyed geometry; verify against current imagery or field measurements before construction."
        },
        "notes": "Branch from the shared campus spine to the Williams Family Amphitheater; stored as a continuous centerline.",
        "classification": "path",
        "layer": "site",
        "sourceFeatureId": "bbg-discovery-garden-walk",
        "widthInches": 88,
        "depthInches": 900,
        "row": null,
        "column": null,
        "status": "aerial-observed-centerline",
        "editable": true
      }
    },
    {
      "type": "Feature",
      "id": "bbg-parking-north-aisle",
      "geometry": {
        "type": "LineString",
        "coordinates": [
          [
            -73.33685288851443,
            42.300264913273125
          ],
          [
            -73.33687291006792,
            42.30040874410758
          ],
          [
            -73.33687291006792,
            42.30056743822381
          ],
          [
            -73.33688646311951,
            42.300666679212924
          ]
        ]
      },
      "properties": {
        "gardenId": "berkshire-botanical-garden",
        "featureType": "structure",
        "featureId": "bbg-parking-north-aisle",
        "name": "North parking and gravel aisle",
        "localGeometry": {
          "type": "LineString",
          "coordinates": [
            [
              -834,
              -3384
            ],
            [
              -899,
              -4013
            ],
            [
              -899,
              -4707
            ],
            [
              -943,
              -5141
            ]
          ]
        },
        "localUnit": "inch",
        "rotationDegrees": 0,
        "source": "MassGIS 2025 aerial screenshot calibration",
        "confidence": "medium",
        "featureStatus": "aerial-observed-centerline",
        "geometryBasis": "2025 aerial-traced connected vehicle centerline",
        "geometryEdit": null,
        "surveyStatus": "not-surveyed",
        "boundaryPolicy": "clip-to-campus",
        "taxonStatus": null,
        "identificationStatus": null,
        "collection": "infrastructure",
        "kind": "road",
        "plantId": null,
        "observationType": null,
        "geometryRepresentation": null,
        "canopyClass": null,
        "crownWidthFeet": null,
        "crownDepthFeet": null,
        "crownDiameterFeet": null,
        "crownRadiusEastWestFeet": null,
        "crownRadiusNorthSouthFeet": null,
        "crownMeasurementMethod": null,
        "crownConfidence": null,
        "heightEstimateFeet": null,
        "heightEstimateRangeFeet": null,
        "heightEstimateMethod": null,
        "heightConfidence": null,
        "sourcePixel": null,
        "sourceMapNumber": null,
        "digitizationRasterId": "massgis-2025-south-campus-wide-z20",
        "imageryId": "massgis-2025",
        "imageryZoom": 20,
        "imageryTileOrigin": [
          310677,
          388066
        ],
        "networkId": "bbg-vehicle-circulation",
        "parcelId": "bbg-parcel-215-1",
        "topologyNodeIds": [
          "V4",
          "V10",
          "V11",
          "V12"
        ],
        "corridorWidthFeet": null,
        "parentId": null,
        "sectionId": null,
        "subplotId": null,
        "gridCellId": null,
        "centerControlId": null,
        "boundaryConfidence": null,
        "observedFootprintId": null,
        "snappedToFeatureId": null,
        "plantingAssignment": null,
        "cropTaxon": null,
        "sourceReferences": [],
        "provenance": {
          "sourceId": "massgis-aerial-2025",
          "sourceFeatureId": "bbg-parking-north-aisle",
          "geometryMethod": "2025 aerial-traced connected vehicle centerline",
          "semanticMethod": "orthophoto interpretation",
          "sourceReferences": [],
          "confidence": "medium",
          "surveyStatus": "not-surveyed",
          "imageryId": "massgis-2025",
          "imageryZoom": 20,
          "digitizationRasterId": "massgis-2025-south-campus-wide-z20",
          "parcelAssignmentMethod": "representative point within canonical parcel polygon",
          "representativePoint": [
            -73.33687291006792,
            42.300465563413006
          ],
          "currentnessCaveat": "Orthophoto interpretation is not surveyed geometry; verify against current imagery or field measurements before construction."
        },
        "notes": "North/gravel parking aisle joined to the vehicle network at V4; approximate and not a surveyed road centerline.",
        "classification": "road",
        "layer": "site",
        "sourceFeatureId": "bbg-parking-north-aisle",
        "widthInches": 220,
        "depthInches": 1800,
        "row": null,
        "column": null,
        "status": "aerial-observed-centerline",
        "editable": true
      }
    },
    {
      "type": "Feature",
      "id": "bbg-childrens-garden-walk",
      "geometry": {
        "type": "LineString",
        "coordinates": [
          [
            -73.33556534861302,
            42.29952586516986
          ],
          [
            -73.33552407341044,
            42.2994339414887
          ],
          [
            -73.33539470337249,
            42.299429368171225
          ],
          [
            -73.33537098553221,
            42.2994961386063
          ]
        ]
      },
      "properties": {
        "gardenId": "berkshire-botanical-garden",
        "featureType": "structure",
        "featureId": "bbg-childrens-garden-walk",
        "name": "Children's garden branch walk",
        "localGeometry": {
          "type": "LineString",
          "coordinates": [
            [
              3346,
              -152
            ],
            [
              3480,
              250
            ],
            [
              3900,
              270
            ],
            [
              3977,
              -22
            ]
          ]
        },
        "localUnit": "inch",
        "rotationDegrees": 0,
        "source": "MassGIS 2025 aerial screenshot calibration",
        "confidence": "medium",
        "featureStatus": "aerial-observed-centerline",
        "geometryBasis": "2025 aerial-traced connected pedestrian centerline",
        "geometryEdit": null,
        "surveyStatus": "not-surveyed",
        "boundaryPolicy": "clip-to-campus",
        "taxonStatus": null,
        "identificationStatus": null,
        "collection": "infrastructure",
        "kind": "path",
        "plantId": null,
        "observationType": null,
        "geometryRepresentation": null,
        "canopyClass": null,
        "crownWidthFeet": null,
        "crownDepthFeet": null,
        "crownDiameterFeet": null,
        "crownRadiusEastWestFeet": null,
        "crownRadiusNorthSouthFeet": null,
        "crownMeasurementMethod": null,
        "crownConfidence": null,
        "heightEstimateFeet": null,
        "heightEstimateRangeFeet": null,
        "heightEstimateMethod": null,
        "heightConfidence": null,
        "sourcePixel": null,
        "sourceMapNumber": null,
        "digitizationRasterId": "massgis-2025-south-campus-wide-z20",
        "imageryId": "massgis-2025",
        "imageryZoom": 20,
        "imageryTileOrigin": [
          310677,
          388066
        ],
        "networkId": "bbg-pedestrian-circulation",
        "parcelId": "bbg-parcel-215-1",
        "topologyNodeIds": [
          "P17",
          "P18",
          "P24",
          "P23"
        ],
        "corridorWidthFeet": null,
        "parentId": null,
        "sectionId": null,
        "subplotId": null,
        "gridCellId": null,
        "centerControlId": null,
        "boundaryConfidence": null,
        "observedFootprintId": null,
        "snappedToFeatureId": null,
        "plantingAssignment": null,
        "cropTaxon": null,
        "sourceReferences": [],
        "provenance": {
          "sourceId": "massgis-aerial-2025",
          "sourceFeatureId": "bbg-childrens-garden-walk",
          "geometryMethod": "2025 aerial-traced connected pedestrian centerline",
          "semanticMethod": "orthophoto interpretation",
          "sourceReferences": [],
          "confidence": "medium",
          "surveyStatus": "not-surveyed",
          "imageryId": "massgis-2025",
          "imageryZoom": 20,
          "digitizationRasterId": "massgis-2025-south-campus-wide-z20",
          "parcelAssignmentMethod": "representative point within canonical parcel polygon",
          "representativePoint": [
            -73.33547433271005,
            42.29943218312163
          ],
          "currentnessCaveat": "Orthophoto interpretation is not surveyed geometry; verify against current imagery or field measurements before construction."
        },
        "notes": "Branch from the shared south-campus spine around the west and south edges of the Children's Vegetable Garden grid; approximate, aerial-checked, and not surveyed.",
        "classification": "path",
        "layer": "site",
        "sourceFeatureId": "bbg-childrens-garden-walk",
        "widthInches": 88,
        "depthInches": 700,
        "row": null,
        "column": null,
        "status": "aerial-observed-centerline",
        "editable": true
      }
    },
    {
      "type": "Feature",
      "id": "bbg-north-entry-connector",
      "geometry": {
        "type": "LineString",
        "coordinates": [
          [
            -73.33643859636912,
            42.30081851335295
          ],
          [
            -73.33641179828983,
            42.30094245025641
          ]
        ]
      },
      "properties": {
        "gardenId": "berkshire-botanical-garden",
        "featureType": "structure",
        "featureId": "bbg-north-entry-connector",
        "name": "North-campus road crossing connector",
        "localGeometry": {
          "type": "LineString",
          "coordinates": [
            [
              511,
              -5805
            ],
            [
              598,
              -6347
            ]
          ]
        },
        "localUnit": "inch",
        "rotationDegrees": 0,
        "source": "MassGIS 2025 aerial imagery",
        "confidence": "medium",
        "featureStatus": "aerial-observed-centerline",
        "geometryBasis": "2025 aerial-traced access connector",
        "geometryEdit": null,
        "surveyStatus": "not-surveyed",
        "boundaryPolicy": "allow-external-connector",
        "taxonStatus": null,
        "identificationStatus": null,
        "collection": "infrastructure",
        "kind": "path",
        "plantId": null,
        "observationType": null,
        "geometryRepresentation": null,
        "canopyClass": null,
        "crownWidthFeet": null,
        "crownDepthFeet": null,
        "crownDiameterFeet": null,
        "crownRadiusEastWestFeet": null,
        "crownRadiusNorthSouthFeet": null,
        "crownMeasurementMethod": null,
        "crownConfidence": null,
        "heightEstimateFeet": null,
        "heightEstimateRangeFeet": null,
        "heightEstimateMethod": null,
        "heightConfidence": null,
        "sourcePixel": null,
        "sourceMapNumber": null,
        "digitizationRasterId": "massgis-2025-north-campus-z20",
        "imageryId": "massgis-2025",
        "imageryZoom": 20,
        "imageryTileOrigin": [
          310676,
          388063
        ],
        "networkId": "bbg-north-pedestrian-circulation",
        "parcelId": "bbg-parcel-215-31",
        "topologyNodeIds": [
          "N0",
          "N1"
        ],
        "corridorWidthFeet": null,
        "parentId": null,
        "sectionId": null,
        "subplotId": null,
        "gridCellId": null,
        "centerControlId": null,
        "boundaryConfidence": null,
        "observedFootprintId": null,
        "snappedToFeatureId": null,
        "plantingAssignment": null,
        "cropTaxon": null,
        "sourceReferences": [],
        "provenance": {
          "sourceId": "massgis-aerial-2025",
          "sourceFeatureId": "bbg-north-entry-connector",
          "geometryMethod": "2025 aerial-traced access connector",
          "semanticMethod": "orthophoto interpretation",
          "sourceReferences": [],
          "confidence": "medium",
          "surveyStatus": "not-surveyed",
          "imageryId": "massgis-2025",
          "imageryZoom": 20,
          "digitizationRasterId": "massgis-2025-north-campus-z20",
          "parcelAssignmentMethod": "representative point within canonical parcel polygon",
          "representativePoint": [
            -73.33642519732948,
            42.30088048180468
          ],
          "currentnessCaveat": "Orthophoto interpretation is not surveyed geometry; verify against current imagery or field measurements before construction."
        },
        "notes": "Road/right-of-way connector into the north campus; explicitly allowed to cross outside the selected assessor MultiPolygon and not treated as BBG-owned parcel infrastructure.",
        "classification": "path",
        "layer": "site",
        "sourceFeatureId": "bbg-north-entry-connector",
        "widthInches": 90,
        "depthInches": 542,
        "row": null,
        "column": null,
        "status": "aerial-observed-centerline",
        "editable": true
      }
    },
    {
      "type": "Feature",
      "id": "bbg-north-entry-spine",
      "geometry": {
        "type": "LineString",
        "coordinates": [
          [
            -73.33641179828983,
            42.30094245025641
          ],
          [
            -73.33653901216047,
            42.3010565545273
          ],
          [
            -73.33646539444841,
            42.30122027929275
          ]
        ]
      },
      "properties": {
        "gardenId": "berkshire-botanical-garden",
        "featureType": "structure",
        "featureId": "bbg-north-entry-spine",
        "name": "North-campus entry spine",
        "localGeometry": {
          "type": "LineString",
          "coordinates": [
            [
              598,
              -6347
            ],
            [
              185,
              -6846
            ],
            [
              424,
              -7562
            ]
          ]
        },
        "localUnit": "inch",
        "rotationDegrees": 0,
        "source": "MassGIS 2025 aerial imagery",
        "confidence": "high",
        "featureStatus": "aerial-observed-centerline",
        "geometryBasis": "2025 aerial-traced connected pedestrian centerline",
        "geometryEdit": null,
        "surveyStatus": "not-surveyed",
        "boundaryPolicy": "clip-to-campus",
        "taxonStatus": null,
        "identificationStatus": null,
        "collection": "infrastructure",
        "kind": "path",
        "plantId": null,
        "observationType": null,
        "geometryRepresentation": null,
        "canopyClass": null,
        "crownWidthFeet": null,
        "crownDepthFeet": null,
        "crownDiameterFeet": null,
        "crownRadiusEastWestFeet": null,
        "crownRadiusNorthSouthFeet": null,
        "crownMeasurementMethod": null,
        "crownConfidence": null,
        "heightEstimateFeet": null,
        "heightEstimateRangeFeet": null,
        "heightEstimateMethod": null,
        "heightConfidence": null,
        "sourcePixel": null,
        "sourceMapNumber": null,
        "digitizationRasterId": "massgis-2025-north-campus-z20",
        "imageryId": "massgis-2025",
        "imageryZoom": 20,
        "imageryTileOrigin": [
          310676,
          388063
        ],
        "networkId": "bbg-north-pedestrian-circulation",
        "parcelId": "bbg-parcel-215-31",
        "topologyNodeIds": [
          "N1",
          "N2",
          "N3"
        ],
        "corridorWidthFeet": null,
        "parentId": null,
        "sectionId": null,
        "subplotId": null,
        "gridCellId": null,
        "centerControlId": null,
        "boundaryConfidence": null,
        "observedFootprintId": null,
        "snappedToFeatureId": null,
        "plantingAssignment": null,
        "cropTaxon": null,
        "sourceReferences": [],
        "provenance": {
          "sourceId": "massgis-aerial-2025",
          "sourceFeatureId": "bbg-north-entry-spine",
          "geometryMethod": "2025 aerial-traced connected pedestrian centerline",
          "semanticMethod": "orthophoto interpretation",
          "sourceReferences": [],
          "confidence": "high",
          "surveyStatus": "not-surveyed",
          "imageryId": "massgis-2025",
          "imageryZoom": 20,
          "digitizationRasterId": "massgis-2025-north-campus-z20",
          "parcelAssignmentMethod": "representative point within canonical parcel polygon",
          "representativePoint": [
            -73.33653724364065,
            42.30106048769074
          ],
          "currentnessCaveat": "Orthophoto interpretation is not surveyed geometry; verify against current imagery or field measurements before construction."
        },
        "notes": "Parcel-contained entry spine through the fountain garden; N1 is shared with the separately classified road connector.",
        "classification": "path",
        "layer": "site",
        "sourceFeatureId": "bbg-north-entry-spine",
        "widthInches": 100,
        "depthInches": 1215,
        "row": null,
        "column": null,
        "status": "aerial-observed-centerline",
        "editable": true
      }
    },
    {
      "type": "Feature",
      "id": "bbg-north-east-main-walk",
      "geometry": {
        "type": "LineString",
        "coordinates": [
          [
            -73.33641179828983,
            42.30094245025641
          ],
          [
            -73.33618386060394,
            42.300912723692846
          ],
          [
            -73.33591557178715,
            42.30089282976185
          ],
          [
            -73.3356069318395,
            42.30085327056573
          ],
          [
            -73.33529859991573,
            42.30081348270373
          ],
          [
            -73.3349231187818,
            42.30076386220917
          ],
          [
            -73.33457443572716,
            42.300714241714616
          ]
        ]
      },
      "properties": {
        "gardenId": "berkshire-botanical-garden",
        "featureType": "structure",
        "featureId": "bbg-north-east-main-walk",
        "name": "North-campus east garden walk",
        "localGeometry": {
          "type": "LineString",
          "coordinates": [
            [
              598,
              -6347
            ],
            [
              1338,
              -6217
            ],
            [
              2209,
              -6130
            ],
            [
              3211,
              -5957
            ],
            [
              4212,
              -5783
            ],
            [
              5431,
              -5566
            ],
            [
              6563,
              -5349
            ]
          ]
        },
        "localUnit": "inch",
        "rotationDegrees": 0,
        "source": "MassGIS 2025 aerial imagery",
        "confidence": "high",
        "featureStatus": "aerial-observed-centerline",
        "geometryBasis": "2025 aerial-traced connected pedestrian centerline",
        "geometryEdit": null,
        "surveyStatus": "not-surveyed",
        "boundaryPolicy": "clip-to-campus",
        "taxonStatus": null,
        "identificationStatus": null,
        "collection": "infrastructure",
        "kind": "path",
        "plantId": null,
        "observationType": null,
        "geometryRepresentation": null,
        "canopyClass": null,
        "crownWidthFeet": null,
        "crownDepthFeet": null,
        "crownDiameterFeet": null,
        "crownRadiusEastWestFeet": null,
        "crownRadiusNorthSouthFeet": null,
        "crownMeasurementMethod": null,
        "crownConfidence": null,
        "heightEstimateFeet": null,
        "heightEstimateRangeFeet": null,
        "heightEstimateMethod": null,
        "heightConfidence": null,
        "sourcePixel": null,
        "sourceMapNumber": null,
        "digitizationRasterId": "massgis-2025-south-campus-wide-z20",
        "imageryId": "massgis-2025",
        "imageryZoom": 20,
        "imageryTileOrigin": [
          310677,
          388066
        ],
        "networkId": "bbg-north-pedestrian-circulation",
        "parcelId": "bbg-parcel-215-31",
        "topologyNodeIds": [
          "N1",
          "N4",
          "N5",
          "N6",
          "N7",
          "N8",
          "N9"
        ],
        "corridorWidthFeet": null,
        "parentId": null,
        "sectionId": null,
        "subplotId": null,
        "gridCellId": null,
        "centerControlId": null,
        "boundaryConfidence": null,
        "observedFootprintId": null,
        "snappedToFeatureId": null,
        "plantingAssignment": null,
        "cropTaxon": null,
        "sourceReferences": [],
        "provenance": {
          "sourceId": "massgis-aerial-2025",
          "sourceFeatureId": "bbg-north-east-main-walk",
          "geometryMethod": "2025 aerial-traced connected pedestrian centerline",
          "semanticMethod": "orthophoto interpretation",
          "sourceReferences": [],
          "confidence": "high",
          "surveyStatus": "not-surveyed",
          "imageryId": "massgis-2025",
          "imageryZoom": 20,
          "digitizationRasterId": "massgis-2025-south-campus-wide-z20",
          "parcelAssignmentMethod": "representative point within canonical parcel polygon",
          "representativePoint": [
            -73.3354919987739,
            42.30083843933808
          ],
          "currentnessCaveat": "Orthophoto interpretation is not surveyed geometry; verify against current imagery or field measurements before construction."
        },
        "notes": "Continuous aerial-visible east/main garden walk; shared endpoint N1 joins the entry network.",
        "classification": "path",
        "layer": "site",
        "sourceFeatureId": "bbg-north-east-main-walk",
        "widthInches": 100,
        "depthInches": 1000,
        "row": null,
        "column": null,
        "status": "aerial-observed-centerline",
        "editable": true
      }
    },
    {
      "type": "Feature",
      "id": "bbg-north-upper-garden-arc",
      "geometry": {
        "type": "LineString",
        "coordinates": [
          [
            -73.33637144715895,
            42.30126967112143
          ],
          [
            -73.33611671139377,
            42.301339185546986
          ],
          [
            -73.3358351775493,
            42.30142836523767
          ],
          [
            -73.33552653760164,
            42.30146815309966
          ],
          [
            -73.33528504686414,
            42.30139863867411
          ],
          [
            -73.33511070533682,
            42.30129962635087
          ]
        ]
      },
      "properties": {
        "gardenId": "berkshire-botanical-garden",
        "featureType": "structure",
        "featureId": "bbg-north-upper-garden-arc",
        "name": "North-campus upper garden arc",
        "localGeometry": {
          "type": "LineString",
          "coordinates": [
            [
              729,
              -7778
            ],
            [
              1556,
              -8082
            ],
            [
              2470,
              -8472
            ],
            [
              3472,
              -8646
            ],
            [
              4256,
              -8342
            ],
            [
              4822,
              -7909
            ]
          ]
        },
        "localUnit": "inch",
        "rotationDegrees": 0,
        "source": "MassGIS 2025 aerial imagery",
        "confidence": "medium",
        "featureStatus": "aerial-observed-centerline",
        "geometryBasis": "2025 aerial-traced connected pedestrian centerline",
        "geometryEdit": null,
        "surveyStatus": "not-surveyed",
        "boundaryPolicy": "clip-to-campus",
        "taxonStatus": null,
        "identificationStatus": null,
        "collection": "infrastructure",
        "kind": "path",
        "plantId": null,
        "observationType": null,
        "geometryRepresentation": null,
        "canopyClass": null,
        "crownWidthFeet": null,
        "crownDepthFeet": null,
        "crownDiameterFeet": null,
        "crownRadiusEastWestFeet": null,
        "crownRadiusNorthSouthFeet": null,
        "crownMeasurementMethod": null,
        "crownConfidence": null,
        "heightEstimateFeet": null,
        "heightEstimateRangeFeet": null,
        "heightEstimateMethod": null,
        "heightConfidence": null,
        "sourcePixel": null,
        "sourceMapNumber": null,
        "digitizationRasterId": "massgis-2025-north-campus-z20",
        "imageryId": "massgis-2025",
        "imageryZoom": 20,
        "imageryTileOrigin": [
          310676,
          388063
        ],
        "networkId": "bbg-north-pedestrian-circulation",
        "parcelId": "bbg-parcel-215-31",
        "topologyNodeIds": [
          "N10",
          "N11",
          "N12",
          "N13",
          "N14",
          "N15"
        ],
        "corridorWidthFeet": null,
        "parentId": null,
        "sectionId": null,
        "subplotId": null,
        "gridCellId": null,
        "centerControlId": null,
        "boundaryConfidence": null,
        "observedFootprintId": null,
        "snappedToFeatureId": null,
        "plantingAssignment": null,
        "cropTaxon": null,
        "sourceReferences": [],
        "provenance": {
          "sourceId": "massgis-aerial-2025",
          "sourceFeatureId": "bbg-north-upper-garden-arc",
          "geometryMethod": "2025 aerial-traced connected pedestrian centerline",
          "semanticMethod": "orthophoto interpretation",
          "sourceReferences": [],
          "confidence": "medium",
          "surveyStatus": "not-surveyed",
          "imageryId": "massgis-2025",
          "imageryZoom": 20,
          "digitizationRasterId": "massgis-2025-north-campus-z20",
          "parcelAssignmentMethod": "representative point within canonical parcel polygon",
          "representativePoint": [
            -73.33573420557131,
            42.30144138189075
          ],
          "currentnessCaveat": "Orthophoto interpretation is not surveyed geometry; verify against current imagery or field measurements before construction."
        },
        "notes": "Continuous upper garden arc resolved in the north-campus aerial; approximately traced, not surveyed.",
        "classification": "path",
        "layer": "site",
        "sourceFeatureId": "bbg-north-upper-garden-arc",
        "widthInches": 100,
        "depthInches": 1000,
        "row": null,
        "column": null,
        "status": "aerial-observed-centerline",
        "editable": true
      }
    },
    {
      "type": "Feature",
      "id": "bbg-lucys-garden-approach",
      "geometry": {
        "type": "LineString",
        "coordinates": [
          [
            -73.33552653760164,
            42.30146815309966
          ],
          [
            -73.33531215296733,
            42.30142836523767
          ],
          [
            -73.33513781144,
            42.301339185546986
          ],
          [
            -73.33504386415055,
            42.30119032406332
          ]
        ]
      },
      "properties": {
        "gardenId": "berkshire-botanical-garden",
        "featureType": "structure",
        "featureId": "bbg-lucys-garden-approach",
        "name": "Lucy's Garden approach",
        "localGeometry": {
          "type": "LineString",
          "coordinates": [
            [
              3472,
              -8646
            ],
            [
              4168,
              -8472
            ],
            [
              4734,
              -8082
            ],
            [
              5039,
              -7431
            ]
          ]
        },
        "localUnit": "inch",
        "rotationDegrees": 0,
        "source": "MassGIS 2025 aerial imagery",
        "confidence": "high",
        "featureStatus": "aerial-observed-centerline",
        "geometryBasis": "2025 aerial-traced connected pedestrian centerline",
        "geometryEdit": null,
        "surveyStatus": "not-surveyed",
        "boundaryPolicy": "clip-to-campus",
        "taxonStatus": null,
        "identificationStatus": null,
        "collection": "infrastructure",
        "kind": "path",
        "plantId": null,
        "observationType": null,
        "geometryRepresentation": null,
        "canopyClass": null,
        "crownWidthFeet": null,
        "crownDepthFeet": null,
        "crownDiameterFeet": null,
        "crownRadiusEastWestFeet": null,
        "crownRadiusNorthSouthFeet": null,
        "crownMeasurementMethod": null,
        "crownConfidence": null,
        "heightEstimateFeet": null,
        "heightEstimateRangeFeet": null,
        "heightEstimateMethod": null,
        "heightConfidence": null,
        "sourcePixel": null,
        "sourceMapNumber": null,
        "digitizationRasterId": "massgis-2025-north-campus-z20",
        "imageryId": "massgis-2025",
        "imageryZoom": 20,
        "imageryTileOrigin": [
          310676,
          388063
        ],
        "networkId": "bbg-north-pedestrian-circulation",
        "parcelId": "bbg-parcel-215-31",
        "topologyNodeIds": [
          "N13",
          "N16",
          "N17",
          "N18"
        ],
        "corridorWidthFeet": null,
        "parentId": null,
        "sectionId": null,
        "subplotId": null,
        "gridCellId": null,
        "centerControlId": null,
        "boundaryConfidence": null,
        "observedFootprintId": null,
        "snappedToFeatureId": null,
        "plantingAssignment": null,
        "cropTaxon": null,
        "sourceReferences": [],
        "provenance": {
          "sourceId": "massgis-aerial-2025",
          "sourceFeatureId": "bbg-lucys-garden-approach",
          "geometryMethod": "2025 aerial-traced connected pedestrian centerline",
          "semanticMethod": "orthophoto interpretation",
          "sourceReferences": [],
          "confidence": "high",
          "surveyStatus": "not-surveyed",
          "imageryId": "massgis-2025",
          "imageryZoom": 20,
          "digitizationRasterId": "massgis-2025-north-campus-z20",
          "parcelAssignmentMethod": "representative point within canonical parcel polygon",
          "representativePoint": [
            -73.33524368603436,
            42.3013933428308
          ],
          "currentnessCaveat": "Orthophoto interpretation is not surveyed geometry; verify against current imagery or field measurements before construction."
        },
        "notes": "Aerial-visible approach to Lucy's Garden; N13 is shared exactly with the upper garden arc.",
        "classification": "path",
        "layer": "site",
        "sourceFeatureId": "bbg-lucys-garden-approach",
        "widthInches": 100,
        "depthInches": 1215,
        "row": null,
        "column": null,
        "status": "aerial-observed-centerline",
        "editable": true
      }
    },
    {
      "type": "Feature",
      "id": "bbg-wildflower-meadow-main-trail",
      "geometry": {
        "type": "LineString",
        "coordinates": [
          [
            -73.33672290242869,
            42.301686300343015
          ],
          [
            -73.33688369090441,
            42.3020830356336
          ],
          [
            -73.3371519797212,
            42.30247977092418
          ],
          [
            -73.33742026853797,
            42.30287673488064
          ]
        ]
      },
      "properties": {
        "gardenId": "berkshire-botanical-garden",
        "featureType": "structure",
        "featureId": "bbg-wildflower-meadow-main-trail",
        "name": "Wildflower Meadow main trail",
        "localGeometry": {
          "type": "LineString",
          "coordinates": [
            [
              -412,
              -9600
            ],
            [
              -934,
              -11335
            ],
            [
              -1805,
              -13070
            ],
            [
              -2676,
              -14806
            ]
          ]
        },
        "localUnit": "inch",
        "rotationDegrees": 0,
        "source": "MassGIS 2025 aerial imagery",
        "confidence": "medium",
        "featureStatus": "aerial-observed-centerline",
        "geometryBasis": "2025 aerial-traced meadow trail centerline",
        "geometryEdit": null,
        "surveyStatus": "not-surveyed",
        "boundaryPolicy": "clip-to-campus",
        "taxonStatus": null,
        "identificationStatus": null,
        "collection": "infrastructure",
        "kind": "trail",
        "plantId": null,
        "observationType": null,
        "geometryRepresentation": null,
        "canopyClass": null,
        "crownWidthFeet": null,
        "crownDepthFeet": null,
        "crownDiameterFeet": null,
        "crownRadiusEastWestFeet": null,
        "crownRadiusNorthSouthFeet": null,
        "crownMeasurementMethod": null,
        "crownConfidence": null,
        "heightEstimateFeet": null,
        "heightEstimateRangeFeet": null,
        "heightEstimateMethod": null,
        "heightConfidence": null,
        "sourcePixel": null,
        "sourceMapNumber": null,
        "digitizationRasterId": "massgis-2025-north-campus-z20",
        "imageryId": "massgis-2025",
        "imageryZoom": 20,
        "imageryTileOrigin": [
          310676,
          388063
        ],
        "networkId": "bbg-meadow-trails",
        "parcelId": "bbg-parcel-215-29",
        "topologyNodeIds": [
          "M0",
          "M1",
          "M2",
          "M3"
        ],
        "corridorWidthFeet": null,
        "parentId": null,
        "sectionId": null,
        "subplotId": null,
        "gridCellId": null,
        "centerControlId": null,
        "boundaryConfidence": null,
        "observedFootprintId": null,
        "snappedToFeatureId": null,
        "plantingAssignment": null,
        "cropTaxon": null,
        "sourceReferences": [],
        "provenance": {
          "sourceId": "massgis-aerial-2025",
          "sourceFeatureId": "bbg-wildflower-meadow-main-trail",
          "geometryMethod": "2025 aerial-traced meadow trail centerline",
          "semanticMethod": "orthophoto interpretation",
          "sourceReferences": [],
          "confidence": "medium",
          "surveyStatus": "not-surveyed",
          "imageryId": "massgis-2025",
          "imageryZoom": 20,
          "digitizationRasterId": "massgis-2025-north-campus-z20",
          "parcelAssignmentMethod": "representative point within canonical parcel polygon",
          "representativePoint": [
            -73.33703213226363,
            42.30230254506559
          ],
          "currentnessCaveat": "Orthophoto interpretation is not surveyed geometry; verify against current imagery or field measurements before construction."
        },
        "notes": "Aerial-visible main Wildflower Meadow trail, clipped conceptually to the parcel-contained meadow management area.",
        "classification": "trail",
        "layer": "site",
        "sourceFeatureId": "bbg-wildflower-meadow-main-trail",
        "widthInches": 90,
        "depthInches": 5206,
        "row": null,
        "column": null,
        "status": "aerial-observed-centerline",
        "editable": true
      }
    },
    {
      "type": "Feature",
      "id": "bbg-wildflower-meadow-branch-trail",
      "geometry": {
        "type": "LineString",
        "coordinates": [
          [
            -73.3371519797212,
            42.30247977092418
          ],
          [
            -73.33674970050798,
            42.302777493891526
          ],
          [
            -73.3364814116912,
            42.302936188007756
          ]
        ]
      },
      "properties": {
        "gardenId": "berkshire-botanical-garden",
        "featureType": "structure",
        "featureId": "bbg-wildflower-meadow-branch-trail",
        "name": "Wildflower Meadow branch trail",
        "localGeometry": {
          "type": "LineString",
          "coordinates": [
            [
              -1805,
              -13070
            ],
            [
              -499,
              -14372
            ],
            [
              372,
              -15066
            ]
          ]
        },
        "localUnit": "inch",
        "rotationDegrees": 0,
        "source": "MassGIS 2025 aerial imagery",
        "confidence": "medium",
        "featureStatus": "aerial-observed-centerline",
        "geometryBasis": "2025 aerial-traced meadow trail centerline",
        "geometryEdit": null,
        "surveyStatus": "not-surveyed",
        "boundaryPolicy": "clip-to-campus",
        "taxonStatus": null,
        "identificationStatus": null,
        "collection": "infrastructure",
        "kind": "trail",
        "plantId": null,
        "observationType": null,
        "geometryRepresentation": null,
        "canopyClass": null,
        "crownWidthFeet": null,
        "crownDepthFeet": null,
        "crownDiameterFeet": null,
        "crownRadiusEastWestFeet": null,
        "crownRadiusNorthSouthFeet": null,
        "crownMeasurementMethod": null,
        "crownConfidence": null,
        "heightEstimateFeet": null,
        "heightEstimateRangeFeet": null,
        "heightEstimateMethod": null,
        "heightConfidence": null,
        "sourcePixel": null,
        "sourceMapNumber": null,
        "digitizationRasterId": "massgis-2025-north-campus-z20",
        "imageryId": "massgis-2025",
        "imageryZoom": 20,
        "imageryTileOrigin": [
          310676,
          388063
        ],
        "networkId": "bbg-meadow-trails",
        "parcelId": "bbg-parcel-215-29",
        "topologyNodeIds": [
          "M2",
          "M4",
          "M5"
        ],
        "corridorWidthFeet": null,
        "parentId": null,
        "sectionId": null,
        "subplotId": null,
        "gridCellId": null,
        "centerControlId": null,
        "boundaryConfidence": null,
        "observedFootprintId": null,
        "snappedToFeatureId": null,
        "plantingAssignment": null,
        "cropTaxon": null,
        "sourceReferences": [],
        "provenance": {
          "sourceId": "massgis-aerial-2025",
          "sourceFeatureId": "bbg-wildflower-meadow-branch-trail",
          "geometryMethod": "2025 aerial-traced meadow trail centerline",
          "semanticMethod": "orthophoto interpretation",
          "sourceReferences": [],
          "confidence": "medium",
          "surveyStatus": "not-surveyed",
          "imageryId": "massgis-2025",
          "imageryZoom": 20,
          "digitizationRasterId": "massgis-2025-north-campus-z20",
          "parcelAssignmentMethod": "representative point within canonical parcel polygon",
          "representativePoint": [
            -73.33682556301419,
            42.30272134878207
          ],
          "currentnessCaveat": "Orthophoto interpretation is not surveyed geometry; verify against current imagery or field measurements before construction."
        },
        "notes": "Aerial-visible Y branch; M2 is shared exactly with the main meadow trail.",
        "classification": "trail",
        "layer": "site",
        "sourceFeatureId": "bbg-wildflower-meadow-branch-trail",
        "widthInches": 90,
        "depthInches": 1996,
        "row": null,
        "column": null,
        "status": "aerial-observed-centerline",
        "editable": true
      }
    },
    {
      "type": "Feature",
      "id": "bbg-edible-north-subplot",
      "geometry": {
        "type": "Polygon",
        "coordinates": [
          [
            [
              -73.33598764937972,
              42.30009707252195
            ],
            [
              -73.33584595838579,
              42.3000577419917
            ],
            [
              -73.33591064340476,
              42.30001475280748
            ],
            [
              -73.33604617392069,
              42.30005248267661
            ],
            [
              -73.33598764937972,
              42.30009707252195
            ]
          ]
        ]
      },
      "properties": {
        "gardenId": "berkshire-botanical-garden",
        "featureType": "structure",
        "featureId": "bbg-edible-north-subplot",
        "name": "Edible Gardens north grid grouping · map 8",
        "localGeometry": {
          "type": "Polygon",
          "coordinates": [
            [
              [
                1975,
                -2650
              ],
              [
                2435,
                -2478
              ],
              [
                2225,
                -2290
              ],
              [
                1785,
                -2455
              ],
              [
                1975,
                -2650
              ]
            ]
          ]
        },
        "localUnit": "inch",
        "rotationDegrees": 0,
        "source": "Berkshire Botanical Garden 2024 visitor map with MassGIS 2025 aerial interpretation",
        "confidence": "low",
        "featureStatus": "derived-grid-grouping",
        "geometryBasis": "derived envelope of regularized bed-grid centers; boundary unverified",
        "geometryEdit": null,
        "surveyStatus": "not-surveyed",
        "boundaryPolicy": "inside-campus",
        "taxonStatus": null,
        "identificationStatus": null,
        "collection": "gardenSubplots",
        "kind": "garden-subplot",
        "plantId": null,
        "observationType": null,
        "geometryRepresentation": null,
        "canopyClass": null,
        "crownWidthFeet": null,
        "crownDepthFeet": null,
        "crownDiameterFeet": null,
        "crownRadiusEastWestFeet": null,
        "crownRadiusNorthSouthFeet": null,
        "crownMeasurementMethod": null,
        "crownConfidence": null,
        "heightEstimateFeet": null,
        "heightEstimateRangeFeet": null,
        "heightEstimateMethod": null,
        "heightConfidence": null,
        "sourcePixel": null,
        "sourceMapNumber": 8,
        "digitizationRasterId": "massgis-2025-south-campus-wide-z20",
        "imageryId": "massgis-2025",
        "imageryZoom": 20,
        "imageryTileOrigin": [
          310677,
          388066
        ],
        "networkId": null,
        "parcelId": "bbg-parcel-215-1",
        "topologyNodeIds": [],
        "corridorWidthFeet": null,
        "parentId": "bbg-edible-gardens-section",
        "sectionId": "bbg-edible-gardens-section",
        "subplotId": null,
        "gridCellId": null,
        "centerControlId": null,
        "boundaryConfidence": null,
        "observedFootprintId": null,
        "snappedToFeatureId": null,
        "plantingAssignment": null,
        "cropTaxon": null,
        "sourceReferences": [
          {
            "sourceId": "source:bbg-visitor-map",
            "locator": "numbered landmark 8",
            "mapNumber": 8,
            "label": "Edible Gardens",
            "role": "derived grouping for northern regularized bed-grid cells",
            "confidence": "low"
          }
        ],
        "provenance": {
          "sourceId": "massgis-aerial-2025",
          "sourceFeatureId": "bbg-edible-north-subplot",
          "geometryMethod": "derived envelope of regularized bed-grid centers; boundary unverified",
          "semanticMethod": "official visitor-map identity applied to independently interpreted geometry",
          "sourceReferences": [
            {
              "sourceId": "source:bbg-visitor-map",
              "locator": "numbered landmark 8",
              "mapNumber": 8,
              "label": "Edible Gardens",
              "role": "derived grouping for northern regularized bed-grid cells",
              "confidence": "low"
            }
          ],
          "confidence": "low",
          "surveyStatus": "not-surveyed",
          "imageryId": "massgis-2025",
          "imageryZoom": 20,
          "digitizationRasterId": "massgis-2025-south-campus-wide-z20",
          "parcelAssignmentMethod": "representative point within canonical parcel polygon",
          "representativePoint": [
            -73.33594261470596,
            42.3000577419917
          ],
          "currentnessCaveat": "Orthophoto interpretation is not surveyed geometry; verify against current imagery or field measurements before construction."
        },
        "notes": "Derived north-grid grouping used for hierarchy and selection. It is not an observed or surveyed plot boundary.",
        "classification": "garden-subplot",
        "layer": "site",
        "sourceFeatureId": "bbg-edible-north-subplot",
        "widthInches": 650,
        "depthInches": 390,
        "row": null,
        "column": null,
        "status": "derived-grid-grouping",
        "editable": true
      }
    },
    {
      "type": "Feature",
      "id": "bbg-edible-south-subplot",
      "geometry": {
        "type": "Polygon",
        "coordinates": [
          [
            [
              -73.33606927571319,
              42.30004790935914
            ],
            [
              -73.33592912483876,
              42.30000903616064
            ],
            [
              -73.33601383141121,
              42.29994729637478
            ],
            [
              -73.33615244216615,
              42.29998616957329
            ],
            [
              -73.33606927571319,
              42.30004790935914
            ]
          ]
        ]
      },
      "properties": {
        "gardenId": "berkshire-botanical-garden",
        "featureType": "structure",
        "featureId": "bbg-edible-south-subplot",
        "name": "Edible Gardens south grid grouping · map 8",
        "localGeometry": {
          "type": "Polygon",
          "coordinates": [
            [
              [
                1710,
                -2435
              ],
              [
                2165,
                -2265
              ],
              [
                1890,
                -1995
              ],
              [
                1440,
                -2165
              ],
              [
                1710,
                -2435
              ]
            ]
          ]
        },
        "localUnit": "inch",
        "rotationDegrees": 0,
        "source": "Berkshire Botanical Garden 2024 visitor map with MassGIS 2025 aerial interpretation",
        "confidence": "low",
        "featureStatus": "derived-grid-grouping",
        "geometryBasis": "derived envelope of regularized bed-grid centers; boundary unverified",
        "geometryEdit": null,
        "surveyStatus": "not-surveyed",
        "boundaryPolicy": "inside-campus",
        "taxonStatus": null,
        "identificationStatus": null,
        "collection": "gardenSubplots",
        "kind": "garden-subplot",
        "plantId": null,
        "observationType": null,
        "geometryRepresentation": null,
        "canopyClass": null,
        "crownWidthFeet": null,
        "crownDepthFeet": null,
        "crownDiameterFeet": null,
        "crownRadiusEastWestFeet": null,
        "crownRadiusNorthSouthFeet": null,
        "crownMeasurementMethod": null,
        "crownConfidence": null,
        "heightEstimateFeet": null,
        "heightEstimateRangeFeet": null,
        "heightEstimateMethod": null,
        "heightConfidence": null,
        "sourcePixel": null,
        "sourceMapNumber": 8,
        "digitizationRasterId": "massgis-2025-south-campus-wide-z20",
        "imageryId": "massgis-2025",
        "imageryZoom": 20,
        "imageryTileOrigin": [
          310677,
          388066
        ],
        "networkId": null,
        "parcelId": "bbg-parcel-215-1",
        "topologyNodeIds": [],
        "corridorWidthFeet": null,
        "parentId": "bbg-edible-gardens-section",
        "sectionId": "bbg-edible-gardens-section",
        "subplotId": null,
        "gridCellId": null,
        "centerControlId": null,
        "boundaryConfidence": null,
        "observedFootprintId": null,
        "snappedToFeatureId": null,
        "plantingAssignment": null,
        "cropTaxon": null,
        "sourceReferences": [
          {
            "sourceId": "source:bbg-visitor-map",
            "locator": "numbered landmark 8",
            "mapNumber": 8,
            "label": "Edible Gardens",
            "role": "derived grouping for southern regularized bed-grid cells",
            "confidence": "low"
          }
        ],
        "provenance": {
          "sourceId": "massgis-aerial-2025",
          "sourceFeatureId": "bbg-edible-south-subplot",
          "geometryMethod": "derived envelope of regularized bed-grid centers; boundary unverified",
          "semanticMethod": "official visitor-map identity applied to independently interpreted geometry",
          "sourceReferences": [
            {
              "sourceId": "source:bbg-visitor-map",
              "locator": "numbered landmark 8",
              "mapNumber": 8,
              "label": "Edible Gardens",
              "role": "derived grouping for southern regularized bed-grid cells",
              "confidence": "low"
            }
          ],
          "confidence": "low",
          "surveyStatus": "not-surveyed",
          "imageryId": "massgis-2025",
          "imageryZoom": 20,
          "digitizationRasterId": "massgis-2025-south-campus-wide-z20",
          "parcelAssignmentMethod": "representative point within canonical parcel polygon",
          "representativePoint": [
            -73.33602538230747,
            42.30000903616064
          ],
          "currentnessCaveat": "Orthophoto interpretation is not surveyed geometry; verify against current imagery or field measurements before construction."
        },
        "notes": "Derived south-grid grouping used for hierarchy and selection. It is not an observed or surveyed plot boundary.",
        "classification": "garden-subplot",
        "layer": "site",
        "sourceFeatureId": "bbg-edible-south-subplot",
        "widthInches": 660,
        "depthInches": 470,
        "row": null,
        "column": null,
        "status": "derived-grid-grouping",
        "editable": true
      }
    },
    {
      "type": "Feature",
      "id": "bbg-childrens-main-grid",
      "geometry": {
        "type": "Polygon",
        "coordinates": [
          [
            [
              -73.33547478958646,
              42.29954598776673
            ],
            [
              -73.33540702432849,
              42.29952426450875
            ],
            [
              -73.33543936683797,
              42.29944423145301
            ],
            [
              -73.33550559197644,
              42.29946595471099
            ],
            [
              -73.33547478958646,
              42.29954598776673
            ]
          ]
        ]
      },
      "properties": {
        "gardenId": "berkshire-botanical-garden",
        "featureType": "structure",
        "featureId": "bbg-childrens-main-grid",
        "name": "Children's Vegetable Garden grid grouping · map 12",
        "localGeometry": {
          "type": "Polygon",
          "coordinates": [
            [
              [
                3640,
                -240
              ],
              [
                3860,
                -145
              ],
              [
                3755,
                205
              ],
              [
                3540,
                110
              ],
              [
                3640,
                -240
              ]
            ]
          ]
        },
        "localUnit": "inch",
        "rotationDegrees": 0,
        "source": "Berkshire Botanical Garden 2024 visitor map with MassGIS 2025 aerial interpretation",
        "confidence": "low",
        "featureStatus": "derived-grid-grouping",
        "geometryBasis": "derived envelope of regularized bed-grid centers; boundary unverified",
        "geometryEdit": null,
        "surveyStatus": "not-surveyed",
        "boundaryPolicy": "inside-campus",
        "taxonStatus": null,
        "identificationStatus": null,
        "collection": "gardenSubplots",
        "kind": "garden-subplot",
        "plantId": null,
        "observationType": null,
        "geometryRepresentation": null,
        "canopyClass": null,
        "crownWidthFeet": null,
        "crownDepthFeet": null,
        "crownDiameterFeet": null,
        "crownRadiusEastWestFeet": null,
        "crownRadiusNorthSouthFeet": null,
        "crownMeasurementMethod": null,
        "crownConfidence": null,
        "heightEstimateFeet": null,
        "heightEstimateRangeFeet": null,
        "heightEstimateMethod": null,
        "heightConfidence": null,
        "sourcePixel": null,
        "sourceMapNumber": 12,
        "digitizationRasterId": "massgis-2025-south-campus-wide-z20",
        "imageryId": "massgis-2025",
        "imageryZoom": 20,
        "imageryTileOrigin": [
          310677,
          388066
        ],
        "networkId": null,
        "parcelId": "bbg-parcel-215-1",
        "topologyNodeIds": [],
        "corridorWidthFeet": null,
        "parentId": "bbg-childrens-vegetable-garden-section",
        "sectionId": "bbg-childrens-vegetable-garden-section",
        "subplotId": null,
        "gridCellId": null,
        "centerControlId": null,
        "boundaryConfidence": null,
        "observedFootprintId": null,
        "snappedToFeatureId": null,
        "plantingAssignment": null,
        "cropTaxon": null,
        "sourceReferences": [
          {
            "sourceId": "source:bbg-visitor-map",
            "locator": "numbered landmark 12",
            "mapNumber": 12,
            "label": "Children's Vegetable Garden",
            "role": "derived grouping for regularized teaching-bed cells",
            "confidence": "low"
          }
        ],
        "provenance": {
          "sourceId": "massgis-aerial-2025",
          "sourceFeatureId": "bbg-childrens-main-grid",
          "geometryMethod": "derived envelope of regularized bed-grid centers; boundary unverified",
          "semanticMethod": "official visitor-map identity applied to independently interpreted geometry",
          "sourceReferences": [
            {
              "sourceId": "source:bbg-visitor-map",
              "locator": "numbered landmark 12",
              "mapNumber": 12,
              "label": "Children's Vegetable Garden",
              "role": "derived grouping for regularized teaching-bed cells",
              "confidence": "low"
            }
          ],
          "confidence": "low",
          "surveyStatus": "not-surveyed",
          "imageryId": "massgis-2025",
          "imageryZoom": 20,
          "digitizationRasterId": "massgis-2025-south-campus-wide-z20",
          "parcelAssignmentMethod": "representative point within canonical parcel polygon",
          "representativePoint": [
            -73.33544508728183,
            42.29952426450875
          ],
          "currentnessCaveat": "Orthophoto interpretation is not surveyed geometry; verify against current imagery or field measurements before construction."
        },
        "notes": "Derived teaching-grid grouping used for hierarchy and selection. It is not an observed or surveyed plot boundary.",
        "classification": "garden-subplot",
        "layer": "site",
        "sourceFeatureId": "bbg-childrens-main-grid",
        "widthInches": 390,
        "depthInches": 500,
        "row": null,
        "column": null,
        "status": "derived-grid-grouping",
        "editable": true
      }
    },
    {
      "type": "Feature",
      "id": "bbg-carol-tatkon-entry-garden",
      "geometry": {
        "type": "Polygon",
        "coordinates": [
          [
            [
              -73.33673891967149,
              42.30046316658548
            ],
            [
              -73.33655256521207,
              42.300458364602136
            ],
            [
              -73.33654178437557,
              42.30034128767488
            ],
            [
              -73.33662495082854,
              42.300289609187466
            ],
            [
              -73.336718898118,
              42.30031544843117
            ],
            [
              -73.33675247272308,
              42.30038885017658
            ],
            [
              -73.33673891967149,
              42.30046316658548
            ]
          ]
        ]
      },
      "properties": {
        "gardenId": "berkshire-botanical-garden",
        "featureType": "structure",
        "featureId": "bbg-carol-tatkon-entry-garden",
        "name": "Carol Tatkon Entry Garden · west · map 3",
        "localGeometry": {
          "type": "Polygon",
          "coordinates": [
            [
              [
                -464,
                -4251
              ],
              [
                141,
                -4230
              ],
              [
                176,
                -3718
              ],
              [
                -94,
                -3492
              ],
              [
                -399,
                -3605
              ],
              [
                -508,
                -3926
              ],
              [
                -464,
                -4251
              ]
            ]
          ]
        },
        "localUnit": "inch",
        "rotationDegrees": 0,
        "source": "Berkshire Botanical Garden 2024 visitor map with MassGIS 2025 aerial interpretation",
        "confidence": "medium",
        "featureStatus": "context-overlay",
        "geometryBasis": "schematic-located and aerial-checked",
        "geometryEdit": null,
        "surveyStatus": "not-surveyed",
        "boundaryPolicy": "inside-campus",
        "taxonStatus": null,
        "identificationStatus": null,
        "collection": "gardenSections",
        "kind": "garden-section",
        "plantId": null,
        "observationType": null,
        "geometryRepresentation": null,
        "canopyClass": null,
        "crownWidthFeet": null,
        "crownDepthFeet": null,
        "crownDiameterFeet": null,
        "crownRadiusEastWestFeet": null,
        "crownRadiusNorthSouthFeet": null,
        "crownMeasurementMethod": null,
        "crownConfidence": null,
        "heightEstimateFeet": null,
        "heightEstimateRangeFeet": null,
        "heightEstimateMethod": null,
        "heightConfidence": null,
        "sourcePixel": null,
        "sourceMapNumber": 3,
        "digitizationRasterId": "massgis-2025-south-campus-wide-z20",
        "imageryId": "massgis-2025",
        "imageryZoom": 20,
        "imageryTileOrigin": [
          310677,
          388066
        ],
        "networkId": null,
        "parcelId": "bbg-parcel-215-1",
        "topologyNodeIds": [],
        "corridorWidthFeet": null,
        "parentId": null,
        "sectionId": null,
        "subplotId": null,
        "gridCellId": null,
        "centerControlId": null,
        "boundaryConfidence": null,
        "observedFootprintId": null,
        "snappedToFeatureId": null,
        "plantingAssignment": null,
        "cropTaxon": null,
        "sourceReferences": [
          {
            "sourceId": "source:bbg-visitor-map",
            "locator": "numbered landmark 3",
            "mapNumber": 3,
            "label": "Carol Tatkon Entry Garden",
            "role": "aerial-visible planted-area part with visitor-map semantic identity",
            "confidence": "medium"
          }
        ],
        "provenance": {
          "sourceId": "massgis-aerial-2025",
          "sourceFeatureId": "bbg-carol-tatkon-entry-garden",
          "geometryMethod": "schematic-located and aerial-checked",
          "semanticMethod": "official visitor-map identity applied to independently interpreted geometry",
          "sourceReferences": [
            {
              "sourceId": "source:bbg-visitor-map",
              "locator": "numbered landmark 3",
              "mapNumber": 3,
              "label": "Carol Tatkon Entry Garden",
              "role": "aerial-visible planted-area part with visitor-map semantic identity",
              "confidence": "medium"
            }
          ],
          "confidence": "medium",
          "surveyStatus": "not-surveyed",
          "imageryId": "massgis-2025",
          "imageryZoom": 20,
          "digitizationRasterId": "massgis-2025-south-campus-wide-z20",
          "parcelAssignmentMethod": "representative point within canonical parcel polygon",
          "representativePoint": [
            -73.33664981400474,
            42.30038732913013
          ],
          "currentnessCaveat": "Orthophoto interpretation is not surveyed geometry; verify against current imagery or field measurements before construction."
        },
        "notes": "Approximate editable Carol Tatkon Entry Garden · west area interpreted from the numbered visitor-map relationship and visible aerial context; not a surveyed planting boundary.",
        "classification": "garden-section",
        "layer": "site",
        "sourceFeatureId": "bbg-carol-tatkon-entry-garden",
        "widthInches": 650,
        "depthInches": 850,
        "row": null,
        "column": null,
        "status": "context-overlay",
        "editable": true
      }
    },
    {
      "type": "Feature",
      "id": "bbg-carol-tatkon-entry-garden-north",
      "geometry": {
        "type": "Polygon",
        "coordinates": [
          [
            [
              -73.33674692829288,
              42.30063192200014
            ],
            [
              -73.33660215705994,
              42.30065181593115
            ],
            [
              -73.33653778006487,
              42.30061294273264
            ],
            [
              -73.33654055227997,
              42.30048306051648
            ],
            [
              -73.33661817430274,
              42.30046316658548
            ],
            [
              -73.3367121215922,
              42.300502954447474
            ],
            [
              -73.33674692829288,
              42.30063192200014
            ]
          ]
        ]
      },
      "properties": {
        "gardenId": "berkshire-botanical-garden",
        "featureType": "structure",
        "featureId": "bbg-carol-tatkon-entry-garden-north",
        "name": "Carol Tatkon Entry Garden · north · map 3",
        "localGeometry": {
          "type": "Polygon",
          "coordinates": [
            [
              [
                -490,
                -4989
              ],
              [
                -20,
                -5076
              ],
              [
                189,
                -4906
              ],
              [
                180,
                -4338
              ],
              [
                -72,
                -4251
              ],
              [
                -377,
                -4425
              ],
              [
                -490,
                -4989
              ]
            ]
          ]
        },
        "localUnit": "inch",
        "rotationDegrees": 0,
        "source": "Berkshire Botanical Garden 2024 visitor map with MassGIS 2025 aerial interpretation",
        "confidence": "low",
        "featureStatus": "context-overlay",
        "geometryBasis": "schematic-located and aerial-checked",
        "geometryEdit": null,
        "surveyStatus": "not-surveyed",
        "boundaryPolicy": "inside-campus",
        "taxonStatus": null,
        "identificationStatus": null,
        "collection": "gardenSections",
        "kind": "garden-section",
        "plantId": null,
        "observationType": null,
        "geometryRepresentation": null,
        "canopyClass": null,
        "crownWidthFeet": null,
        "crownDepthFeet": null,
        "crownDiameterFeet": null,
        "crownRadiusEastWestFeet": null,
        "crownRadiusNorthSouthFeet": null,
        "crownMeasurementMethod": null,
        "crownConfidence": null,
        "heightEstimateFeet": null,
        "heightEstimateRangeFeet": null,
        "heightEstimateMethod": null,
        "heightConfidence": null,
        "sourcePixel": null,
        "sourceMapNumber": 3,
        "digitizationRasterId": "massgis-2025-south-campus-wide-z20",
        "imageryId": "massgis-2025",
        "imageryZoom": 20,
        "imageryTileOrigin": [
          310677,
          388066
        ],
        "networkId": null,
        "parcelId": "bbg-parcel-215-1",
        "topologyNodeIds": [],
        "corridorWidthFeet": null,
        "parentId": null,
        "sectionId": null,
        "subplotId": null,
        "gridCellId": null,
        "centerControlId": null,
        "boundaryConfidence": null,
        "observedFootprintId": null,
        "snappedToFeatureId": null,
        "plantingAssignment": null,
        "cropTaxon": null,
        "sourceReferences": [
          {
            "sourceId": "source:bbg-visitor-map",
            "locator": "numbered landmark 3",
            "mapNumber": 3,
            "label": "Carol Tatkon Entry Garden",
            "role": "aerial-visible planted-area part with visitor-map semantic identity",
            "confidence": "low"
          }
        ],
        "provenance": {
          "sourceId": "massgis-aerial-2025",
          "sourceFeatureId": "bbg-carol-tatkon-entry-garden-north",
          "geometryMethod": "schematic-located and aerial-checked",
          "semanticMethod": "official visitor-map identity applied to independently interpreted geometry",
          "sourceReferences": [
            {
              "sourceId": "source:bbg-visitor-map",
              "locator": "numbered landmark 3",
              "mapNumber": 3,
              "label": "Carol Tatkon Entry Garden",
              "role": "aerial-visible planted-area part with visitor-map semantic identity",
              "confidence": "low"
            }
          ],
          "confidence": "low",
          "surveyStatus": "not-surveyed",
          "imageryId": "massgis-2025",
          "imageryZoom": 20,
          "digitizationRasterId": "massgis-2025-south-campus-wide-z20",
          "parcelAssignmentMethod": "representative point within canonical parcel polygon",
          "representativePoint": [
            -73.33663979304754,
            42.30061294273264
          ],
          "currentnessCaveat": "Orthophoto interpretation is not surveyed geometry; verify against current imagery or field measurements before construction."
        },
        "notes": "Approximate editable Carol Tatkon Entry Garden · north area interpreted from the numbered visitor-map relationship and visible aerial context; not a surveyed planting boundary.",
        "classification": "garden-section",
        "layer": "site",
        "sourceFeatureId": "bbg-carol-tatkon-entry-garden-north",
        "widthInches": 700,
        "depthInches": 850,
        "row": null,
        "column": null,
        "status": "context-overlay",
        "editable": true
      }
    },
    {
      "type": "Feature",
      "id": "bbg-carol-tatkon-entry-garden-east",
      "geometry": {
        "type": "Polygon",
        "coordinates": [
          [
            [
              -73.3364814116912,
              42.30033717168916
            ],
            [
              -73.33639146871243,
              42.30035912361302
            ],
            [
              -73.33633109602806,
              42.300305615798614
            ],
            [
              -73.33636220644195,
              42.30024204668577
            ],
            [
              -73.33644260067982,
              42.30022329608414
            ],
            [
              -73.3364841839063,
              42.300268800592974
            ],
            [
              -73.3364814116912,
              42.30033717168916
            ]
          ]
        ]
      },
      "properties": {
        "gardenId": "berkshire-botanical-garden",
        "featureType": "structure",
        "featureId": "bbg-carol-tatkon-entry-garden-east",
        "name": "Carol Tatkon Entry Garden · east · map 3",
        "localGeometry": {
          "type": "Polygon",
          "coordinates": [
            [
              [
                372,
                -3700
              ],
              [
                664,
                -3796
              ],
              [
                860,
                -3562
              ],
              [
                759,
                -3284
              ],
              [
                498,
                -3202
              ],
              [
                363,
                -3401
              ],
              [
                372,
                -3700
              ]
            ]
          ]
        },
        "localUnit": "inch",
        "rotationDegrees": 0,
        "source": "Berkshire Botanical Garden 2024 visitor map with MassGIS 2025 aerial interpretation",
        "confidence": "medium",
        "featureStatus": "context-overlay",
        "geometryBasis": "schematic-located and aerial-checked",
        "geometryEdit": null,
        "surveyStatus": "not-surveyed",
        "boundaryPolicy": "inside-campus",
        "taxonStatus": null,
        "identificationStatus": null,
        "collection": "gardenSections",
        "kind": "garden-section",
        "plantId": null,
        "observationType": null,
        "geometryRepresentation": null,
        "canopyClass": null,
        "crownWidthFeet": null,
        "crownDepthFeet": null,
        "crownDiameterFeet": null,
        "crownRadiusEastWestFeet": null,
        "crownRadiusNorthSouthFeet": null,
        "crownMeasurementMethod": null,
        "crownConfidence": null,
        "heightEstimateFeet": null,
        "heightEstimateRangeFeet": null,
        "heightEstimateMethod": null,
        "heightConfidence": null,
        "sourcePixel": null,
        "sourceMapNumber": 3,
        "digitizationRasterId": "massgis-2025-south-campus-wide-z20",
        "imageryId": "massgis-2025",
        "imageryZoom": 20,
        "imageryTileOrigin": [
          310677,
          388066
        ],
        "networkId": null,
        "parcelId": "bbg-parcel-215-1",
        "topologyNodeIds": [],
        "corridorWidthFeet": null,
        "parentId": null,
        "sectionId": null,
        "subplotId": null,
        "gridCellId": null,
        "centerControlId": null,
        "boundaryConfidence": null,
        "observedFootprintId": null,
        "snappedToFeatureId": null,
        "plantingAssignment": null,
        "cropTaxon": null,
        "sourceReferences": [
          {
            "sourceId": "source:bbg-visitor-map",
            "locator": "numbered landmark 3",
            "mapNumber": 3,
            "label": "Carol Tatkon Entry Garden",
            "role": "aerial-visible planted-area part with visitor-map semantic identity",
            "confidence": "medium"
          }
        ],
        "provenance": {
          "sourceId": "massgis-aerial-2025",
          "sourceFeatureId": "bbg-carol-tatkon-entry-garden-east",
          "geometryMethod": "schematic-located and aerial-checked",
          "semanticMethod": "official visitor-map identity applied to independently interpreted geometry",
          "sourceReferences": [
            {
              "sourceId": "source:bbg-visitor-map",
              "locator": "numbered landmark 3",
              "mapNumber": 3,
              "label": "Carol Tatkon Entry Garden",
              "role": "aerial-visible planted-area part with visitor-map semantic identity",
              "confidence": "medium"
            }
          ],
          "confidence": "medium",
          "surveyStatus": "not-surveyed",
          "imageryId": "massgis-2025",
          "imageryZoom": 20,
          "digitizationRasterId": "massgis-2025-south-campus-wide-z20",
          "parcelAssignmentMethod": "representative point within canonical parcel polygon",
          "representativePoint": [
            -73.33640689360158,
            42.300305615798614
          ],
          "currentnessCaveat": "Orthophoto interpretation is not surveyed geometry; verify against current imagery or field measurements before construction."
        },
        "notes": "Approximate editable Carol Tatkon Entry Garden · east area interpreted from the numbered visitor-map relationship and visible aerial context; not a surveyed planting boundary.",
        "classification": "garden-section",
        "layer": "site",
        "sourceFeatureId": "bbg-carol-tatkon-entry-garden-east",
        "widthInches": 520,
        "depthInches": 650,
        "row": null,
        "column": null,
        "status": "context-overlay",
        "editable": true
      }
    },
    {
      "type": "Feature",
      "id": "bbg-ash-on-the-rock",
      "geometry": {
        "type": "Point",
        "coordinates": [
          -73.33630984237898,
          42.30022512541113
        ]
      },
      "properties": {
        "gardenId": "berkshire-botanical-garden",
        "featureType": "structure",
        "featureId": "bbg-ash-on-the-rock",
        "name": "Ash-on-the-Rock · map 4",
        "localGeometry": {
          "type": "Point",
          "coordinates": [
            929,
            -3210
          ]
        },
        "localUnit": "inch",
        "rotationDegrees": 0,
        "source": "Berkshire Botanical Garden 2024 visitor map with MassGIS 2025 aerial interpretation",
        "confidence": "low",
        "featureStatus": "context-overlay",
        "geometryBasis": "aerial-observed point",
        "geometryEdit": null,
        "surveyStatus": "not-surveyed",
        "boundaryPolicy": "inside-campus",
        "taxonStatus": null,
        "identificationStatus": null,
        "collection": "gardenSections",
        "kind": "garden-landmark",
        "plantId": null,
        "observationType": null,
        "geometryRepresentation": null,
        "canopyClass": null,
        "crownWidthFeet": null,
        "crownDepthFeet": null,
        "crownDiameterFeet": null,
        "crownRadiusEastWestFeet": null,
        "crownRadiusNorthSouthFeet": null,
        "crownMeasurementMethod": null,
        "crownConfidence": null,
        "heightEstimateFeet": null,
        "heightEstimateRangeFeet": null,
        "heightEstimateMethod": null,
        "heightConfidence": null,
        "sourcePixel": null,
        "sourceMapNumber": 4,
        "digitizationRasterId": "massgis-2025-south-campus-wide-z20",
        "imageryId": "massgis-2025",
        "imageryZoom": 20,
        "imageryTileOrigin": [
          310677,
          388066
        ],
        "networkId": null,
        "parcelId": "bbg-parcel-215-1",
        "topologyNodeIds": [],
        "corridorWidthFeet": null,
        "parentId": null,
        "sectionId": null,
        "subplotId": null,
        "gridCellId": null,
        "centerControlId": null,
        "boundaryConfidence": null,
        "observedFootprintId": null,
        "snappedToFeatureId": null,
        "plantingAssignment": null,
        "cropTaxon": null,
        "sourceReferences": [
          {
            "sourceId": "source:bbg-visitor-map",
            "locator": "numbered landmark 4",
            "mapNumber": 4,
            "label": "Ash-on-the-Rock",
            "role": "named plant-and-rock landmark point",
            "confidence": "low"
          }
        ],
        "provenance": {
          "sourceId": "massgis-aerial-2025",
          "sourceFeatureId": "bbg-ash-on-the-rock",
          "geometryMethod": "aerial-observed point",
          "semanticMethod": "official visitor-map identity applied to independently interpreted geometry",
          "sourceReferences": [
            {
              "sourceId": "source:bbg-visitor-map",
              "locator": "numbered landmark 4",
              "mapNumber": 4,
              "label": "Ash-on-the-Rock",
              "role": "named plant-and-rock landmark point",
              "confidence": "low"
            }
          ],
          "confidence": "low",
          "surveyStatus": "not-surveyed",
          "imageryId": "massgis-2025",
          "imageryZoom": 20,
          "digitizationRasterId": "massgis-2025-south-campus-wide-z20",
          "parcelAssignmentMethod": "representative point within canonical parcel polygon",
          "representativePoint": [
            -73.33630984237898,
            42.30022512541113
          ],
          "currentnessCaveat": "Orthophoto interpretation is not surveyed geometry; verify against current imagery or field measurements before construction."
        },
        "notes": "Approximate point for Ash-on-the-Rock, checked against the visitor map and 2025 orthophoto; not a surveyed trunk or monument position.",
        "classification": "garden-landmark",
        "layer": "site",
        "sourceFeatureId": "bbg-ash-on-the-rock",
        "widthInches": 180,
        "depthInches": 180,
        "row": null,
        "column": null,
        "status": "context-overlay",
        "editable": true
      }
    },
    {
      "type": "Feature",
      "id": "bbg-childrens-discovery-garden",
      "geometry": {
        "type": "Polygon",
        "coordinates": [
          [
            [
              -73.33639701314264,
              42.30025004999134
            ],
            [
              -73.33619587353603,
              42.300230156060344
            ],
            [
              -73.33610192624657,
              42.30014577835301
            ],
            [
              -73.33614874587936,
              42.300021841449556
            ],
            [
              -73.33630984237898,
              42.299962388322434
            ],
            [
              -73.33645738582702,
              42.30003167408212
            ],
            [
              -73.3364706308547,
              42.30016064163479
            ],
            [
              -73.33639701314264,
              42.30025004999134
            ]
          ]
        ]
      },
      "properties": {
        "gardenId": "berkshire-botanical-garden",
        "featureType": "structure",
        "featureId": "bbg-childrens-discovery-garden",
        "name": "Children's Discovery Garden · map 5",
        "localGeometry": {
          "type": "Polygon",
          "coordinates": [
            [
              [
                646,
                -3319
              ],
              [
                1299,
                -3232
              ],
              [
                1604,
                -2863
              ],
              [
                1452,
                -2321
              ],
              [
                929,
                -2061
              ],
              [
                450,
                -2364
              ],
              [
                407,
                -2928
              ],
              [
                646,
                -3319
              ]
            ]
          ]
        },
        "localUnit": "inch",
        "rotationDegrees": 0,
        "source": "Berkshire Botanical Garden 2024 visitor map with MassGIS 2025 aerial interpretation",
        "confidence": "medium",
        "featureStatus": "context-overlay",
        "geometryBasis": "schematic-located and aerial-checked",
        "geometryEdit": null,
        "surveyStatus": "not-surveyed",
        "boundaryPolicy": "inside-campus",
        "taxonStatus": null,
        "identificationStatus": null,
        "collection": "gardenSections",
        "kind": "garden-section",
        "plantId": null,
        "observationType": null,
        "geometryRepresentation": null,
        "canopyClass": null,
        "crownWidthFeet": null,
        "crownDepthFeet": null,
        "crownDiameterFeet": null,
        "crownRadiusEastWestFeet": null,
        "crownRadiusNorthSouthFeet": null,
        "crownMeasurementMethod": null,
        "crownConfidence": null,
        "heightEstimateFeet": null,
        "heightEstimateRangeFeet": null,
        "heightEstimateMethod": null,
        "heightConfidence": null,
        "sourcePixel": null,
        "sourceMapNumber": 5,
        "digitizationRasterId": "massgis-2025-south-campus-wide-z20",
        "imageryId": "massgis-2025",
        "imageryZoom": 20,
        "imageryTileOrigin": [
          310677,
          388066
        ],
        "networkId": null,
        "parcelId": "bbg-parcel-215-1",
        "topologyNodeIds": [],
        "corridorWidthFeet": null,
        "parentId": null,
        "sectionId": null,
        "subplotId": null,
        "gridCellId": null,
        "centerControlId": null,
        "boundaryConfidence": null,
        "observedFootprintId": null,
        "snappedToFeatureId": null,
        "plantingAssignment": null,
        "cropTaxon": null,
        "sourceReferences": [
          {
            "sourceId": "source:bbg-visitor-map",
            "locator": "numbered landmark 5",
            "mapNumber": 5,
            "label": "Children's Discovery Garden",
            "role": "named garden-area polygon",
            "confidence": "medium"
          }
        ],
        "provenance": {
          "sourceId": "massgis-aerial-2025",
          "sourceFeatureId": "bbg-childrens-discovery-garden",
          "geometryMethod": "schematic-located and aerial-checked",
          "semanticMethod": "official visitor-map identity applied to independently interpreted geometry",
          "sourceReferences": [
            {
              "sourceId": "source:bbg-visitor-map",
              "locator": "numbered landmark 5",
              "mapNumber": 5,
              "label": "Children's Discovery Garden",
              "role": "named garden-area polygon",
              "confidence": "medium"
            }
          ],
          "confidence": "medium",
          "surveyStatus": "not-surveyed",
          "imageryId": "massgis-2025",
          "imageryZoom": 20,
          "digitizationRasterId": "massgis-2025-south-campus-wide-z20",
          "parcelAssignmentMethod": "representative point within canonical parcel polygon",
          "representativePoint": [
            -73.33623114716089,
            42.30007505489261
          ],
          "currentnessCaveat": "Orthophoto interpretation is not surveyed geometry; verify against current imagery or field measurements before construction."
        },
        "notes": "Approximate editable Children's Discovery Garden area interpreted from the numbered visitor-map relationship and visible aerial context; not a surveyed planting boundary.",
        "classification": "garden-section",
        "layer": "site",
        "sourceFeatureId": "bbg-childrens-discovery-garden",
        "widthInches": 1200,
        "depthInches": 1260,
        "row": null,
        "column": null,
        "status": "context-overlay",
        "editable": true
      }
    },
    {
      "type": "Feature",
      "id": "bbg-rain-garden",
      "geometry": {
        "type": "Polygon",
        "coordinates": [
          [
            [
              -73.33639701314264,
              42.300453333952916
            ],
            [
              -73.336235916643,
              42.30046316658548
            ],
            [
              -73.33610870277236,
              42.30040371345836
            ],
            [
              -73.33608837319498,
              42.300289609187466
            ],
            [
              -73.33618909701023,
              42.300230156060344
            ],
            [
              -73.33632308740667,
              42.30025004999134
            ],
            [
              -73.33639701314264,
              42.300339229682024
            ],
            [
              -73.33639701314264,
              42.300453333952916
            ]
          ]
        ]
      },
      "properties": {
        "gardenId": "berkshire-botanical-garden",
        "featureType": "structure",
        "featureId": "bbg-rain-garden",
        "name": "Rain Garden · map 6",
        "localGeometry": {
          "type": "Polygon",
          "coordinates": [
            [
              [
                646,
                -4208
              ],
              [
                1169,
                -4251
              ],
              [
                1582,
                -3991
              ],
              [
                1648,
                -3492
              ],
              [
                1321,
                -3232
              ],
              [
                886,
                -3319
              ],
              [
                646,
                -3709
              ],
              [
                646,
                -4208
              ]
            ]
          ]
        },
        "localUnit": "inch",
        "rotationDegrees": 0,
        "source": "Berkshire Botanical Garden 2024 visitor map with MassGIS 2025 aerial interpretation",
        "confidence": "low",
        "featureStatus": "context-overlay",
        "geometryBasis": "schematic-located and aerial-checked",
        "geometryEdit": null,
        "surveyStatus": "not-surveyed",
        "boundaryPolicy": "inside-campus",
        "taxonStatus": null,
        "identificationStatus": null,
        "collection": "gardenSections",
        "kind": "garden-section",
        "plantId": null,
        "observationType": null,
        "geometryRepresentation": null,
        "canopyClass": null,
        "crownWidthFeet": null,
        "crownDepthFeet": null,
        "crownDiameterFeet": null,
        "crownRadiusEastWestFeet": null,
        "crownRadiusNorthSouthFeet": null,
        "crownMeasurementMethod": null,
        "crownConfidence": null,
        "heightEstimateFeet": null,
        "heightEstimateRangeFeet": null,
        "heightEstimateMethod": null,
        "heightConfidence": null,
        "sourcePixel": null,
        "sourceMapNumber": 6,
        "digitizationRasterId": "massgis-2025-south-campus-wide-z20",
        "imageryId": "massgis-2025",
        "imageryZoom": 20,
        "imageryTileOrigin": [
          310677,
          388066
        ],
        "networkId": null,
        "parcelId": "bbg-parcel-215-1",
        "topologyNodeIds": [],
        "corridorWidthFeet": null,
        "parentId": null,
        "sectionId": null,
        "subplotId": null,
        "gridCellId": null,
        "centerControlId": null,
        "boundaryConfidence": null,
        "observedFootprintId": null,
        "snappedToFeatureId": null,
        "plantingAssignment": null,
        "cropTaxon": null,
        "sourceReferences": [
          {
            "sourceId": "source:bbg-visitor-map",
            "locator": "numbered landmark 6",
            "mapNumber": 6,
            "label": "Rain Garden",
            "role": "seasonally ambiguous planted-surface outline with visitor-map semantic identity",
            "confidence": "low"
          }
        ],
        "provenance": {
          "sourceId": "massgis-aerial-2025",
          "sourceFeatureId": "bbg-rain-garden",
          "geometryMethod": "schematic-located and aerial-checked",
          "semanticMethod": "official visitor-map identity applied to independently interpreted geometry",
          "sourceReferences": [
            {
              "sourceId": "source:bbg-visitor-map",
              "locator": "numbered landmark 6",
              "mapNumber": 6,
              "label": "Rain Garden",
              "role": "seasonally ambiguous planted-surface outline with visitor-map semantic identity",
              "confidence": "low"
            }
          ],
          "confidence": "low",
          "surveyStatus": "not-surveyed",
          "imageryId": "massgis-2025",
          "imageryZoom": 20,
          "digitizationRasterId": "massgis-2025-south-campus-wide-z20",
          "parcelAssignmentMethod": "representative point within canonical parcel polygon",
          "representativePoint": [
            -73.33624711352783,
            42.300339229682024
          ],
          "currentnessCaveat": "Orthophoto interpretation is not surveyed geometry; verify against current imagery or field measurements before construction."
        },
        "notes": "Approximate editable Rain Garden area interpreted from the numbered visitor-map relationship and visible aerial context; not a surveyed planting boundary.",
        "classification": "garden-section",
        "layer": "site",
        "sourceFeatureId": "bbg-rain-garden",
        "widthInches": 1050,
        "depthInches": 1020,
        "row": null,
        "column": null,
        "status": "context-overlay",
        "editable": true
      }
    },
    {
      "type": "Feature",
      "id": "bbg-edible-gardens-section",
      "geometry": {
        "type": "Polygon",
        "coordinates": [
          [
            [
              -73.33598118087782,
              42.300103246500534
            ],
            [
              -73.33582963311909,
              42.300060485982186
            ],
            [
              -73.3360187597936,
              42.29994249439144
            ],
            [
              -73.33617030755234,
              42.29998502624392
            ],
            [
              -73.33598118087782,
              42.300103246500534
            ]
          ]
        ]
      },
      "properties": {
        "gardenId": "berkshire-botanical-garden",
        "featureType": "structure",
        "featureId": "bbg-edible-gardens-section",
        "name": "Edible Gardens · map 8",
        "localGeometry": {
          "type": "Polygon",
          "coordinates": [
            [
              [
                1996,
                -2677
              ],
              [
                2488,
                -2490
              ],
              [
                1874,
                -1974
              ],
              [
                1382,
                -2160
              ],
              [
                1996,
                -2677
              ]
            ]
          ]
        },
        "localUnit": "inch",
        "rotationDegrees": 0,
        "source": "Berkshire Botanical Garden 2024 visitor map with MassGIS 2025 aerial interpretation",
        "confidence": "medium",
        "featureStatus": "context-overlay",
        "geometryBasis": "aerial-visible planting-grid envelope with regularized cell estimates",
        "geometryEdit": null,
        "surveyStatus": "not-surveyed",
        "boundaryPolicy": "inside-campus",
        "taxonStatus": null,
        "identificationStatus": null,
        "collection": "gardenSections",
        "kind": "garden-section",
        "plantId": null,
        "observationType": null,
        "geometryRepresentation": null,
        "canopyClass": null,
        "crownWidthFeet": null,
        "crownDepthFeet": null,
        "crownDiameterFeet": null,
        "crownRadiusEastWestFeet": null,
        "crownRadiusNorthSouthFeet": null,
        "crownMeasurementMethod": null,
        "crownConfidence": null,
        "heightEstimateFeet": null,
        "heightEstimateRangeFeet": null,
        "heightEstimateMethod": null,
        "heightConfidence": null,
        "sourcePixel": null,
        "sourceMapNumber": 8,
        "digitizationRasterId": "massgis-2025-south-campus-wide-z20",
        "imageryId": "massgis-2025",
        "imageryZoom": 20,
        "imageryTileOrigin": [
          310677,
          388066
        ],
        "networkId": null,
        "parcelId": "bbg-parcel-215-1",
        "topologyNodeIds": [],
        "corridorWidthFeet": null,
        "parentId": null,
        "sectionId": null,
        "subplotId": null,
        "gridCellId": null,
        "centerControlId": null,
        "boundaryConfidence": null,
        "observedFootprintId": null,
        "snappedToFeatureId": null,
        "plantingAssignment": null,
        "cropTaxon": null,
        "sourceReferences": [
          {
            "sourceId": "source:bbg-visitor-map",
            "locator": "numbered landmark 8",
            "mapNumber": 8,
            "label": "Edible Gardens",
            "role": "named garden section containing thirty-five regularized bed-grid cells",
            "confidence": "medium"
          }
        ],
        "provenance": {
          "sourceId": "massgis-aerial-2025",
          "sourceFeatureId": "bbg-edible-gardens-section",
          "geometryMethod": "aerial-visible planting-grid envelope with regularized cell estimates",
          "semanticMethod": "official visitor-map identity applied to independently interpreted geometry",
          "sourceReferences": [
            {
              "sourceId": "source:bbg-visitor-map",
              "locator": "numbered landmark 8",
              "mapNumber": 8,
              "label": "Edible Gardens",
              "role": "named garden section containing thirty-five regularized bed-grid cells",
              "confidence": "medium"
            }
          ],
          "confidence": "medium",
          "surveyStatus": "not-surveyed",
          "imageryId": "massgis-2025",
          "imageryZoom": 20,
          "digitizationRasterId": "massgis-2025-south-campus-wide-z20",
          "parcelAssignmentMethod": "representative point within canonical parcel polygon",
          "representativePoint": [
            -73.33593961075874,
            42.300060485982186
          ],
          "currentnessCaveat": "Orthophoto interpretation is not surveyed geometry; verify against current imagery or field measurements before construction."
        },
        "notes": "Approximate editable Edible Gardens area interpreted from the numbered visitor-map relationship and visible aerial context; not a surveyed planting boundary.",
        "classification": "garden-section",
        "layer": "site",
        "sourceFeatureId": "bbg-edible-gardens-section",
        "widthInches": 1120,
        "depthInches": 760,
        "row": null,
        "column": null,
        "status": "context-overlay",
        "editable": true
      }
    },
    {
      "type": "Feature",
      "id": "bbg-native-border",
      "geometry": {
        "type": "Polygon",
        "coordinates": [
          [
            [
              -73.33585396700718,
              42.299972220955
            ],
            [
              -73.33577326474543,
              42.299997145535215
            ],
            [
              -73.33557212513881,
              42.299833420769765
            ],
            [
              -73.3355921466923,
              42.29975887569499
            ],
            [
              -73.33566607242827,
              42.29973921042987
            ],
            [
              -73.3358000628247,
              42.29986314733332
            ],
            [
              -73.33585396700718,
              42.299972220955
            ]
          ]
        ]
      },
      "properties": {
        "gardenId": "berkshire-botanical-garden",
        "featureType": "structure",
        "featureId": "bbg-native-border",
        "name": "Native Border · map 9",
        "localGeometry": {
          "type": "Polygon",
          "coordinates": [
            [
              [
                2409,
                -2104
              ],
              [
                2671,
                -2213
              ],
              [
                3324,
                -1497
              ],
              [
                3259,
                -1171
              ],
              [
                3019,
                -1085
              ],
              [
                2584,
                -1627
              ],
              [
                2409,
                -2104
              ]
            ]
          ]
        },
        "localUnit": "inch",
        "rotationDegrees": 0,
        "source": "Berkshire Botanical Garden 2024 visitor map with MassGIS 2025 aerial interpretation",
        "confidence": "low",
        "featureStatus": "context-overlay",
        "geometryBasis": "aerial-visible planted band with visitor-map semantic identity",
        "geometryEdit": null,
        "surveyStatus": "not-surveyed",
        "boundaryPolicy": "inside-campus",
        "taxonStatus": null,
        "identificationStatus": null,
        "collection": "gardenSections",
        "kind": "garden-section",
        "plantId": null,
        "observationType": null,
        "geometryRepresentation": null,
        "canopyClass": null,
        "crownWidthFeet": null,
        "crownDepthFeet": null,
        "crownDiameterFeet": null,
        "crownRadiusEastWestFeet": null,
        "crownRadiusNorthSouthFeet": null,
        "crownMeasurementMethod": null,
        "crownConfidence": null,
        "heightEstimateFeet": null,
        "heightEstimateRangeFeet": null,
        "heightEstimateMethod": null,
        "heightConfidence": null,
        "sourcePixel": null,
        "sourceMapNumber": 9,
        "digitizationRasterId": "massgis-2025-south-campus-wide-z20",
        "imageryId": "massgis-2025",
        "imageryZoom": 20,
        "imageryTileOrigin": [
          310677,
          388066
        ],
        "networkId": null,
        "parcelId": "bbg-parcel-215-1",
        "topologyNodeIds": [],
        "corridorWidthFeet": null,
        "parentId": null,
        "sectionId": null,
        "subplotId": null,
        "gridCellId": null,
        "centerControlId": null,
        "boundaryConfidence": null,
        "observedFootprintId": null,
        "snappedToFeatureId": null,
        "plantingAssignment": null,
        "cropTaxon": null,
        "sourceReferences": [
          {
            "sourceId": "source:bbg-visitor-map",
            "locator": "numbered landmark 9",
            "mapNumber": 9,
            "label": "Native Border",
            "role": "named native-border planted-area polygon",
            "confidence": "low"
          }
        ],
        "provenance": {
          "sourceId": "massgis-aerial-2025",
          "sourceFeatureId": "bbg-native-border",
          "geometryMethod": "aerial-visible planted band with visitor-map semantic identity",
          "semanticMethod": "official visitor-map identity applied to independently interpreted geometry",
          "sourceReferences": [
            {
              "sourceId": "source:bbg-visitor-map",
              "locator": "numbered landmark 9",
              "mapNumber": 9,
              "label": "Native Border",
              "role": "named native-border planted-area polygon",
              "confidence": "low"
            }
          ],
          "confidence": "low",
          "surveyStatus": "not-surveyed",
          "imageryId": "massgis-2025",
          "imageryZoom": 20,
          "digitizationRasterId": "massgis-2025-south-campus-wide-z20",
          "parcelAssignmentMethod": "representative point within canonical parcel polygon",
          "representativePoint": [
            -73.33575123841372,
            42.29989085984773
          ],
          "currentnessCaveat": "Orthophoto interpretation is not surveyed geometry; verify against current imagery or field measurements before construction."
        },
        "notes": "Approximate planted-band geometry only; no illustrated or aerial plant is encoded as a species observation.",
        "classification": "garden-section",
        "layer": "site",
        "sourceFeatureId": "bbg-native-border",
        "widthInches": 915,
        "depthInches": 1128,
        "row": null,
        "column": null,
        "status": "context-overlay",
        "editable": true
      }
    },
    {
      "type": "Feature",
      "id": "bbg-childrens-vegetable-garden-section",
      "geometry": {
        "type": "Polygon",
        "coordinates": [
          [
            [
              -73.33547294144306,
              42.29955170441357
            ],
            [
              -73.33540332804169,
              42.29952975248971
            ],
            [
              -73.33544090695747,
              42.299437600142674
            ],
            [
              -73.33551052035884,
              42.29945932340066
            ],
            [
              -73.33547294144306,
              42.29955170441357
            ]
          ]
        ]
      },
      "properties": {
        "gardenId": "berkshire-botanical-garden",
        "featureType": "structure",
        "featureId": "bbg-childrens-vegetable-garden-section",
        "name": "Children's Vegetable Garden · map 12",
        "localGeometry": {
          "type": "Polygon",
          "coordinates": [
            [
              [
                3646,
                -265
              ],
              [
                3872,
                -169
              ],
              [
                3750,
                234
              ],
              [
                3524,
                139
              ],
              [
                3646,
                -265
              ]
            ]
          ]
        },
        "localUnit": "inch",
        "rotationDegrees": 0,
        "source": "Berkshire Botanical Garden 2024 visitor map with MassGIS 2025 aerial interpretation",
        "confidence": "medium",
        "featureStatus": "context-overlay",
        "geometryBasis": "2025 aerial-visible teaching-grid envelope with regularized cell estimates",
        "geometryEdit": null,
        "surveyStatus": "not-surveyed",
        "boundaryPolicy": "inside-campus",
        "taxonStatus": null,
        "identificationStatus": null,
        "collection": "gardenSections",
        "kind": "garden-section",
        "plantId": null,
        "observationType": null,
        "geometryRepresentation": null,
        "canopyClass": null,
        "crownWidthFeet": null,
        "crownDepthFeet": null,
        "crownDiameterFeet": null,
        "crownRadiusEastWestFeet": null,
        "crownRadiusNorthSouthFeet": null,
        "crownMeasurementMethod": null,
        "crownConfidence": null,
        "heightEstimateFeet": null,
        "heightEstimateRangeFeet": null,
        "heightEstimateMethod": null,
        "heightConfidence": null,
        "sourcePixel": null,
        "sourceMapNumber": 12,
        "digitizationRasterId": "massgis-2025-south-campus-wide-z20",
        "imageryId": "massgis-2025",
        "imageryZoom": 20,
        "imageryTileOrigin": [
          310677,
          388066
        ],
        "networkId": null,
        "parcelId": "bbg-parcel-215-1",
        "topologyNodeIds": [],
        "corridorWidthFeet": null,
        "parentId": null,
        "sectionId": null,
        "subplotId": null,
        "gridCellId": null,
        "centerControlId": null,
        "boundaryConfidence": null,
        "observedFootprintId": null,
        "snappedToFeatureId": null,
        "plantingAssignment": null,
        "cropTaxon": null,
        "sourceReferences": [
          {
            "sourceId": "source:bbg-visitor-map",
            "locator": "numbered landmark 12",
            "mapNumber": 12,
            "label": "Children's Vegetable Garden",
            "role": "named teaching-garden section containing twelve regularized bed-grid cells",
            "confidence": "medium"
          }
        ],
        "provenance": {
          "sourceId": "massgis-aerial-2025",
          "sourceFeatureId": "bbg-childrens-vegetable-garden-section",
          "geometryMethod": "2025 aerial-visible teaching-grid envelope with regularized cell estimates",
          "semanticMethod": "official visitor-map identity applied to independently interpreted geometry",
          "sourceReferences": [
            {
              "sourceId": "source:bbg-visitor-map",
              "locator": "numbered landmark 12",
              "mapNumber": 12,
              "label": "Children's Vegetable Garden",
              "role": "named teaching-garden section containing twelve regularized bed-grid cells",
              "confidence": "medium"
            }
          ],
          "confidence": "medium",
          "surveyStatus": "not-surveyed",
          "imageryId": "massgis-2025",
          "imageryZoom": 20,
          "digitizationRasterId": "massgis-2025-south-campus-wide-z20",
          "parcelAssignmentMethod": "representative point within canonical parcel polygon",
          "representativePoint": [
            -73.33544259956406,
            42.29952975248971
          ],
          "currentnessCaveat": "Orthophoto interpretation is not surveyed geometry; verify against current imagery or field measurements before construction."
        },
        "notes": "Approximate editable Children's Vegetable Garden area interpreted from the numbered visitor-map relationship and visible aerial context; not a surveyed planting boundary.",
        "classification": "garden-section",
        "layer": "site",
        "sourceFeatureId": "bbg-childrens-vegetable-garden-section",
        "widthInches": 520,
        "depthInches": 520,
        "row": null,
        "column": null,
        "status": "context-overlay",
        "editable": true
      }
    },
    {
      "type": "Feature",
      "id": "bbg-forest-walk",
      "geometry": {
        "type": "LineString",
        "coordinates": [
          [
            -73.33545815629586,
            42.29937700368619
          ],
          [
            -73.33561247626969,
            42.29927799136295
          ],
          [
            -73.3358136158763,
            42.29911929724671
          ],
          [
            -73.33609514972078,
            42.2990001623266
          ],
          [
            -73.33637699158915,
            42.29905961545372
          ],
          [
            -73.33655133311647,
            42.29924803613351
          ],
          [
            -73.33656457814416,
            42.29960521222797
          ]
        ]
      },
      "properties": {
        "gardenId": "berkshire-botanical-garden",
        "featureType": "structure",
        "featureId": "bbg-forest-walk",
        "name": "Forest Walk · map 13",
        "localGeometry": {
          "type": "LineString",
          "coordinates": [
            [
              3694,
              499
            ],
            [
              3193,
              932
            ],
            [
              2540,
              1626
            ],
            [
              1626,
              2147
            ],
            [
              711,
              1887
            ],
            [
              145,
              1063
            ],
            [
              102,
              -499
            ]
          ]
        },
        "localUnit": "inch",
        "rotationDegrees": 0,
        "source": "Berkshire Botanical Garden 2024 visitor map with MassGIS 2025 aerial interpretation",
        "confidence": "medium",
        "featureStatus": "context-overlay",
        "geometryBasis": "aerial-interpreted centerline",
        "geometryEdit": null,
        "surveyStatus": "not-surveyed",
        "boundaryPolicy": "clip-to-campus",
        "taxonStatus": null,
        "identificationStatus": null,
        "collection": "infrastructure",
        "kind": "trail",
        "plantId": null,
        "observationType": null,
        "geometryRepresentation": null,
        "canopyClass": null,
        "crownWidthFeet": null,
        "crownDepthFeet": null,
        "crownDiameterFeet": null,
        "crownRadiusEastWestFeet": null,
        "crownRadiusNorthSouthFeet": null,
        "crownMeasurementMethod": null,
        "crownConfidence": null,
        "heightEstimateFeet": null,
        "heightEstimateRangeFeet": null,
        "heightEstimateMethod": null,
        "heightConfidence": null,
        "sourcePixel": null,
        "sourceMapNumber": 13,
        "digitizationRasterId": "massgis-2025-south-campus-wide-z20",
        "imageryId": "massgis-2025",
        "imageryZoom": 20,
        "imageryTileOrigin": [
          310677,
          388066
        ],
        "networkId": "bbg-pedestrian-circulation",
        "parcelId": "bbg-parcel-215-1",
        "topologyNodeIds": [
          "P19",
          "F1",
          "F2",
          "F3",
          "F4",
          "F5",
          "P22"
        ],
        "corridorWidthFeet": null,
        "parentId": null,
        "sectionId": null,
        "subplotId": null,
        "gridCellId": null,
        "centerControlId": null,
        "boundaryConfidence": null,
        "observedFootprintId": null,
        "snappedToFeatureId": null,
        "plantingAssignment": null,
        "cropTaxon": null,
        "sourceReferences": [
          {
            "sourceId": "source:bbg-visitor-map",
            "locator": "numbered landmark 13",
            "mapNumber": 13,
            "label": "Forest Walk",
            "role": "named walk centerline",
            "confidence": "medium"
          }
        ],
        "provenance": {
          "sourceId": "massgis-aerial-2025",
          "sourceFeatureId": "bbg-forest-walk",
          "geometryMethod": "aerial-interpreted centerline",
          "semanticMethod": "official visitor-map identity applied to independently interpreted geometry",
          "sourceReferences": [
            {
              "sourceId": "source:bbg-visitor-map",
              "locator": "numbered landmark 13",
              "mapNumber": 13,
              "label": "Forest Walk",
              "role": "named walk centerline",
              "confidence": "medium"
            }
          ],
          "confidence": "medium",
          "surveyStatus": "not-surveyed",
          "imageryId": "massgis-2025",
          "imageryZoom": 20,
          "digitizationRasterId": "massgis-2025-south-campus-wide-z20",
          "parcelAssignmentMethod": "representative point within canonical parcel polygon",
          "representativePoint": [
            -73.33617191542298,
            42.29901635566607
          ],
          "currentnessCaveat": "Orthophoto interpretation is not surveyed geometry; verify against current imagery or field measurements before construction."
        },
        "notes": "Low-confidence Forest Walk centerline: leaf-off imagery supports portions while the visitor map supplies the route identity and topology; not a surveyed trail alignment or width.",
        "classification": "trail",
        "layer": "site",
        "sourceFeatureId": "bbg-forest-walk",
        "widthInches": 1700,
        "depthInches": 2100,
        "row": null,
        "column": null,
        "status": "context-overlay",
        "editable": true
      }
    },
    {
      "type": "Feature",
      "id": "bbg-williams-family-amphitheater",
      "geometry": {
        "type": "Polygon",
        "coordinates": [
          [
            [
              -73.33664497238203,
              42.299555591733416
            ],
            [
              -73.33663850388012,
              42.29963013680819
            ],
            [
              -73.33659815274925,
              42.29967952863687
            ],
            [
              -73.33653100353908,
              42.299664665355095
            ],
            [
              -73.3364774073805,
              42.29960521222797
            ],
            [
              -73.336497428934,
              42.29954575910086
            ],
            [
              -73.33657135466996,
              42.2995160325373
            ],
            [
              -73.33664497238203,
              42.299555591733416
            ]
          ]
        ]
      },
      "properties": {
        "gardenId": "berkshire-botanical-garden",
        "featureType": "structure",
        "featureId": "bbg-williams-family-amphitheater",
        "name": "The Williams Family Amphitheater · map 14",
        "localGeometry": {
          "type": "Polygon",
          "coordinates": [
            [
              [
                -159,
                -282
              ],
              [
                -138,
                -608
              ],
              [
                -7,
                -824
              ],
              [
                211,
                -759
              ],
              [
                385,
                -499
              ],
              [
                320,
                -239
              ],
              [
                80,
                -109
              ],
              [
                -159,
                -282
              ]
            ]
          ]
        },
        "localUnit": "inch",
        "rotationDegrees": 0,
        "source": "Berkshire Botanical Garden 2024 visitor map with MassGIS 2025 aerial interpretation",
        "confidence": "high",
        "featureStatus": "context-overlay",
        "geometryBasis": "aerial-observed bench and clearing footprint",
        "geometryEdit": null,
        "surveyStatus": "not-surveyed",
        "boundaryPolicy": "inside-campus",
        "taxonStatus": null,
        "identificationStatus": null,
        "collection": "gardenSections",
        "kind": "amphitheater",
        "plantId": null,
        "observationType": null,
        "geometryRepresentation": null,
        "canopyClass": null,
        "crownWidthFeet": null,
        "crownDepthFeet": null,
        "crownDiameterFeet": null,
        "crownRadiusEastWestFeet": null,
        "crownRadiusNorthSouthFeet": null,
        "crownMeasurementMethod": null,
        "crownConfidence": null,
        "heightEstimateFeet": null,
        "heightEstimateRangeFeet": null,
        "heightEstimateMethod": null,
        "heightConfidence": null,
        "sourcePixel": null,
        "sourceMapNumber": 14,
        "digitizationRasterId": "massgis-2025-south-campus-wide-z20",
        "imageryId": "massgis-2025",
        "imageryZoom": 20,
        "imageryTileOrigin": [
          310677,
          388066
        ],
        "networkId": null,
        "parcelId": "bbg-parcel-215-1",
        "topologyNodeIds": [],
        "corridorWidthFeet": null,
        "parentId": null,
        "sectionId": null,
        "subplotId": null,
        "gridCellId": null,
        "centerControlId": null,
        "boundaryConfidence": null,
        "observedFootprintId": null,
        "snappedToFeatureId": null,
        "plantingAssignment": null,
        "cropTaxon": null,
        "sourceReferences": [
          {
            "sourceId": "source:bbg-visitor-map",
            "locator": "numbered landmark 14",
            "mapNumber": 14,
            "label": "The Williams Family Amphitheater",
            "role": "named built-landscape footprint",
            "confidence": "high"
          }
        ],
        "provenance": {
          "sourceId": "massgis-aerial-2025",
          "sourceFeatureId": "bbg-williams-family-amphitheater",
          "geometryMethod": "aerial-observed bench and clearing footprint",
          "semanticMethod": "official visitor-map identity applied to independently interpreted geometry",
          "sourceReferences": [
            {
              "sourceId": "source:bbg-visitor-map",
              "locator": "numbered landmark 14",
              "mapNumber": 14,
              "label": "The Williams Family Amphitheater",
              "role": "named built-landscape footprint",
              "confidence": "high"
            }
          ],
          "confidence": "high",
          "surveyStatus": "not-surveyed",
          "imageryId": "massgis-2025",
          "imageryZoom": 20,
          "digitizationRasterId": "massgis-2025-south-campus-wide-z20",
          "parcelAssignmentMethod": "representative point within canonical parcel polygon",
          "representativePoint": [
            -73.33655903702098,
            42.29960521222797
          ],
          "currentnessCaveat": "Orthophoto interpretation is not surveyed geometry; verify against current imagery or field measurements before construction."
        },
        "notes": "Approximate editable The Williams Family Amphitheater area interpreted from the numbered visitor-map relationship and visible aerial context; not a surveyed planting boundary.",
        "classification": "amphitheater",
        "layer": "site",
        "sourceFeatureId": "bbg-williams-family-amphitheater",
        "widthInches": 620,
        "depthInches": 720,
        "row": null,
        "column": null,
        "status": "context-overlay",
        "editable": true
      }
    },
    {
      "type": "Feature",
      "id": "bbg-center-house-entry-garden",
      "geometry": {
        "type": "Polygon",
        "coordinates": [
          [
            [
              -73.33666653405501,
              42.30117065879819
            ],
            [
              -73.3364921925277,
              42.30119032406332
            ],
            [
              -73.33635820213125,
              42.3011308709362
            ],
            [
              -73.33631785100037,
              42.301021797314526
            ],
            [
              -73.33639824523824,
              42.300912723692846
            ],
            [
              -73.336472787022,
              42.30094313625403
            ],
            [
              -73.33664220016692,
              42.301011736016086
            ],
            [
              -73.33672013021359,
              42.30109131174008
            ],
            [
              -73.33666653405501,
              42.30117065879819
            ]
          ]
        ]
      },
      "properties": {
        "gardenId": "berkshire-botanical-garden",
        "featureType": "structure",
        "featureId": "bbg-center-house-entry-garden",
        "name": "Center House Entry Garden · map 17",
        "localGeometry": {
          "type": "Polygon",
          "coordinates": [
            [
              [
                -229,
                -7345
              ],
              [
                337,
                -7431
              ],
              [
                772,
                -7171
              ],
              [
                903,
                -6694
              ],
              [
                642,
                -6217
              ],
              [
                400,
                -6350
              ],
              [
                -150,
                -6650
              ],
              [
                -403,
                -6998
              ],
              [
                -229,
                -7345
              ]
            ]
          ]
        },
        "localUnit": "inch",
        "rotationDegrees": 0,
        "source": "Berkshire Botanical Garden 2024 visitor map with MassGIS 2025 aerial interpretation",
        "confidence": "high",
        "featureStatus": "context-overlay",
        "geometryBasis": "aerial-traced fountain garden room",
        "geometryEdit": null,
        "surveyStatus": "not-surveyed",
        "boundaryPolicy": "inside-campus",
        "taxonStatus": null,
        "identificationStatus": null,
        "collection": "gardenSections",
        "kind": "garden-section",
        "plantId": null,
        "observationType": null,
        "geometryRepresentation": null,
        "canopyClass": null,
        "crownWidthFeet": null,
        "crownDepthFeet": null,
        "crownDiameterFeet": null,
        "crownRadiusEastWestFeet": null,
        "crownRadiusNorthSouthFeet": null,
        "crownMeasurementMethod": null,
        "crownConfidence": null,
        "heightEstimateFeet": null,
        "heightEstimateRangeFeet": null,
        "heightEstimateMethod": null,
        "heightConfidence": null,
        "sourcePixel": null,
        "sourceMapNumber": 17,
        "digitizationRasterId": "massgis-2025-north-campus-z20",
        "imageryId": "massgis-2025",
        "imageryZoom": 20,
        "imageryTileOrigin": [
          310676,
          388063
        ],
        "networkId": null,
        "parcelId": "bbg-parcel-215-31",
        "topologyNodeIds": [],
        "corridorWidthFeet": null,
        "parentId": null,
        "sectionId": null,
        "subplotId": null,
        "gridCellId": null,
        "centerControlId": null,
        "boundaryConfidence": null,
        "observedFootprintId": null,
        "snappedToFeatureId": null,
        "plantingAssignment": null,
        "cropTaxon": null,
        "sourceReferences": [
          {
            "sourceId": "source:bbg-visitor-map",
            "locator": "numbered landmark 17",
            "mapNumber": 17,
            "label": "Center House Entry Garden",
            "role": "named fountain-entry garden polygon",
            "confidence": "high"
          }
        ],
        "provenance": {
          "sourceId": "massgis-aerial-2025",
          "sourceFeatureId": "bbg-center-house-entry-garden",
          "geometryMethod": "aerial-traced fountain garden room",
          "semanticMethod": "official visitor-map identity applied to independently interpreted geometry",
          "sourceReferences": [
            {
              "sourceId": "source:bbg-visitor-map",
              "locator": "numbered landmark 17",
              "mapNumber": 17,
              "label": "Center House Entry Garden",
              "role": "named fountain-entry garden polygon",
              "confidence": "high"
            }
          ],
          "confidence": "high",
          "surveyStatus": "not-surveyed",
          "imageryId": "massgis-2025",
          "imageryZoom": 20,
          "digitizationRasterId": "massgis-2025-north-campus-z20",
          "parcelAssignmentMethod": "representative point within canonical parcel polygon",
          "representativePoint": [
            -73.3365707456592,
            42.30110420606395
          ],
          "currentnessCaveat": "Orthophoto interpretation is not surveyed geometry; verify against current imagery or field measurements before construction."
        },
        "notes": "Approximate editable Center House Entry Garden area interpreted from the numbered visitor-map relationship and visible aerial context; not a surveyed planting boundary.",
        "classification": "garden-section",
        "layer": "site",
        "sourceFeatureId": "bbg-center-house-entry-garden",
        "widthInches": 1306,
        "depthInches": 1214,
        "row": null,
        "column": null,
        "status": "context-overlay",
        "editable": true
      }
    },
    {
      "type": "Feature",
      "id": "bbg-center-house-fountain",
      "geometry": {
        "type": "Point",
        "coordinates": [
          -73.33653901216047,
          42.3010565545273
        ]
      },
      "properties": {
        "gardenId": "berkshire-botanical-garden",
        "featureType": "structure",
        "featureId": "bbg-center-house-fountain",
        "name": "Center House Entry Garden fountain · map 17",
        "localGeometry": {
          "type": "Point",
          "coordinates": [
            185,
            -6846
          ]
        },
        "localUnit": "inch",
        "rotationDegrees": 0,
        "source": "Berkshire Botanical Garden 2024 visitor map with MassGIS 2025 aerial interpretation",
        "confidence": "high",
        "featureStatus": "context-overlay",
        "geometryBasis": "aerial-observed point",
        "geometryEdit": null,
        "surveyStatus": "not-surveyed",
        "boundaryPolicy": "inside-campus",
        "taxonStatus": null,
        "identificationStatus": null,
        "collection": "gardenSections",
        "kind": "garden-landmark",
        "plantId": null,
        "observationType": null,
        "geometryRepresentation": null,
        "canopyClass": null,
        "crownWidthFeet": null,
        "crownDepthFeet": null,
        "crownDiameterFeet": null,
        "crownRadiusEastWestFeet": null,
        "crownRadiusNorthSouthFeet": null,
        "crownMeasurementMethod": null,
        "crownConfidence": null,
        "heightEstimateFeet": null,
        "heightEstimateRangeFeet": null,
        "heightEstimateMethod": null,
        "heightConfidence": null,
        "sourcePixel": null,
        "sourceMapNumber": 17,
        "digitizationRasterId": "massgis-2025-north-campus-z20",
        "imageryId": "massgis-2025",
        "imageryZoom": 20,
        "imageryTileOrigin": [
          310676,
          388063
        ],
        "networkId": null,
        "parcelId": "bbg-parcel-215-31",
        "topologyNodeIds": [],
        "corridorWidthFeet": null,
        "parentId": null,
        "sectionId": null,
        "subplotId": null,
        "gridCellId": null,
        "centerControlId": null,
        "boundaryConfidence": null,
        "observedFootprintId": null,
        "snappedToFeatureId": null,
        "plantingAssignment": null,
        "cropTaxon": null,
        "sourceReferences": [
          {
            "sourceId": "source:bbg-visitor-map",
            "locator": "numbered landmark 17",
            "mapNumber": 17,
            "label": "Center House Entry Garden",
            "role": "aerial-visible fountain point",
            "confidence": "high"
          }
        ],
        "provenance": {
          "sourceId": "massgis-aerial-2025",
          "sourceFeatureId": "bbg-center-house-fountain",
          "geometryMethod": "aerial-observed point",
          "semanticMethod": "official visitor-map identity applied to independently interpreted geometry",
          "sourceReferences": [
            {
              "sourceId": "source:bbg-visitor-map",
              "locator": "numbered landmark 17",
              "mapNumber": 17,
              "label": "Center House Entry Garden",
              "role": "aerial-visible fountain point",
              "confidence": "high"
            }
          ],
          "confidence": "high",
          "surveyStatus": "not-surveyed",
          "imageryId": "massgis-2025",
          "imageryZoom": 20,
          "digitizationRasterId": "massgis-2025-north-campus-z20",
          "parcelAssignmentMethod": "representative point within canonical parcel polygon",
          "representativePoint": [
            -73.33653901216047,
            42.3010565545273
          ],
          "currentnessCaveat": "Orthophoto interpretation is not surveyed geometry; verify against current imagery or field measurements before construction."
        },
        "notes": "Aerial-visible fountain/fire-feature center identified by the visitor-map description; an approximate point, not a surveyed monument.",
        "classification": "garden-landmark",
        "layer": "site",
        "sourceFeatureId": "bbg-center-house-fountain",
        "widthInches": 180,
        "depthInches": 180,
        "row": null,
        "column": null,
        "status": "context-overlay",
        "editable": true
      }
    },
    {
      "type": "Feature",
      "id": "bbg-vista-garden",
      "geometry": {
        "type": "Polygon",
        "coordinates": [
          [
            [
              -73.3362374567625,
              42.30105152387808
            ],
            [
              -73.33617030755234,
              42.301121038303634
            ],
            [
              -73.33599596602502,
              42.301155795516415
            ],
            [
              -73.33579482641841,
              42.30114573421798
            ],
            [
              -73.33566083602197,
              42.30109131174008
            ],
            [
              -73.3356069318395,
              42.30101196468196
            ],
            [
              -73.33568763410126,
              42.30094245025641
            ],
            [
              -73.33587522065628,
              42.300912723692846
            ],
            [
              -73.33607636026288,
              42.30093261762384
            ],
            [
              -73.33622390371092,
              42.300982009452525
            ],
            [
              -73.3362374567625,
              42.30105152387808
            ]
          ]
        ]
      },
      "properties": {
        "gardenId": "berkshire-botanical-garden",
        "featureType": "structure",
        "featureId": "bbg-vista-garden",
        "name": "Vista Garden · map 18",
        "localGeometry": {
          "type": "Polygon",
          "coordinates": [
            [
              [
                1164,
                -6824
              ],
              [
                1382,
                -7128
              ],
              [
                1948,
                -7280
              ],
              [
                2601,
                -7236
              ],
              [
                3036,
                -6998
              ],
              [
                3211,
                -6651
              ],
              [
                2949,
                -6347
              ],
              [
                2340,
                -6217
              ],
              [
                1687,
                -6304
              ],
              [
                1208,
                -6520
              ],
              [
                1164,
                -6824
              ]
            ]
          ]
        },
        "localUnit": "inch",
        "rotationDegrees": 0,
        "source": "Berkshire Botanical Garden 2024 visitor map with MassGIS 2025 aerial interpretation",
        "confidence": "high",
        "featureStatus": "context-overlay",
        "geometryBasis": "aerial-traced visible oval garden room",
        "geometryEdit": null,
        "surveyStatus": "not-surveyed",
        "boundaryPolicy": "inside-campus",
        "taxonStatus": null,
        "identificationStatus": null,
        "collection": "gardenSections",
        "kind": "garden-section",
        "plantId": null,
        "observationType": null,
        "geometryRepresentation": null,
        "canopyClass": null,
        "crownWidthFeet": null,
        "crownDepthFeet": null,
        "crownDiameterFeet": null,
        "crownRadiusEastWestFeet": null,
        "crownRadiusNorthSouthFeet": null,
        "crownMeasurementMethod": null,
        "crownConfidence": null,
        "heightEstimateFeet": null,
        "heightEstimateRangeFeet": null,
        "heightEstimateMethod": null,
        "heightConfidence": null,
        "sourcePixel": null,
        "sourceMapNumber": 18,
        "digitizationRasterId": "massgis-2025-north-campus-z20",
        "imageryId": "massgis-2025",
        "imageryZoom": 20,
        "imageryTileOrigin": [
          310676,
          388063
        ],
        "networkId": null,
        "parcelId": "bbg-parcel-215-31",
        "topologyNodeIds": [],
        "corridorWidthFeet": null,
        "parentId": null,
        "sectionId": null,
        "subplotId": null,
        "gridCellId": null,
        "centerControlId": null,
        "boundaryConfidence": null,
        "observedFootprintId": null,
        "snappedToFeatureId": null,
        "plantingAssignment": null,
        "cropTaxon": null,
        "sourceReferences": [
          {
            "sourceId": "source:bbg-visitor-map",
            "locator": "numbered landmark 18",
            "mapNumber": 18,
            "label": "Vista Garden",
            "role": "named garden-area polygon",
            "confidence": "high"
          }
        ],
        "provenance": {
          "sourceId": "massgis-aerial-2025",
          "sourceFeatureId": "bbg-vista-garden",
          "geometryMethod": "aerial-traced visible oval garden room",
          "semanticMethod": "official visitor-map identity applied to independently interpreted geometry",
          "sourceReferences": [
            {
              "sourceId": "source:bbg-visitor-map",
              "locator": "numbered landmark 18",
              "mapNumber": 18,
              "label": "Vista Garden",
              "role": "named garden-area polygon",
              "confidence": "high"
            }
          ],
          "confidence": "high",
          "surveyStatus": "not-surveyed",
          "imageryId": "massgis-2025",
          "imageryZoom": 20,
          "digitizationRasterId": "massgis-2025-north-campus-z20",
          "parcelAssignmentMethod": "representative point within canonical parcel polygon",
          "representativePoint": [
            -73.33600144724548,
            42.301077120020615
          ],
          "currentnessCaveat": "Orthophoto interpretation is not surveyed geometry; verify against current imagery or field measurements before construction."
        },
        "notes": "Approximate editable Vista Garden area interpreted from the numbered visitor-map relationship and visible aerial context; not a surveyed planting boundary.",
        "classification": "garden-section",
        "layer": "site",
        "sourceFeatureId": "bbg-vista-garden",
        "widthInches": 2047,
        "depthInches": 1063,
        "row": null,
        "column": null,
        "status": "context-overlay",
        "editable": true
      }
    },
    {
      "type": "Feature",
      "id": "bbg-de-gersdorff-perennial-border",
      "geometry": {
        "type": "LineString",
        "coordinates": [
          [
            -73.33591557178715,
            42.30122027929275
          ],
          [
            -73.33571443218055,
            42.30121021799432
          ],
          [
            -73.33551329257394,
            42.30119032406332
          ],
          [
            -73.33531215296733,
            42.3011308709362
          ]
        ]
      },
      "properties": {
        "gardenId": "berkshire-botanical-garden",
        "featureType": "structure",
        "featureId": "bbg-de-gersdorff-perennial-border",
        "name": "de Gersdorff Perennial Border · map 19",
        "localGeometry": {
          "type": "LineString",
          "coordinates": [
            [
              2209,
              -7562
            ],
            [
              2862,
              -7518
            ],
            [
              3515,
              -7431
            ],
            [
              4168,
              -7171
            ]
          ]
        },
        "localUnit": "inch",
        "rotationDegrees": 0,
        "source": "Berkshire Botanical Garden 2024 visitor map with MassGIS 2025 aerial interpretation",
        "confidence": "low",
        "featureStatus": "context-overlay",
        "geometryBasis": "aerial-interpreted planted corridor centerline",
        "geometryEdit": null,
        "surveyStatus": "not-surveyed",
        "boundaryPolicy": "inside-campus",
        "taxonStatus": null,
        "identificationStatus": null,
        "collection": "gardenSections",
        "kind": "planted-border",
        "plantId": null,
        "observationType": null,
        "geometryRepresentation": null,
        "canopyClass": null,
        "crownWidthFeet": null,
        "crownDepthFeet": null,
        "crownDiameterFeet": null,
        "crownRadiusEastWestFeet": null,
        "crownRadiusNorthSouthFeet": null,
        "crownMeasurementMethod": null,
        "crownConfidence": null,
        "heightEstimateFeet": null,
        "heightEstimateRangeFeet": null,
        "heightEstimateMethod": null,
        "heightConfidence": null,
        "sourcePixel": null,
        "sourceMapNumber": 19,
        "digitizationRasterId": "massgis-2025-north-campus-z20",
        "imageryId": "massgis-2025",
        "imageryZoom": 20,
        "imageryTileOrigin": [
          310676,
          388063
        ],
        "networkId": null,
        "parcelId": "bbg-parcel-215-31",
        "topologyNodeIds": [],
        "corridorWidthFeet": "12–18",
        "parentId": null,
        "sectionId": null,
        "subplotId": null,
        "gridCellId": null,
        "centerControlId": null,
        "boundaryConfidence": null,
        "observedFootprintId": null,
        "snappedToFeatureId": null,
        "plantingAssignment": null,
        "cropTaxon": null,
        "sourceReferences": [
          {
            "sourceId": "source:bbg-visitor-map",
            "locator": "numbered landmark 19",
            "mapNumber": 19,
            "label": "de Gersdorff Perennial Border",
            "role": "named linear garden corridor",
            "confidence": "low"
          }
        ],
        "provenance": {
          "sourceId": "massgis-aerial-2025",
          "sourceFeatureId": "bbg-de-gersdorff-perennial-border",
          "geometryMethod": "aerial-interpreted planted corridor centerline",
          "semanticMethod": "official visitor-map identity applied to independently interpreted geometry",
          "sourceReferences": [
            {
              "sourceId": "source:bbg-visitor-map",
              "locator": "numbered landmark 19",
              "mapNumber": 19,
              "label": "de Gersdorff Perennial Border",
              "role": "named linear garden corridor",
              "confidence": "low"
            }
          ],
          "confidence": "low",
          "surveyStatus": "not-surveyed",
          "imageryId": "massgis-2025",
          "imageryZoom": 20,
          "digitizationRasterId": "massgis-2025-north-campus-z20",
          "parcelAssignmentMethod": "representative point within canonical parcel polygon",
          "representativePoint": [
            -73.33560970706714,
            42.30119986004336
          ],
          "currentnessCaveat": "Orthophoto interpretation is not surveyed geometry; verify against current imagery or field measurements before construction."
        },
        "notes": "Approximate de Gersdorff Perennial Border corridor interpreted from its visitor-map identity and an aerial-visible planted band; not a surveyed centerline or width.",
        "classification": "planted-border",
        "layer": "site",
        "sourceFeatureId": "bbg-de-gersdorff-perennial-border",
        "widthInches": 1959,
        "depthInches": 391,
        "row": null,
        "column": null,
        "status": "context-overlay",
        "editable": true
      }
    },
    {
      "type": "Feature",
      "id": "bbg-frelinghuysen-shade-border",
      "geometry": {
        "type": "LineString",
        "coordinates": [
          [
            -73.33586197562857,
            42.30110114437264
          ],
          [
            -73.3355936868118,
            42.30110114437264
          ],
          [
            -73.33529859991573,
            42.30105152387808
          ],
          [
            -73.33523145070556,
            42.300962344187404
          ]
        ]
      },
      "properties": {
        "gardenId": "berkshire-botanical-garden",
        "featureType": "structure",
        "featureId": "bbg-frelinghuysen-shade-border",
        "name": "Frelinghuysen Shade Border · map 20",
        "localGeometry": {
          "type": "LineString",
          "coordinates": [
            [
              2383,
              -7041
            ],
            [
              3254,
              -7041
            ],
            [
              4212,
              -6824
            ],
            [
              4430,
              -6434
            ]
          ]
        },
        "localUnit": "inch",
        "rotationDegrees": 0,
        "source": "Berkshire Botanical Garden 2024 visitor map with MassGIS 2025 aerial interpretation",
        "confidence": "low",
        "featureStatus": "context-overlay",
        "geometryBasis": "aerial-interpreted planted corridor centerline",
        "geometryEdit": null,
        "surveyStatus": "not-surveyed",
        "boundaryPolicy": "inside-campus",
        "taxonStatus": null,
        "identificationStatus": null,
        "collection": "gardenSections",
        "kind": "planted-border",
        "plantId": null,
        "observationType": null,
        "geometryRepresentation": null,
        "canopyClass": null,
        "crownWidthFeet": null,
        "crownDepthFeet": null,
        "crownDiameterFeet": null,
        "crownRadiusEastWestFeet": null,
        "crownRadiusNorthSouthFeet": null,
        "crownMeasurementMethod": null,
        "crownConfidence": null,
        "heightEstimateFeet": null,
        "heightEstimateRangeFeet": null,
        "heightEstimateMethod": null,
        "heightConfidence": null,
        "sourcePixel": null,
        "sourceMapNumber": 20,
        "digitizationRasterId": "massgis-2025-north-campus-z20",
        "imageryId": "massgis-2025",
        "imageryZoom": 20,
        "imageryTileOrigin": [
          310676,
          388063
        ],
        "networkId": null,
        "parcelId": "bbg-parcel-215-31",
        "topologyNodeIds": [],
        "corridorWidthFeet": "12–20",
        "parentId": null,
        "sectionId": null,
        "subplotId": null,
        "gridCellId": null,
        "centerControlId": null,
        "boundaryConfidence": null,
        "observedFootprintId": null,
        "snappedToFeatureId": null,
        "plantingAssignment": null,
        "cropTaxon": null,
        "sourceReferences": [
          {
            "sourceId": "source:bbg-visitor-map",
            "locator": "numbered landmark 20",
            "mapNumber": 20,
            "label": "Frelinghuysen Shade Border",
            "role": "named linear garden corridor",
            "confidence": "low"
          }
        ],
        "provenance": {
          "sourceId": "massgis-aerial-2025",
          "sourceFeatureId": "bbg-frelinghuysen-shade-border",
          "geometryMethod": "aerial-interpreted planted corridor centerline",
          "semanticMethod": "official visitor-map identity applied to independently interpreted geometry",
          "sourceReferences": [
            {
              "sourceId": "source:bbg-visitor-map",
              "locator": "numbered landmark 20",
              "mapNumber": 20,
              "label": "Frelinghuysen Shade Border",
              "role": "named linear garden corridor",
              "confidence": "low"
            }
          ],
          "confidence": "low",
          "surveyStatus": "not-surveyed",
          "imageryId": "massgis-2025",
          "imageryZoom": 20,
          "digitizationRasterId": "massgis-2025-north-campus-z20",
          "parcelAssignmentMethod": "representative point within canonical parcel polygon",
          "representativePoint": [
            -73.3355233865699,
            42.301089322997925
          ],
          "currentnessCaveat": "Orthophoto interpretation is not surveyed geometry; verify against current imagery or field measurements before construction."
        },
        "notes": "Approximate Frelinghuysen Shade Border corridor interpreted from its visitor-map identity and an aerial-visible planted band; not a surveyed centerline or width.",
        "classification": "planted-border",
        "layer": "site",
        "sourceFeatureId": "bbg-frelinghuysen-shade-border",
        "widthInches": 2047,
        "depthInches": 607,
        "row": null,
        "column": null,
        "status": "context-overlay",
        "editable": true
      }
    },
    {
      "type": "Feature",
      "id": "bbg-daylily-walk",
      "geometry": {
        "type": "LineString",
        "coordinates": [
          [
            -73.33604956218359,
            42.300882997129285
          ],
          [
            -73.33578127336682,
            42.30086310319829
          ],
          [
            -73.33544614336377,
            42.30083337663473
          ],
          [
            -73.33511070533682,
            42.300793588772734
          ],
          [
            -73.33477557533378,
            42.300754029576616
          ],
          [
            -73.3344804884377,
            42.30074396827818
          ]
        ]
      },
      "properties": {
        "gardenId": "berkshire-botanical-garden",
        "featureType": "structure",
        "featureId": "bbg-daylily-walk",
        "name": "Daylily Walk · map 21",
        "localGeometry": {
          "type": "LineString",
          "coordinates": [
            [
              1774,
              -6087
            ],
            [
              2645,
              -6000
            ],
            [
              3733,
              -5870
            ],
            [
              4822,
              -5696
            ],
            [
              5910,
              -5523
            ],
            [
              6868,
              -5479
            ]
          ]
        },
        "localUnit": "inch",
        "rotationDegrees": 0,
        "source": "Berkshire Botanical Garden 2024 visitor map with MassGIS 2025 aerial interpretation",
        "confidence": "medium",
        "featureStatus": "context-overlay",
        "geometryBasis": "aerial-visible linear planted corridor",
        "geometryEdit": null,
        "surveyStatus": "not-surveyed",
        "boundaryPolicy": "clip-to-campus",
        "taxonStatus": null,
        "identificationStatus": null,
        "collection": "gardenSections",
        "kind": "planted-border",
        "plantId": null,
        "observationType": null,
        "geometryRepresentation": null,
        "canopyClass": null,
        "crownWidthFeet": null,
        "crownDepthFeet": null,
        "crownDiameterFeet": null,
        "crownRadiusEastWestFeet": null,
        "crownRadiusNorthSouthFeet": null,
        "crownMeasurementMethod": null,
        "crownConfidence": null,
        "heightEstimateFeet": null,
        "heightEstimateRangeFeet": null,
        "heightEstimateMethod": null,
        "heightConfidence": null,
        "sourcePixel": null,
        "sourceMapNumber": 21,
        "digitizationRasterId": "massgis-2025-north-campus-z20",
        "imageryId": "massgis-2025",
        "imageryZoom": 20,
        "imageryTileOrigin": [
          310676,
          388063
        ],
        "networkId": null,
        "parcelId": "bbg-parcel-215-31",
        "topologyNodeIds": [],
        "corridorWidthFeet": "10–16",
        "parentId": null,
        "sectionId": null,
        "subplotId": null,
        "gridCellId": null,
        "centerControlId": null,
        "boundaryConfidence": null,
        "observedFootprintId": null,
        "snappedToFeatureId": null,
        "plantingAssignment": null,
        "cropTaxon": null,
        "sourceReferences": [
          {
            "sourceId": "source:bbg-visitor-map",
            "locator": "numbered landmark 21",
            "mapNumber": 21,
            "label": "Daylily Walk",
            "role": "named linear garden corridor",
            "confidence": "medium"
          }
        ],
        "provenance": {
          "sourceId": "massgis-aerial-2025",
          "sourceFeatureId": "bbg-daylily-walk",
          "geometryMethod": "aerial-visible linear planted corridor",
          "semanticMethod": "official visitor-map identity applied to independently interpreted geometry",
          "sourceReferences": [
            {
              "sourceId": "source:bbg-visitor-map",
              "locator": "numbered landmark 21",
              "mapNumber": 21,
              "label": "Daylily Walk",
              "role": "named linear garden corridor",
              "confidence": "medium"
            }
          ],
          "confidence": "medium",
          "surveyStatus": "not-surveyed",
          "imageryId": "massgis-2025",
          "imageryZoom": 20,
          "digitizationRasterId": "massgis-2025-north-campus-z20",
          "parcelAssignmentMethod": "representative point within canonical parcel polygon",
          "representativePoint": [
            -73.33526489722419,
            42.30081187818849
          ],
          "currentnessCaveat": "Orthophoto interpretation is not surveyed geometry; verify against current imagery or field measurements before construction."
        },
        "notes": "Aerial-visible Daylily Walk planted corridor; stored as a line with an approximate width rather than a generic rectangular garden polygon.",
        "classification": "planted-border",
        "layer": "site",
        "sourceFeatureId": "bbg-daylily-walk",
        "widthInches": 5094,
        "depthInches": 608,
        "row": null,
        "column": null,
        "status": "context-overlay",
        "editable": true
      }
    },
    {
      "type": "Feature",
      "id": "bbg-arboretum-pinetum",
      "geometry": {
        "type": "Polygon",
        "coordinates": [
          [
            [
              -73.33520465262627,
              42.301021797314526
            ],
            [
              -73.3349231187818,
              42.301071417809084
            ],
            [
              -73.33474785318279,
              42.301000302722414
            ],
            [
              -73.33459384123286,
              42.30088596978565
            ],
            [
              -73.33468624840282,
              42.30070303708682
            ],
            [
              -73.33484272454395,
              42.3006547885875
            ],
            [
              -73.33512425838842,
              42.300754029576616
            ],
            [
              -73.33524500375717,
              42.30089282976185
            ],
            [
              -73.33520465262627,
              42.301021797314526
            ]
          ]
        ]
      },
      "properties": {
        "gardenId": "berkshire-botanical-garden",
        "featureType": "structure",
        "featureId": "bbg-arboretum-pinetum",
        "name": "Arboretum/Pinetum · map 22",
        "localGeometry": {
          "type": "Polygon",
          "coordinates": [
            [
              [
                4517,
                -6694
              ],
              [
                5431,
                -6911
              ],
              [
                6000,
                -6600
              ],
              [
                6500,
                -6100
              ],
              [
                6200,
                -5300
              ],
              [
                5692,
                -5089
              ],
              [
                4778,
                -5523
              ],
              [
                4386,
                -6130
              ],
              [
                4517,
                -6694
              ]
            ]
          ]
        },
        "localUnit": "inch",
        "rotationDegrees": 0,
        "source": "Berkshire Botanical Garden 2024 visitor map with MassGIS 2025 aerial interpretation",
        "confidence": "low",
        "featureStatus": "context-overlay",
        "geometryBasis": "aerial-interpreted diffuse tree-collection management area",
        "geometryEdit": null,
        "surveyStatus": "not-surveyed",
        "boundaryPolicy": "inside-campus",
        "taxonStatus": null,
        "identificationStatus": null,
        "collection": "gardenSections",
        "kind": "arboretum",
        "plantId": null,
        "observationType": null,
        "geometryRepresentation": null,
        "canopyClass": null,
        "crownWidthFeet": null,
        "crownDepthFeet": null,
        "crownDiameterFeet": null,
        "crownRadiusEastWestFeet": null,
        "crownRadiusNorthSouthFeet": null,
        "crownMeasurementMethod": null,
        "crownConfidence": null,
        "heightEstimateFeet": null,
        "heightEstimateRangeFeet": null,
        "heightEstimateMethod": null,
        "heightConfidence": null,
        "sourcePixel": null,
        "sourceMapNumber": 22,
        "digitizationRasterId": "massgis-2025-north-campus-z20",
        "imageryId": "massgis-2025",
        "imageryZoom": 20,
        "imageryTileOrigin": [
          310676,
          388063
        ],
        "networkId": null,
        "parcelId": "bbg-parcel-215-31",
        "topologyNodeIds": [],
        "corridorWidthFeet": null,
        "parentId": null,
        "sectionId": null,
        "subplotId": null,
        "gridCellId": null,
        "centerControlId": null,
        "boundaryConfidence": null,
        "observedFootprintId": null,
        "snappedToFeatureId": null,
        "plantingAssignment": null,
        "cropTaxon": null,
        "sourceReferences": [
          {
            "sourceId": "source:bbg-visitor-map",
            "locator": "numbered landmark 22",
            "mapNumber": 22,
            "label": "Arboretum/Pinetum",
            "role": "named tree-collection management area",
            "confidence": "low"
          }
        ],
        "provenance": {
          "sourceId": "massgis-aerial-2025",
          "sourceFeatureId": "bbg-arboretum-pinetum",
          "geometryMethod": "aerial-interpreted diffuse tree-collection management area",
          "semanticMethod": "official visitor-map identity applied to independently interpreted geometry",
          "sourceReferences": [
            {
              "sourceId": "source:bbg-visitor-map",
              "locator": "numbered landmark 22",
              "mapNumber": 22,
              "label": "Arboretum/Pinetum",
              "role": "named tree-collection management area",
              "confidence": "low"
            }
          ],
          "confidence": "low",
          "surveyStatus": "not-surveyed",
          "imageryId": "massgis-2025",
          "imageryZoom": 20,
          "digitizationRasterId": "massgis-2025-north-campus-z20",
          "parcelAssignmentMethod": "representative point within canonical parcel polygon",
          "representativePoint": [
            -73.3349542954992,
            42.30088932896516
          ],
          "currentnessCaveat": "Orthophoto interpretation is not surveyed geometry; verify against current imagery or field measurements before construction."
        },
        "notes": "Diffuse, approximate Arboretum/Pinetum management area; the aerial does not support a crisp bed edge or species-level inventory.",
        "classification": "arboretum",
        "layer": "site",
        "sourceFeatureId": "bbg-arboretum-pinetum",
        "widthInches": 2600,
        "depthInches": 1822,
        "row": null,
        "column": null,
        "status": "context-overlay",
        "editable": true
      }
    },
    {
      "type": "Feature",
      "id": "bbg-foster-rock-garden",
      "geometry": {
        "type": "Polygon",
        "coordinates": [
          [
            [
              -73.33477557533378,
              42.301150764867195
            ],
            [
              -73.33458768075486,
              42.30117065879819
            ],
            [
              -73.33442689227913,
              42.30110114437264
            ],
            [
              -73.33445523047791,
              42.30097217681997
            ],
            [
              -73.334507286517,
              42.300882997129285
            ],
            [
              -73.3347219791752,
              42.300902662394414
            ],
            [
              -73.33482917149234,
              42.30101196468196
            ],
            [
              -73.33477557533378,
              42.301150764867195
            ]
          ]
        ]
      },
      "properties": {
        "gardenId": "berkshire-botanical-garden",
        "featureType": "structure",
        "featureId": "bbg-foster-rock-garden",
        "name": "Foster Rock Garden · map 23",
        "localGeometry": {
          "type": "Polygon",
          "coordinates": [
            [
              [
                5910,
                -7258
              ],
              [
                6520,
                -7345
              ],
              [
                7042,
                -7041
              ],
              [
                6950,
                -6477
              ],
              [
                6781,
                -6087
              ],
              [
                6084,
                -6173
              ],
              [
                5736,
                -6651
              ],
              [
                5910,
                -7258
              ]
            ]
          ]
        },
        "localUnit": "inch",
        "rotationDegrees": 0,
        "source": "Berkshire Botanical Garden 2024 visitor map with MassGIS 2025 aerial interpretation",
        "confidence": "medium",
        "featureStatus": "context-overlay",
        "geometryBasis": "aerial-traced rock and outcrop garden footprint",
        "geometryEdit": null,
        "surveyStatus": "not-surveyed",
        "boundaryPolicy": "inside-campus",
        "taxonStatus": null,
        "identificationStatus": null,
        "collection": "gardenSections",
        "kind": "rock-garden",
        "plantId": null,
        "observationType": null,
        "geometryRepresentation": null,
        "canopyClass": null,
        "crownWidthFeet": null,
        "crownDepthFeet": null,
        "crownDiameterFeet": null,
        "crownRadiusEastWestFeet": null,
        "crownRadiusNorthSouthFeet": null,
        "crownMeasurementMethod": null,
        "crownConfidence": null,
        "heightEstimateFeet": null,
        "heightEstimateRangeFeet": null,
        "heightEstimateMethod": null,
        "heightConfidence": null,
        "sourcePixel": null,
        "sourceMapNumber": 23,
        "digitizationRasterId": "massgis-2025-north-campus-z20",
        "imageryId": "massgis-2025",
        "imageryZoom": 20,
        "imageryTileOrigin": [
          310676,
          388063
        ],
        "networkId": null,
        "parcelId": "bbg-parcel-215-31",
        "topologyNodeIds": [],
        "corridorWidthFeet": null,
        "parentId": null,
        "sectionId": null,
        "subplotId": null,
        "gridCellId": null,
        "centerControlId": null,
        "boundaryConfidence": null,
        "observedFootprintId": null,
        "snappedToFeatureId": null,
        "plantingAssignment": null,
        "cropTaxon": null,
        "sourceReferences": [
          {
            "sourceId": "source:bbg-visitor-map",
            "locator": "numbered landmark 23",
            "mapNumber": 23,
            "label": "Foster Rock Garden",
            "role": "named garden-area polygon",
            "confidence": "medium"
          }
        ],
        "provenance": {
          "sourceId": "massgis-aerial-2025",
          "sourceFeatureId": "bbg-foster-rock-garden",
          "geometryMethod": "aerial-traced rock and outcrop garden footprint",
          "semanticMethod": "official visitor-map identity applied to independently interpreted geometry",
          "sourceReferences": [
            {
              "sourceId": "source:bbg-visitor-map",
              "locator": "numbered landmark 23",
              "mapNumber": 23,
              "label": "Foster Rock Garden",
              "role": "named garden-area polygon",
              "confidence": "medium"
            }
          ],
          "confidence": "medium",
          "surveyStatus": "not-surveyed",
          "imageryId": "massgis-2025",
          "imageryZoom": 20,
          "digitizationRasterId": "massgis-2025-north-campus-z20",
          "parcelAssignmentMethod": "representative point within canonical parcel polygon",
          "representativePoint": [
            -73.33459844600993,
            42.30101506663802
          ],
          "currentnessCaveat": "Orthophoto interpretation is not surveyed geometry; verify against current imagery or field measurements before construction."
        },
        "notes": "Approximate editable Foster Rock Garden area interpreted from the numbered visitor-map relationship and visible aerial context; not a surveyed planting boundary.",
        "classification": "rock-garden",
        "layer": "site",
        "sourceFeatureId": "bbg-foster-rock-garden",
        "widthInches": 1306,
        "depthInches": 1258,
        "row": null,
        "column": null,
        "status": "context-overlay",
        "editable": true
      }
    },
    {
      "type": "Feature",
      "id": "bbg-woodland-garden",
      "geometry": {
        "type": "Point",
        "coordinates": [
          -73.33511748186262,
          42.30230369820156
        ]
      },
      "properties": {
        "gardenId": "berkshire-botanical-garden",
        "featureType": "structure",
        "featureId": "bbg-woodland-garden",
        "name": "Woodland Garden · map 24",
        "localGeometry": {
          "type": "Point",
          "coordinates": [
            4800,
            -12300
          ]
        },
        "localUnit": "inch",
        "rotationDegrees": 0,
        "source": "Berkshire Botanical Garden 2024 visitor map with MassGIS 2025 aerial interpretation",
        "confidence": "low",
        "featureStatus": "context-overlay",
        "geometryBasis": "schematic-locator",
        "geometryEdit": null,
        "surveyStatus": "not-surveyed",
        "boundaryPolicy": "reference-locator",
        "taxonStatus": null,
        "identificationStatus": null,
        "collection": "gardenSections",
        "kind": "garden-landmark",
        "plantId": null,
        "observationType": null,
        "geometryRepresentation": null,
        "canopyClass": null,
        "crownWidthFeet": null,
        "crownDepthFeet": null,
        "crownDiameterFeet": null,
        "crownRadiusEastWestFeet": null,
        "crownRadiusNorthSouthFeet": null,
        "crownMeasurementMethod": null,
        "crownConfidence": null,
        "heightEstimateFeet": null,
        "heightEstimateRangeFeet": null,
        "heightEstimateMethod": null,
        "heightConfidence": null,
        "sourcePixel": null,
        "sourceMapNumber": 24,
        "digitizationRasterId": null,
        "imageryId": null,
        "imageryZoom": 0,
        "imageryTileOrigin": null,
        "networkId": null,
        "parcelId": "bbg-parcel-215-32",
        "topologyNodeIds": [],
        "corridorWidthFeet": null,
        "parentId": null,
        "sectionId": null,
        "subplotId": null,
        "gridCellId": null,
        "centerControlId": null,
        "boundaryConfidence": null,
        "observedFootprintId": null,
        "snappedToFeatureId": null,
        "plantingAssignment": null,
        "cropTaxon": null,
        "sourceReferences": [
          {
            "sourceId": "source:bbg-visitor-map",
            "locator": "numbered landmark 24",
            "mapNumber": 24,
            "label": "Woodland Garden",
            "role": "named garden locator without a defensible visible edge",
            "confidence": "low"
          }
        ],
        "provenance": {
          "sourceId": "source:bbg-visitor-map",
          "sourceFeatureId": "bbg-woodland-garden",
          "geometryMethod": "schematic-locator",
          "semanticMethod": "official visitor-map identity applied to independently interpreted geometry",
          "sourceReferences": [
            {
              "sourceId": "source:bbg-visitor-map",
              "locator": "numbered landmark 24",
              "mapNumber": 24,
              "label": "Woodland Garden",
              "role": "named garden locator without a defensible visible edge",
              "confidence": "low"
            }
          ],
          "confidence": "low",
          "surveyStatus": "not-surveyed",
          "imageryId": null,
          "imageryZoom": null,
          "digitizationRasterId": null,
          "parcelAssignmentMethod": "representative point within canonical parcel polygon",
          "representativePoint": [
            -73.33511748186262,
            42.30230369820156
          ],
          "currentnessCaveat": "Orthophoto interpretation is not surveyed geometry; verify against current imagery or field measurements before construction."
        },
        "notes": "Visitor-map locator only. Available leaf-off imagery shows canopy but not a stable Woodland Garden boundary, so no polygon is asserted.",
        "classification": "garden-landmark",
        "layer": "site",
        "sourceFeatureId": "bbg-woodland-garden",
        "widthInches": 180,
        "depthInches": 180,
        "row": null,
        "column": null,
        "status": "context-overlay",
        "editable": true
      }
    },
    {
      "type": "Feature",
      "id": "bbg-pond-garden",
      "geometry": {
        "type": "Point",
        "coordinates": [
          -73.33465544601283,
          42.302651270329335
        ]
      },
      "properties": {
        "gardenId": "berkshire-botanical-garden",
        "featureType": "structure",
        "featureId": "bbg-pond-garden",
        "name": "Pond Garden · map 25",
        "localGeometry": {
          "type": "Point",
          "coordinates": [
            6300,
            -13820
          ]
        },
        "localUnit": "inch",
        "rotationDegrees": 0,
        "source": "Berkshire Botanical Garden 2024 visitor map with MassGIS 2025 aerial interpretation",
        "confidence": "low",
        "featureStatus": "context-overlay",
        "geometryBasis": "schematic-locator",
        "geometryEdit": null,
        "surveyStatus": "not-surveyed",
        "boundaryPolicy": "reference-locator",
        "taxonStatus": null,
        "identificationStatus": null,
        "collection": "gardenSections",
        "kind": "garden-landmark",
        "plantId": null,
        "observationType": null,
        "geometryRepresentation": null,
        "canopyClass": null,
        "crownWidthFeet": null,
        "crownDepthFeet": null,
        "crownDiameterFeet": null,
        "crownRadiusEastWestFeet": null,
        "crownRadiusNorthSouthFeet": null,
        "crownMeasurementMethod": null,
        "crownConfidence": null,
        "heightEstimateFeet": null,
        "heightEstimateRangeFeet": null,
        "heightEstimateMethod": null,
        "heightConfidence": null,
        "sourcePixel": null,
        "sourceMapNumber": 25,
        "digitizationRasterId": null,
        "imageryId": null,
        "imageryZoom": 0,
        "imageryTileOrigin": null,
        "networkId": null,
        "parcelId": "bbg-parcel-215-32",
        "topologyNodeIds": [],
        "corridorWidthFeet": null,
        "parentId": null,
        "sectionId": null,
        "subplotId": null,
        "gridCellId": null,
        "centerControlId": null,
        "boundaryConfidence": null,
        "observedFootprintId": null,
        "snappedToFeatureId": null,
        "plantingAssignment": null,
        "cropTaxon": null,
        "sourceReferences": [
          {
            "sourceId": "source:bbg-visitor-map",
            "locator": "numbered landmark 25",
            "mapNumber": 25,
            "label": "Pond Garden",
            "role": "named pond-garden locator without a defensible visible water edge",
            "confidence": "low"
          }
        ],
        "provenance": {
          "sourceId": "source:bbg-visitor-map",
          "sourceFeatureId": "bbg-pond-garden",
          "geometryMethod": "schematic-locator",
          "semanticMethod": "official visitor-map identity applied to independently interpreted geometry",
          "sourceReferences": [
            {
              "sourceId": "source:bbg-visitor-map",
              "locator": "numbered landmark 25",
              "mapNumber": 25,
              "label": "Pond Garden",
              "role": "named pond-garden locator without a defensible visible water edge",
              "confidence": "low"
            }
          ],
          "confidence": "low",
          "surveyStatus": "not-surveyed",
          "imageryId": null,
          "imageryZoom": null,
          "digitizationRasterId": null,
          "parcelAssignmentMethod": "nearest canonical parcel for an explicitly allowed external reference locator",
          "representativePoint": [
            -73.33465544601283,
            42.302651270329335
          ],
          "currentnessCaveat": "Orthophoto interpretation is not surveyed geometry; verify against current imagery or field measurements before construction."
        },
        "notes": "Visitor-map locator only. The probable pond is outside or obscured in the registered z20 review raster, so no water polygon is asserted.",
        "classification": "garden-landmark",
        "layer": "site",
        "sourceFeatureId": "bbg-pond-garden",
        "widthInches": 180,
        "depthInches": 180,
        "row": null,
        "column": null,
        "status": "context-overlay",
        "editable": true
      }
    },
    {
      "type": "Feature",
      "id": "bbg-lucys-garden",
      "geometry": {
        "type": "Polygon",
        "coordinates": [
          [
            [
              -73.33533895104662,
              42.301339185546986
            ],
            [
              -73.3351646095193,
              42.30140869997255
            ],
            [
              -73.33494991686109,
              42.30139863867411
            ],
            [
              -73.33478912838537,
              42.30130945898343
            ],
            [
              -73.3347219791752,
              42.301180491430756
            ],
            [
              -73.33478912838537,
              42.30105152387808
            ],
            [
              -73.3349634699127,
              42.30097217681997
            ],
            [
              -73.33517785454698,
              42.30100190338353
            ],
            [
              -73.33533895104662,
              42.30109131174008
            ],
            [
              -73.33540579223289,
              42.30122027929275
            ],
            [
              -73.33533895104662,
              42.301339185546986
            ]
          ]
        ]
      },
      "properties": {
        "gardenId": "berkshire-botanical-garden",
        "featureType": "structure",
        "featureId": "bbg-lucys-garden",
        "name": "Lucy's Garden · map 26",
        "localGeometry": {
          "type": "Polygon",
          "coordinates": [
            [
              [
                4081,
                -8082
              ],
              [
                4647,
                -8386
              ],
              [
                5344,
                -8342
              ],
              [
                5866,
                -7952
              ],
              [
                6084,
                -7388
              ],
              [
                5866,
                -6824
              ],
              [
                5300,
                -6477
              ],
              [
                4604,
                -6607
              ],
              [
                4081,
                -6998
              ],
              [
                3864,
                -7562
              ],
              [
                4081,
                -8082
              ]
            ]
          ]
        },
        "localUnit": "inch",
        "rotationDegrees": 0,
        "source": "Berkshire Botanical Garden 2024 visitor map with MassGIS 2025 aerial interpretation",
        "confidence": "high",
        "featureStatus": "context-overlay",
        "geometryBasis": "aerial-traced concentric garden-room footprint",
        "geometryEdit": null,
        "surveyStatus": "not-surveyed",
        "boundaryPolicy": "inside-campus",
        "taxonStatus": null,
        "identificationStatus": null,
        "collection": "gardenSections",
        "kind": "garden-section",
        "plantId": null,
        "observationType": null,
        "geometryRepresentation": null,
        "canopyClass": null,
        "crownWidthFeet": null,
        "crownDepthFeet": null,
        "crownDiameterFeet": null,
        "crownRadiusEastWestFeet": null,
        "crownRadiusNorthSouthFeet": null,
        "crownMeasurementMethod": null,
        "crownConfidence": null,
        "heightEstimateFeet": null,
        "heightEstimateRangeFeet": null,
        "heightEstimateMethod": null,
        "heightConfidence": null,
        "sourcePixel": null,
        "sourceMapNumber": 26,
        "digitizationRasterId": "massgis-2025-north-campus-z20",
        "imageryId": "massgis-2025",
        "imageryZoom": 20,
        "imageryTileOrigin": [
          310676,
          388063
        ],
        "networkId": null,
        "parcelId": "bbg-parcel-215-31",
        "topologyNodeIds": [],
        "corridorWidthFeet": null,
        "parentId": null,
        "sectionId": null,
        "subplotId": null,
        "gridCellId": null,
        "centerControlId": null,
        "boundaryConfidence": null,
        "observedFootprintId": null,
        "snappedToFeatureId": null,
        "plantingAssignment": null,
        "cropTaxon": null,
        "sourceReferences": [
          {
            "sourceId": "source:bbg-visitor-map",
            "locator": "numbered landmark 26",
            "mapNumber": 26,
            "label": "Lucy's Garden",
            "role": "named garden-area polygon",
            "confidence": "high"
          }
        ],
        "provenance": {
          "sourceId": "massgis-aerial-2025",
          "sourceFeatureId": "bbg-lucys-garden",
          "geometryMethod": "aerial-traced concentric garden-room footprint",
          "semanticMethod": "official visitor-map identity applied to independently interpreted geometry",
          "sourceReferences": [
            {
              "sourceId": "source:bbg-visitor-map",
              "locator": "numbered landmark 26",
              "mapNumber": 26,
              "label": "Lucy's Garden",
              "role": "named garden-area polygon",
              "confidence": "high"
            }
          ],
          "confidence": "high",
          "surveyStatus": "not-surveyed",
          "imageryId": "massgis-2025",
          "imageryZoom": 20,
          "digitizationRasterId": "massgis-2025-north-campus-z20",
          "parcelAssignmentMethod": "representative point within canonical parcel polygon",
          "representativePoint": [
            -73.3350369026835,
            42.301181958034874
          ],
          "currentnessCaveat": "Orthophoto interpretation is not surveyed geometry; verify against current imagery or field measurements before construction."
        },
        "notes": "Approximate editable Lucy's Garden area interpreted from the numbered visitor-map relationship and visible aerial context; not a surveyed planting boundary.",
        "classification": "garden-section",
        "layer": "site",
        "sourceFeatureId": "bbg-lucys-garden",
        "widthInches": 2220,
        "depthInches": 1909,
        "row": null,
        "column": null,
        "status": "context-overlay",
        "editable": true
      }
    },
    {
      "type": "Feature",
      "id": "bbg-lucys-garden-gazebo",
      "geometry": {
        "type": "Point",
        "coordinates": [
          -73.33504386415055,
          42.30119032406332
        ]
      },
      "properties": {
        "gardenId": "berkshire-botanical-garden",
        "featureType": "structure",
        "featureId": "bbg-lucys-garden-gazebo",
        "name": "Lucy's Garden gazebo · map 26",
        "localGeometry": {
          "type": "Point",
          "coordinates": [
            5039,
            -7431
          ]
        },
        "localUnit": "inch",
        "rotationDegrees": 0,
        "source": "Berkshire Botanical Garden 2024 visitor map with MassGIS 2025 aerial interpretation",
        "confidence": "high",
        "featureStatus": "context-overlay",
        "geometryBasis": "aerial-observed point",
        "geometryEdit": null,
        "surveyStatus": "not-surveyed",
        "boundaryPolicy": "inside-campus",
        "taxonStatus": null,
        "identificationStatus": null,
        "collection": "gardenSections",
        "kind": "garden-landmark",
        "plantId": null,
        "observationType": null,
        "geometryRepresentation": null,
        "canopyClass": null,
        "crownWidthFeet": null,
        "crownDepthFeet": null,
        "crownDiameterFeet": null,
        "crownRadiusEastWestFeet": null,
        "crownRadiusNorthSouthFeet": null,
        "crownMeasurementMethod": null,
        "crownConfidence": null,
        "heightEstimateFeet": null,
        "heightEstimateRangeFeet": null,
        "heightEstimateMethod": null,
        "heightConfidence": null,
        "sourcePixel": null,
        "sourceMapNumber": 26,
        "digitizationRasterId": "massgis-2025-north-campus-z20",
        "imageryId": "massgis-2025",
        "imageryZoom": 20,
        "imageryTileOrigin": [
          310676,
          388063
        ],
        "networkId": null,
        "parcelId": "bbg-parcel-215-31",
        "topologyNodeIds": [],
        "corridorWidthFeet": null,
        "parentId": null,
        "sectionId": null,
        "subplotId": null,
        "gridCellId": null,
        "centerControlId": null,
        "boundaryConfidence": null,
        "observedFootprintId": null,
        "snappedToFeatureId": null,
        "plantingAssignment": null,
        "cropTaxon": null,
        "sourceReferences": [
          {
            "sourceId": "source:bbg-visitor-map",
            "locator": "numbered landmark 26",
            "mapNumber": 26,
            "label": "Lucy's Garden",
            "role": "aerial-visible central gazebo point",
            "confidence": "high"
          }
        ],
        "provenance": {
          "sourceId": "massgis-aerial-2025",
          "sourceFeatureId": "bbg-lucys-garden-gazebo",
          "geometryMethod": "aerial-observed point",
          "semanticMethod": "official visitor-map identity applied to independently interpreted geometry",
          "sourceReferences": [
            {
              "sourceId": "source:bbg-visitor-map",
              "locator": "numbered landmark 26",
              "mapNumber": 26,
              "label": "Lucy's Garden",
              "role": "aerial-visible central gazebo point",
              "confidence": "high"
            }
          ],
          "confidence": "high",
          "surveyStatus": "not-surveyed",
          "imageryId": "massgis-2025",
          "imageryZoom": 20,
          "digitizationRasterId": "massgis-2025-north-campus-z20",
          "parcelAssignmentMethod": "representative point within canonical parcel polygon",
          "representativePoint": [
            -73.33504386415055,
            42.30119032406332
          ],
          "currentnessCaveat": "Orthophoto interpretation is not surveyed geometry; verify against current imagery or field measurements before construction."
        },
        "notes": "Approximate point for Lucy's Garden gazebo, checked against the visitor map and 2025 orthophoto; not a surveyed trunk or monument position.",
        "classification": "garden-landmark",
        "layer": "site",
        "sourceFeatureId": "bbg-lucys-garden-gazebo",
        "widthInches": 180,
        "depthInches": 180,
        "row": null,
        "column": null,
        "status": "context-overlay",
        "editable": true
      }
    },
    {
      "type": "Feature",
      "id": "bbg-rose-garden",
      "geometry": {
        "type": "Polygon",
        "coordinates": [
          [
            [
              -73.33604956218359,
              42.3014583204671
            ],
            [
              -73.33591557178715,
              42.30145306115201
            ],
            [
              -73.33580807144611,
              42.301418532605105
            ],
            [
              -73.33579482641841,
              42.30130945898343
            ],
            [
              -73.33588877370786,
              42.30125000585631
            ],
            [
              -73.33602276410431,
              42.30127973241987
            ],
            [
              -73.33608991331448,
              42.30135907947799
            ],
            [
              -73.33604956218359,
              42.3014583204671
            ]
          ]
        ]
      },
      "properties": {
        "gardenId": "berkshire-botanical-garden",
        "featureType": "structure",
        "featureId": "bbg-rose-garden",
        "name": "Rose Garden · map 27",
        "localGeometry": {
          "type": "Polygon",
          "coordinates": [
            [
              [
                1774,
                -8603
              ],
              [
                2209,
                -8580
              ],
              [
                2558,
                -8429
              ],
              [
                2601,
                -7952
              ],
              [
                2296,
                -7692
              ],
              [
                1861,
                -7822
              ],
              [
                1643,
                -8169
              ],
              [
                1774,
                -8603
              ]
            ]
          ]
        },
        "localUnit": "inch",
        "rotationDegrees": 0,
        "source": "Berkshire Botanical Garden 2024 visitor map with MassGIS 2025 aerial interpretation",
        "confidence": "medium",
        "featureStatus": "context-overlay",
        "geometryBasis": "aerial-traced mill-wheel and planted-section footprint",
        "geometryEdit": null,
        "surveyStatus": "not-surveyed",
        "boundaryPolicy": "inside-campus",
        "taxonStatus": null,
        "identificationStatus": null,
        "collection": "gardenSections",
        "kind": "garden-section",
        "plantId": null,
        "observationType": null,
        "geometryRepresentation": null,
        "canopyClass": null,
        "crownWidthFeet": null,
        "crownDepthFeet": null,
        "crownDiameterFeet": null,
        "crownRadiusEastWestFeet": null,
        "crownRadiusNorthSouthFeet": null,
        "crownMeasurementMethod": null,
        "crownConfidence": null,
        "heightEstimateFeet": null,
        "heightEstimateRangeFeet": null,
        "heightEstimateMethod": null,
        "heightConfidence": null,
        "sourcePixel": null,
        "sourceMapNumber": 27,
        "digitizationRasterId": "massgis-2025-north-campus-z20",
        "imageryId": "massgis-2025",
        "imageryZoom": 20,
        "imageryTileOrigin": [
          310676,
          388063
        ],
        "networkId": null,
        "parcelId": "bbg-parcel-215-31",
        "topologyNodeIds": [],
        "corridorWidthFeet": null,
        "parentId": null,
        "sectionId": null,
        "subplotId": null,
        "gridCellId": null,
        "centerControlId": null,
        "boundaryConfidence": null,
        "observedFootprintId": null,
        "snappedToFeatureId": null,
        "plantingAssignment": null,
        "cropTaxon": null,
        "sourceReferences": [
          {
            "sourceId": "source:bbg-visitor-map",
            "locator": "numbered landmark 27",
            "mapNumber": 27,
            "label": "Rose Garden",
            "role": "named garden-area polygon",
            "confidence": "medium"
          }
        ],
        "provenance": {
          "sourceId": "massgis-aerial-2025",
          "sourceFeatureId": "bbg-rose-garden",
          "geometryMethod": "aerial-traced mill-wheel and planted-section footprint",
          "semanticMethod": "official visitor-map identity applied to independently interpreted geometry",
          "sourceReferences": [
            {
              "sourceId": "source:bbg-visitor-map",
              "locator": "numbered landmark 27",
              "mapNumber": 27,
              "label": "Rose Garden",
              "role": "named garden-area polygon",
              "confidence": "medium"
            }
          ],
          "confidence": "medium",
          "surveyStatus": "not-surveyed",
          "imageryId": "massgis-2025",
          "imageryZoom": 20,
          "digitizationRasterId": "massgis-2025-north-campus-z20",
          "parcelAssignmentMethod": "representative point within canonical parcel polygon",
          "representativePoint": [
            -73.3359027236734,
            42.30133930272342
          ],
          "currentnessCaveat": "Orthophoto interpretation is not surveyed geometry; verify against current imagery or field measurements before construction."
        },
        "notes": "Approximate editable Rose Garden area interpreted from the numbered visitor-map relationship and visible aerial context; not a surveyed planting boundary.",
        "classification": "garden-section",
        "layer": "site",
        "sourceFeatureId": "bbg-rose-garden",
        "widthInches": 958,
        "depthInches": 911,
        "row": null,
        "column": null,
        "status": "context-overlay",
        "editable": true
      }
    },
    {
      "type": "Feature",
      "id": "bbg-new-wave-garden",
      "geometry": {
        "type": "Polygon",
        "coordinates": [
          [
            [
              -73.33621065868323,
              42.30145306115201
            ],
            [
              -73.33604956218359,
              42.30145306115201
            ],
            [
              -73.33596916794573,
              42.30139863867411
            ],
            [
              -73.33599596602502,
              42.301289565052436
            ],
            [
              -73.33610315834217,
              42.301230111925314
            ],
            [
              -73.3362374567625,
              42.30126967112143
            ],
            [
              -73.33629105292108,
              42.30136891211055
            ],
            [
              -73.33621065868323,
              42.30145306115201
            ]
          ]
        ]
      },
      "properties": {
        "gardenId": "berkshire-botanical-garden",
        "featureType": "structure",
        "featureId": "bbg-new-wave-garden",
        "name": "New Wave Garden · map 28",
        "localGeometry": {
          "type": "Polygon",
          "coordinates": [
            [
              [
                1251,
                -8580
              ],
              [
                1774,
                -8580
              ],
              [
                2035,
                -8342
              ],
              [
                1948,
                -7865
              ],
              [
                1600,
                -7605
              ],
              [
                1164,
                -7778
              ],
              [
                990,
                -8212
              ],
              [
                1251,
                -8580
              ]
            ]
          ]
        },
        "localUnit": "inch",
        "rotationDegrees": 0,
        "source": "Berkshire Botanical Garden 2024 visitor map with MassGIS 2025 aerial interpretation",
        "confidence": "low",
        "featureStatus": "context-overlay",
        "geometryBasis": "aerial-interpreted planted mass constrained by adjacent rooms",
        "geometryEdit": null,
        "surveyStatus": "not-surveyed",
        "boundaryPolicy": "inside-campus",
        "taxonStatus": null,
        "identificationStatus": null,
        "collection": "gardenSections",
        "kind": "garden-section",
        "plantId": null,
        "observationType": null,
        "geometryRepresentation": null,
        "canopyClass": null,
        "crownWidthFeet": null,
        "crownDepthFeet": null,
        "crownDiameterFeet": null,
        "crownRadiusEastWestFeet": null,
        "crownRadiusNorthSouthFeet": null,
        "crownMeasurementMethod": null,
        "crownConfidence": null,
        "heightEstimateFeet": null,
        "heightEstimateRangeFeet": null,
        "heightEstimateMethod": null,
        "heightConfidence": null,
        "sourcePixel": null,
        "sourceMapNumber": 28,
        "digitizationRasterId": "massgis-2025-north-campus-z20",
        "imageryId": "massgis-2025",
        "imageryZoom": 20,
        "imageryTileOrigin": [
          310676,
          388063
        ],
        "networkId": null,
        "parcelId": "bbg-parcel-215-31",
        "topologyNodeIds": [],
        "corridorWidthFeet": null,
        "parentId": null,
        "sectionId": null,
        "subplotId": null,
        "gridCellId": null,
        "centerControlId": null,
        "boundaryConfidence": null,
        "observedFootprintId": null,
        "snappedToFeatureId": null,
        "plantingAssignment": null,
        "cropTaxon": null,
        "sourceReferences": [
          {
            "sourceId": "source:bbg-visitor-map",
            "locator": "numbered landmark 28",
            "mapNumber": 28,
            "label": "New Wave Garden",
            "role": "named garden-area polygon",
            "confidence": "low"
          }
        ],
        "provenance": {
          "sourceId": "massgis-aerial-2025",
          "sourceFeatureId": "bbg-new-wave-garden",
          "geometryMethod": "aerial-interpreted planted mass constrained by adjacent rooms",
          "semanticMethod": "official visitor-map identity applied to independently interpreted geometry",
          "sourceReferences": [
            {
              "sourceId": "source:bbg-visitor-map",
              "locator": "numbered landmark 28",
              "mapNumber": 28,
              "label": "New Wave Garden",
              "role": "named garden-area polygon",
              "confidence": "low"
            }
          ],
          "confidence": "low",
          "surveyStatus": "not-surveyed",
          "imageryId": "massgis-2025",
          "imageryZoom": 20,
          "digitizationRasterId": "massgis-2025-north-campus-z20",
          "parcelAssignmentMethod": "representative point within canonical parcel polygon",
          "representativePoint": [
            -73.33606868375003,
            42.30131843491659
          ],
          "currentnessCaveat": "Orthophoto interpretation is not surveyed geometry; verify against current imagery or field measurements before construction."
        },
        "notes": "Approximate editable New Wave Garden area interpreted from the numbered visitor-map relationship and visible aerial context; not a surveyed planting boundary.",
        "classification": "garden-section",
        "layer": "site",
        "sourceFeatureId": "bbg-new-wave-garden",
        "widthInches": 1045,
        "depthInches": 975,
        "row": null,
        "column": null,
        "status": "context-overlay",
        "editable": true
      }
    },
    {
      "type": "Feature",
      "id": "bbg-herb-garden",
      "geometry": {
        "type": "Polygon",
        "coordinates": [
          [
            [
              -73.33641179828983,
              42.30142836523767
            ],
            [
              -73.3362642548418,
              42.301448259168666
            ],
            [
              -73.33614350947305,
              42.30137897340899
            ],
            [
              -73.33610315834217,
              42.301259838488875
            ],
            [
              -73.33618386060394,
              42.30120038536175
            ],
            [
              -73.33634464907966,
              42.301230111925314
            ],
            [
              -73.33643859636912,
              42.30131929161599
            ],
            [
              -73.33641179828983,
              42.30142836523767
            ]
          ]
        ]
      },
      "properties": {
        "gardenId": "berkshire-botanical-garden",
        "featureType": "structure",
        "featureId": "bbg-herb-garden",
        "name": "Herb Garden · map 29",
        "localGeometry": {
          "type": "Polygon",
          "coordinates": [
            [
              [
                598,
                -8472
              ],
              [
                1077,
                -8559
              ],
              [
                1469,
                -8256
              ],
              [
                1600,
                -7735
              ],
              [
                1338,
                -7475
              ],
              [
                816,
                -7605
              ],
              [
                511,
                -7995
              ],
              [
                598,
                -8472
              ]
            ]
          ]
        },
        "localUnit": "inch",
        "rotationDegrees": 0,
        "source": "Berkshire Botanical Garden 2024 visitor map with MassGIS 2025 aerial interpretation",
        "confidence": "medium",
        "featureStatus": "context-overlay",
        "geometryBasis": "aerial-traced terraced garden footprint",
        "geometryEdit": null,
        "surveyStatus": "not-surveyed",
        "boundaryPolicy": "inside-campus",
        "taxonStatus": null,
        "identificationStatus": null,
        "collection": "gardenSections",
        "kind": "garden-section",
        "plantId": null,
        "observationType": null,
        "geometryRepresentation": null,
        "canopyClass": null,
        "crownWidthFeet": null,
        "crownDepthFeet": null,
        "crownDiameterFeet": null,
        "crownRadiusEastWestFeet": null,
        "crownRadiusNorthSouthFeet": null,
        "crownMeasurementMethod": null,
        "crownConfidence": null,
        "heightEstimateFeet": null,
        "heightEstimateRangeFeet": null,
        "heightEstimateMethod": null,
        "heightConfidence": null,
        "sourcePixel": null,
        "sourceMapNumber": 29,
        "digitizationRasterId": "massgis-2025-north-campus-z20",
        "imageryId": "massgis-2025",
        "imageryZoom": 20,
        "imageryTileOrigin": [
          310676,
          388063
        ],
        "networkId": null,
        "parcelId": "bbg-parcel-215-31",
        "topologyNodeIds": [],
        "corridorWidthFeet": null,
        "parentId": null,
        "sectionId": null,
        "subplotId": null,
        "gridCellId": null,
        "centerControlId": null,
        "boundaryConfidence": null,
        "observedFootprintId": null,
        "snappedToFeatureId": null,
        "plantingAssignment": null,
        "cropTaxon": null,
        "sourceReferences": [
          {
            "sourceId": "source:bbg-visitor-map",
            "locator": "numbered landmark 29",
            "mapNumber": 29,
            "label": "Herb Garden",
            "role": "named garden-area polygon",
            "confidence": "medium"
          }
        ],
        "provenance": {
          "sourceId": "massgis-aerial-2025",
          "sourceFeatureId": "bbg-herb-garden",
          "geometryMethod": "aerial-traced terraced garden footprint",
          "semanticMethod": "official visitor-map identity applied to independently interpreted geometry",
          "sourceReferences": [
            {
              "sourceId": "source:bbg-visitor-map",
              "locator": "numbered landmark 29",
              "mapNumber": 29,
              "label": "Herb Garden",
              "role": "named garden-area polygon",
              "confidence": "medium"
            }
          ],
          "confidence": "medium",
          "surveyStatus": "not-surveyed",
          "imageryId": "massgis-2025",
          "imageryZoom": 20,
          "digitizationRasterId": "massgis-2025-north-campus-z20",
          "parcelAssignmentMethod": "representative point within canonical parcel polygon",
          "representativePoint": [
            -73.33631107531177,
            42.30134771090349
          ],
          "currentnessCaveat": "Orthophoto interpretation is not surveyed geometry; verify against current imagery or field measurements before construction."
        },
        "notes": "Approximate editable Herb Garden area interpreted from the numbered visitor-map relationship and visible aerial context; not a surveyed planting boundary.",
        "classification": "garden-section",
        "layer": "site",
        "sourceFeatureId": "bbg-herb-garden",
        "widthInches": 1089,
        "depthInches": 1084,
        "row": null,
        "column": null,
        "status": "context-overlay",
        "editable": true
      }
    },
    {
      "type": "Feature",
      "id": "bbg-wildflower-meadow",
      "geometry": {
        "type": "Polygon",
        "coordinates": [
          [
            [
              -73.33707343362673,
              42.302875362885395
            ],
            [
              -73.33639578104705,
              42.302841063004365
            ],
            [
              -73.33639578104705,
              42.30239516455097
            ],
            [
              -73.33650358941199,
              42.30198356597861
            ],
            [
              -73.33678081092187,
              42.301686300343015
            ],
            [
              -73.33727364916165,
              42.301617700580955
            ],
            [
              -73.3378126909864,
              42.30188066633552
            ],
            [
              -73.33762787664648,
              42.302155065383765
            ],
            [
              -73.3371350384067,
              42.30244089772568
            ],
            [
              -73.33707343362673,
              42.302875362885395
            ]
          ]
        ]
      },
      "properties": {
        "gardenId": "berkshire-botanical-garden",
        "featureType": "structure",
        "featureId": "bbg-wildflower-meadow",
        "name": "The Wildflower Meadow · map 30",
        "localGeometry": {
          "type": "Polygon",
          "coordinates": [
            [
              [
                -1550,
                -14800
              ],
              [
                650,
                -14650
              ],
              [
                650,
                -12700
              ],
              [
                300,
                -10900
              ],
              [
                -600,
                -9600
              ],
              [
                -2200,
                -9300
              ],
              [
                -3950,
                -10450
              ],
              [
                -3350,
                -11650
              ],
              [
                -1750,
                -12900
              ],
              [
                -1550,
                -14800
              ]
            ]
          ]
        },
        "localUnit": "inch",
        "rotationDegrees": 0,
        "source": "Berkshire Botanical Garden 2024 visitor map with MassGIS 2025 aerial interpretation",
        "confidence": "medium",
        "featureStatus": "context-overlay",
        "geometryBasis": "parcel-constrained aerial-interpreted meadow management boundary",
        "geometryEdit": null,
        "surveyStatus": "not-surveyed",
        "boundaryPolicy": "inside-campus",
        "taxonStatus": null,
        "identificationStatus": null,
        "collection": "gardenSections",
        "kind": "meadow",
        "plantId": null,
        "observationType": null,
        "geometryRepresentation": null,
        "canopyClass": null,
        "crownWidthFeet": null,
        "crownDepthFeet": null,
        "crownDiameterFeet": null,
        "crownRadiusEastWestFeet": null,
        "crownRadiusNorthSouthFeet": null,
        "crownMeasurementMethod": null,
        "crownConfidence": null,
        "heightEstimateFeet": null,
        "heightEstimateRangeFeet": null,
        "heightEstimateMethod": null,
        "heightConfidence": null,
        "sourcePixel": null,
        "sourceMapNumber": 30,
        "digitizationRasterId": "massgis-2025-north-campus-z20",
        "imageryId": "massgis-2025",
        "imageryZoom": 20,
        "imageryTileOrigin": [
          310676,
          388063
        ],
        "networkId": null,
        "parcelId": "bbg-parcel-215-29",
        "topologyNodeIds": [],
        "corridorWidthFeet": null,
        "parentId": null,
        "sectionId": null,
        "subplotId": null,
        "gridCellId": null,
        "centerControlId": null,
        "boundaryConfidence": null,
        "observedFootprintId": null,
        "snappedToFeatureId": null,
        "plantingAssignment": null,
        "cropTaxon": null,
        "sourceReferences": [
          {
            "sourceId": "source:bbg-visitor-map",
            "locator": "numbered landmark 30",
            "mapNumber": 30,
            "label": "The Wildflower Meadow",
            "role": "named 2.5-acre meadow management area",
            "confidence": "medium"
          }
        ],
        "provenance": {
          "sourceId": "massgis-aerial-2025",
          "sourceFeatureId": "bbg-wildflower-meadow",
          "geometryMethod": "parcel-constrained aerial-interpreted meadow management boundary",
          "semanticMethod": "official visitor-map identity applied to independently interpreted geometry",
          "sourceReferences": [
            {
              "sourceId": "source:bbg-visitor-map",
              "locator": "numbered landmark 30",
              "mapNumber": 30,
              "label": "The Wildflower Meadow",
              "role": "named 2.5-acre meadow management area",
              "confidence": "medium"
            }
          ],
          "confidence": "medium",
          "surveyStatus": "not-surveyed",
          "imageryId": "massgis-2025",
          "imageryZoom": 20,
          "digitizationRasterId": "massgis-2025-north-campus-z20",
          "parcelAssignmentMethod": "representative point within canonical parcel polygon",
          "representativePoint": [
            -73.33699121871877,
            42.30221870313986
          ],
          "currentnessCaveat": "Orthophoto interpretation is not surveyed geometry; verify against current imagery or field measurements before construction."
        },
        "notes": "Approximate parcel-contained Wildflower Meadow management polygon; its 2.4995-acre planar area reconciles with the visitor-map description without inventing plant points.",
        "classification": "meadow",
        "layer": "site",
        "sourceFeatureId": "bbg-wildflower-meadow",
        "widthInches": 4600,
        "depthInches": 5500,
        "row": null,
        "column": null,
        "status": "context-overlay",
        "editable": true
      }
    },
    {
      "type": "Feature",
      "id": "bbg-herb-production-garden",
      "geometry": {
        "type": "Polygon",
        "coordinates": [
          [
            [
              -73.33710916439911,
              42.301617014583336
            ],
            [
              -73.33678727942376,
              42.3016467411469
            ],
            [
              -73.3364921925277,
              42.301617014583336
            ],
            [
              -73.33645184139681,
              42.30150771229579
            ],
            [
              -73.33665298100343,
              42.301448259168666
            ],
            [
              -73.33698841903038,
              42.301448259168666
            ],
            [
              -73.3371492075061,
              42.301527606226784
            ],
            [
              -73.33710916439911,
              42.301617014583336
            ]
          ]
        ]
      },
      "properties": {
        "gardenId": "berkshire-botanical-garden",
        "featureType": "structure",
        "featureId": "bbg-herb-production-garden",
        "name": "Herb Production Garden · map 31",
        "localGeometry": {
          "type": "Polygon",
          "coordinates": [
            [
              [
                -1666,
                -9297
              ],
              [
                -621,
                -9427
              ],
              [
                337,
                -9297
              ],
              [
                468,
                -8819
              ],
              [
                -185,
                -8559
              ],
              [
                -1274,
                -8559
              ],
              [
                -1796,
                -8906
              ],
              [
                -1666,
                -9297
              ]
            ]
          ]
        },
        "localUnit": "inch",
        "rotationDegrees": 0,
        "source": "Berkshire Botanical Garden 2024 visitor map with MassGIS 2025 aerial interpretation",
        "confidence": "low",
        "featureStatus": "context-overlay",
        "geometryBasis": "schematic identity with rough parcel-contained aerial management area",
        "geometryEdit": null,
        "surveyStatus": "not-surveyed",
        "boundaryPolicy": "inside-campus",
        "taxonStatus": null,
        "identificationStatus": null,
        "collection": "gardenSections",
        "kind": "garden-section",
        "plantId": null,
        "observationType": null,
        "geometryRepresentation": null,
        "canopyClass": null,
        "crownWidthFeet": null,
        "crownDepthFeet": null,
        "crownDiameterFeet": null,
        "crownRadiusEastWestFeet": null,
        "crownRadiusNorthSouthFeet": null,
        "crownMeasurementMethod": null,
        "crownConfidence": null,
        "heightEstimateFeet": null,
        "heightEstimateRangeFeet": null,
        "heightEstimateMethod": null,
        "heightConfidence": null,
        "sourcePixel": null,
        "sourceMapNumber": 31,
        "digitizationRasterId": "massgis-2025-north-campus-z20",
        "imageryId": "massgis-2025",
        "imageryZoom": 20,
        "imageryTileOrigin": [
          310676,
          388063
        ],
        "networkId": null,
        "parcelId": "bbg-parcel-215-29",
        "topologyNodeIds": [],
        "corridorWidthFeet": null,
        "parentId": null,
        "sectionId": null,
        "subplotId": null,
        "gridCellId": null,
        "centerControlId": null,
        "boundaryConfidence": null,
        "observedFootprintId": null,
        "snappedToFeatureId": null,
        "plantingAssignment": null,
        "cropTaxon": null,
        "sourceReferences": [
          {
            "sourceId": "source:bbg-visitor-map",
            "locator": "numbered landmark 31",
            "mapNumber": 31,
            "label": "Herb Production Garden",
            "role": "named garden-area polygon",
            "confidence": "low"
          }
        ],
        "provenance": {
          "sourceId": "massgis-aerial-2025",
          "sourceFeatureId": "bbg-herb-production-garden",
          "geometryMethod": "schematic identity with rough parcel-contained aerial management area",
          "semanticMethod": "official visitor-map identity applied to independently interpreted geometry",
          "sourceReferences": [
            {
              "sourceId": "source:bbg-visitor-map",
              "locator": "numbered landmark 31",
              "mapNumber": 31,
              "label": "Herb Production Garden",
              "role": "named garden-area polygon",
              "confidence": "low"
            }
          ],
          "confidence": "low",
          "surveyStatus": "not-surveyed",
          "imageryId": "massgis-2025",
          "imageryZoom": 20,
          "digitizationRasterId": "massgis-2025-north-campus-z20",
          "parcelAssignmentMethod": "representative point within canonical parcel polygon",
          "representativePoint": [
            -73.33676939904001,
            42.30152802241066
          ],
          "currentnessCaveat": "Orthophoto interpretation is not surveyed geometry; verify against current imagery or field measurements before construction."
        },
        "notes": "Low-confidence behind-house production area; current imagery does not support individual crop-row or bed boundaries.",
        "classification": "garden-section",
        "layer": "site",
        "sourceFeatureId": "bbg-herb-production-garden",
        "widthInches": 2264,
        "depthInches": 868,
        "row": null,
        "column": null,
        "status": "context-overlay",
        "editable": true
      }
    },
    {
      "type": "Feature",
      "id": "bbg-procter-mixed-border",
      "geometry": {
        "type": "Polygon",
        "coordinates": [
          [
            [
              -73.33710916439911,
              42.30147798573223
            ],
            [
              -73.33685442863393,
              42.30151777359422
            ],
            [
              -73.33665298100343,
              42.301448259168666
            ],
            [
              -73.33665298100343,
              42.30129962635087
            ],
            [
              -73.33681407750305,
              42.30120038536175
            ],
            [
              -73.33702877016125,
              42.301230111925314
            ],
            [
              -73.33716276055769,
              42.30132935291443
            ],
            [
              -73.33710916439911,
              42.30147798573223
            ]
          ]
        ]
      },
      "properties": {
        "gardenId": "berkshire-botanical-garden",
        "featureType": "structure",
        "featureId": "bbg-procter-mixed-border",
        "name": "Procter Mixed Border Garden · map 32",
        "localGeometry": {
          "type": "Polygon",
          "coordinates": [
            [
              [
                -1666,
                -8689
              ],
              [
                -839,
                -8863
              ],
              [
                -185,
                -8559
              ],
              [
                -185,
                -7909
              ],
              [
                -708,
                -7475
              ],
              [
                -1405,
                -7605
              ],
              [
                -1840,
                -8039
              ],
              [
                -1666,
                -8689
              ]
            ]
          ]
        },
        "localUnit": "inch",
        "rotationDegrees": 0,
        "source": "Berkshire Botanical Garden 2024 visitor map with MassGIS 2025 aerial interpretation",
        "confidence": "medium",
        "featureStatus": "context-overlay",
        "geometryBasis": "aerial-traced crescent border footprint",
        "geometryEdit": null,
        "surveyStatus": "not-surveyed",
        "boundaryPolicy": "inside-campus",
        "taxonStatus": null,
        "identificationStatus": null,
        "collection": "gardenSections",
        "kind": "garden-section",
        "plantId": null,
        "observationType": null,
        "geometryRepresentation": null,
        "canopyClass": null,
        "crownWidthFeet": null,
        "crownDepthFeet": null,
        "crownDiameterFeet": null,
        "crownRadiusEastWestFeet": null,
        "crownRadiusNorthSouthFeet": null,
        "crownMeasurementMethod": null,
        "crownConfidence": null,
        "heightEstimateFeet": null,
        "heightEstimateRangeFeet": null,
        "heightEstimateMethod": null,
        "heightConfidence": null,
        "sourcePixel": null,
        "sourceMapNumber": 32,
        "digitizationRasterId": "massgis-2025-north-campus-z20",
        "imageryId": "massgis-2025",
        "imageryZoom": 20,
        "imageryTileOrigin": [
          310676,
          388063
        ],
        "networkId": null,
        "parcelId": "bbg-parcel-215-31",
        "topologyNodeIds": [],
        "corridorWidthFeet": null,
        "parentId": null,
        "sectionId": null,
        "subplotId": null,
        "gridCellId": null,
        "centerControlId": null,
        "boundaryConfidence": null,
        "observedFootprintId": null,
        "snappedToFeatureId": null,
        "plantingAssignment": null,
        "cropTaxon": null,
        "sourceReferences": [
          {
            "sourceId": "source:bbg-visitor-map",
            "locator": "numbered landmark 32",
            "mapNumber": 32,
            "label": "Procter Mixed Border Garden",
            "role": "named garden-area polygon",
            "confidence": "medium"
          }
        ],
        "provenance": {
          "sourceId": "massgis-aerial-2025",
          "sourceFeatureId": "bbg-procter-mixed-border",
          "geometryMethod": "aerial-traced crescent border footprint",
          "semanticMethod": "official visitor-map identity applied to independently interpreted geometry",
          "sourceReferences": [
            {
              "sourceId": "source:bbg-visitor-map",
              "locator": "numbered landmark 32",
              "mapNumber": 32,
              "label": "Procter Mixed Border Garden",
              "role": "named garden-area polygon",
              "confidence": "medium"
            }
          ],
          "confidence": "medium",
          "surveyStatus": "not-surveyed",
          "imageryId": "massgis-2025",
          "imageryZoom": 20,
          "digitizationRasterId": "massgis-2025-north-campus-z20",
          "parcelAssignmentMethod": "representative point within canonical parcel polygon",
          "representativePoint": [
            -73.33689302570392,
            42.3013606918138
          ],
          "currentnessCaveat": "Orthophoto interpretation is not surveyed geometry; verify against current imagery or field measurements before construction."
        },
        "notes": "Approximate editable Procter Mixed Border Garden area interpreted from the numbered visitor-map relationship and visible aerial context; not a surveyed planting boundary.",
        "classification": "garden-section",
        "layer": "site",
        "sourceFeatureId": "bbg-procter-mixed-border",
        "widthInches": 2025,
        "depthInches": 1388,
        "row": null,
        "column": null,
        "status": "context-overlay",
        "editable": true
      }
    },
    {
      "type": "Feature",
      "id": "bbg-tree-of-forty-fruit",
      "geometry": {
        "type": "Point",
        "coordinates": [
          -73.33634988548596,
          42.30054274230947
        ]
      },
      "properties": {
        "gardenId": "berkshire-botanical-garden",
        "featureType": "vegetation",
        "featureId": "bbg-tree-of-forty-fruit",
        "name": "The Tree of Forty Fruit · map 2",
        "localGeometry": {
          "type": "Point",
          "coordinates": [
            799,
            -4599
          ]
        },
        "localUnit": "inch",
        "rotationDegrees": 0,
        "source": "MassGIS 2025 aerial imagery",
        "confidence": "medium",
        "featureStatus": "aerial-observed-tree-center",
        "geometryBasis": "orthophoto-observed tree/crown center Point; canopy and shadow are derived display geometry",
        "geometryEdit": null,
        "surveyStatus": "not-surveyed",
        "boundaryPolicy": "inside-campus",
        "taxonStatus": "unidentified; no species inferred from aerial imagery",
        "identificationStatus": "tree observed; taxon unidentified",
        "collection": "vegetation",
        "kind": "tree",
        "plantId": null,
        "observationType": "mature-tree",
        "geometryRepresentation": "point",
        "canopyClass": "deciduous",
        "crownWidthFeet": 18,
        "crownDepthFeet": 18,
        "crownDiameterFeet": 18,
        "crownRadiusEastWestFeet": 9,
        "crownRadiusNorthSouthFeet": 9,
        "crownMeasurementMethod": "crown-axis estimate from registered 2025 MassGIS natural-color orthophoto",
        "crownConfidence": "medium",
        "heightEstimateFeet": 18,
        "heightEstimateRangeFeet": [
          12,
          26
        ],
        "heightEstimateMethod": "coarse structural class estimated from the leaf-off crown and shadow; field or lidar measurement required",
        "heightConfidence": "low",
        "sourcePixel": [
          870,
          645
        ],
        "sourceMapNumber": null,
        "digitizationRasterId": "massgis-2025-south-campus-wide-z20",
        "imageryId": "massgis-2025",
        "imageryZoom": 20,
        "imageryTileOrigin": [
          310677,
          388066
        ],
        "networkId": null,
        "parcelId": "bbg-parcel-215-1",
        "topologyNodeIds": [],
        "corridorWidthFeet": null,
        "parentId": null,
        "sectionId": null,
        "subplotId": null,
        "gridCellId": null,
        "centerControlId": null,
        "boundaryConfidence": null,
        "observedFootprintId": null,
        "snappedToFeatureId": null,
        "plantingAssignment": null,
        "cropTaxon": null,
        "sourceReferences": [
          {
            "sourceId": "source:massgis-aerial-2025",
            "locator": "massgis-2025-south-campus-wide-z20 pixel [870, 645]",
            "role": "tree center and crown-axis observation",
            "confidence": "medium"
          },
          {
            "sourceId": "source:bbg-visitor-map",
            "locator": "numbered landmark 2",
            "mapNumber": 2,
            "label": "The Tree of Forty Fruit",
            "role": "named specimen-tree identity; geometry independently observed on the orthophoto",
            "confidence": "medium"
          }
        ],
        "provenance": {
          "sourceId": "massgis-aerial-2025",
          "sourceFeatureId": "bbg-tree-of-forty-fruit",
          "geometryMethod": "orthophoto-observed tree/crown center Point; canopy and shadow are derived display geometry",
          "measurementMethod": "crown axes measured from visible 2025 crown/branch envelope; height is a coarse shadow-supported estimate",
          "sourcePixel": [
            870,
            645
          ],
          "digitizationRasterId": "massgis-2025-south-campus-wide-z20",
          "confidence": "medium",
          "heightConfidence": "low",
          "surveyStatus": "not-surveyed",
          "semanticMethod": "official visitor-map identity applied to independently interpreted geometry",
          "sourceReferences": [
            {
              "sourceId": "source:massgis-aerial-2025",
              "locator": "massgis-2025-south-campus-wide-z20 pixel [870, 645]",
              "role": "tree center and crown-axis observation",
              "confidence": "medium"
            },
            {
              "sourceId": "source:bbg-visitor-map",
              "locator": "numbered landmark 2",
              "mapNumber": 2,
              "label": "The Tree of Forty Fruit",
              "role": "named specimen-tree identity; geometry independently observed on the orthophoto",
              "confidence": "medium"
            }
          ],
          "imageryId": "massgis-2025",
          "imageryZoom": 20,
          "parcelAssignmentMethod": "representative point within canonical parcel polygon",
          "representativePoint": [
            -73.33634988548596,
            42.30054274230947
          ],
          "currentnessCaveat": "Orthophoto interpretation is not surveyed geometry; verify against current imagery or field measurements before construction."
        },
        "notes": "Official-map identity with an independently digitized 2025 orthophoto center. Crown and height are estimates, not a species assertion or field measurement.",
        "classification": null,
        "layer": "site",
        "sourceFeatureId": "bbg-tree-of-forty-fruit",
        "widthInches": 216,
        "depthInches": 216,
        "row": null,
        "column": null,
        "status": "aerial-observed-tree-center",
        "editable": true
      }
    },
    {
      "type": "Feature",
      "id": "bbg-tree-east-lawn-evergreen-01",
      "geometry": {
        "type": "Point",
        "coordinates": [
          -73.3355989232181,
          42.29997542227723
        ]
      },
      "properties": {
        "gardenId": "berkshire-botanical-garden",
        "featureType": "vegetation",
        "featureId": "bbg-tree-east-lawn-evergreen-01",
        "name": "East lawn mature tree observation 1",
        "localGeometry": {
          "type": "Point",
          "coordinates": [
            3237,
            -2118
          ]
        },
        "localUnit": "inch",
        "rotationDegrees": 0,
        "source": "MassGIS 2025 aerial imagery",
        "confidence": "high",
        "featureStatus": "aerial-observed-tree-center",
        "geometryBasis": "orthophoto-observed tree/crown center Point; canopy and shadow are derived display geometry",
        "geometryEdit": null,
        "surveyStatus": "not-surveyed",
        "boundaryPolicy": "inside-campus",
        "taxonStatus": "unidentified; no species inferred from aerial imagery",
        "identificationStatus": "tree observed; taxon unidentified",
        "collection": "vegetation",
        "kind": "tree",
        "plantId": null,
        "observationType": "mature-tree",
        "geometryRepresentation": "point",
        "canopyClass": "evergreen",
        "crownWidthFeet": 27,
        "crownDepthFeet": 24,
        "crownDiameterFeet": 25.45584412271571,
        "crownRadiusEastWestFeet": 13.5,
        "crownRadiusNorthSouthFeet": 12,
        "crownMeasurementMethod": "crown-axis estimate from registered 2025 MassGIS natural-color orthophoto",
        "crownConfidence": "high",
        "heightEstimateFeet": 28,
        "heightEstimateRangeFeet": [
          20,
          38
        ],
        "heightEstimateMethod": "coarse structural class estimated from the leaf-off crown and shadow; field or lidar measurement required",
        "heightConfidence": "low",
        "sourcePixel": [
          1430,
          1217
        ],
        "sourceMapNumber": null,
        "digitizationRasterId": "massgis-2025-south-campus-wide-z20",
        "imageryId": "massgis-2025",
        "imageryZoom": 20,
        "imageryTileOrigin": [
          310677,
          388066
        ],
        "networkId": null,
        "parcelId": "bbg-parcel-215-1",
        "topologyNodeIds": [],
        "corridorWidthFeet": null,
        "parentId": null,
        "sectionId": null,
        "subplotId": null,
        "gridCellId": null,
        "centerControlId": null,
        "boundaryConfidence": null,
        "observedFootprintId": null,
        "snappedToFeatureId": null,
        "plantingAssignment": null,
        "cropTaxon": null,
        "sourceReferences": [
          {
            "sourceId": "source:massgis-aerial-2025",
            "locator": "massgis-2025-south-campus-wide-z20 pixel [1430, 1217]",
            "role": "tree center and crown-axis observation",
            "confidence": "high"
          }
        ],
        "provenance": {
          "sourceId": "massgis-aerial-2025",
          "sourceFeatureId": "bbg-tree-east-lawn-evergreen-01",
          "geometryMethod": "orthophoto-observed tree/crown center Point; canopy and shadow are derived display geometry",
          "measurementMethod": "crown axes measured from visible 2025 crown/branch envelope; height is a coarse shadow-supported estimate",
          "sourcePixel": [
            1430,
            1217
          ],
          "digitizationRasterId": "massgis-2025-south-campus-wide-z20",
          "confidence": "high",
          "heightConfidence": "low",
          "surveyStatus": "not-surveyed",
          "semanticMethod": "official visitor-map identity applied to independently interpreted geometry",
          "sourceReferences": [
            {
              "sourceId": "source:massgis-aerial-2025",
              "locator": "massgis-2025-south-campus-wide-z20 pixel [1430, 1217]",
              "role": "tree center and crown-axis observation",
              "confidence": "high"
            }
          ],
          "imageryId": "massgis-2025",
          "imageryZoom": 20,
          "parcelAssignmentMethod": "representative point within canonical parcel polygon",
          "representativePoint": [
            -73.3355989232181,
            42.29997542227723
          ],
          "currentnessCaveat": "Orthophoto interpretation is not surveyed geometry; verify against current imagery or field measurements before construction."
        },
        "notes": "Isolated foliage-bearing crown centered directly from the leaf-off 2025 orthophoto; taxon remains unidentified.",
        "classification": null,
        "layer": "site",
        "sourceFeatureId": "bbg-tree-east-lawn-evergreen-01",
        "widthInches": 324,
        "depthInches": 288,
        "row": null,
        "column": null,
        "status": "aerial-observed-tree-center",
        "editable": true
      }
    },
    {
      "type": "Feature",
      "id": "bbg-tree-east-lawn-deciduous-01",
      "geometry": {
        "type": "Point",
        "coordinates": [
          -73.33532262577992,
          42.29990796584453
        ]
      },
      "properties": {
        "gardenId": "berkshire-botanical-garden",
        "featureType": "vegetation",
        "featureId": "bbg-tree-east-lawn-deciduous-01",
        "name": "East lawn mature tree observation 2",
        "localGeometry": {
          "type": "Point",
          "coordinates": [
            4134,
            -1823
          ]
        },
        "localUnit": "inch",
        "rotationDegrees": 0,
        "source": "MassGIS 2025 aerial imagery",
        "confidence": "high",
        "featureStatus": "aerial-observed-tree-center",
        "geometryBasis": "orthophoto-observed tree/crown center Point; canopy and shadow are derived display geometry",
        "geometryEdit": null,
        "surveyStatus": "not-surveyed",
        "boundaryPolicy": "inside-campus",
        "taxonStatus": "unidentified; no species inferred from aerial imagery",
        "identificationStatus": "tree observed; taxon unidentified",
        "collection": "vegetation",
        "kind": "tree",
        "plantId": null,
        "observationType": "mature-tree",
        "geometryRepresentation": "point",
        "canopyClass": "deciduous",
        "crownWidthFeet": 64,
        "crownDepthFeet": 52,
        "crownDiameterFeet": 57.688820407423826,
        "crownRadiusEastWestFeet": 32,
        "crownRadiusNorthSouthFeet": 26,
        "crownMeasurementMethod": "crown-axis estimate from registered 2025 MassGIS natural-color orthophoto",
        "crownConfidence": "high",
        "heightEstimateFeet": 55,
        "heightEstimateRangeFeet": [
          40,
          72
        ],
        "heightEstimateMethod": "coarse structural class estimated from the leaf-off crown and shadow; field or lidar measurement required",
        "heightConfidence": "low",
        "sourcePixel": [
          1636,
          1285
        ],
        "sourceMapNumber": null,
        "digitizationRasterId": "massgis-2025-south-campus-wide-z20",
        "imageryId": "massgis-2025",
        "imageryZoom": 20,
        "imageryTileOrigin": [
          310677,
          388066
        ],
        "networkId": null,
        "parcelId": "bbg-parcel-215-1",
        "topologyNodeIds": [],
        "corridorWidthFeet": null,
        "parentId": null,
        "sectionId": null,
        "subplotId": null,
        "gridCellId": null,
        "centerControlId": null,
        "boundaryConfidence": null,
        "observedFootprintId": null,
        "snappedToFeatureId": null,
        "plantingAssignment": null,
        "cropTaxon": null,
        "sourceReferences": [
          {
            "sourceId": "source:massgis-aerial-2025",
            "locator": "massgis-2025-south-campus-wide-z20 pixel [1636, 1285]",
            "role": "tree center and crown-axis observation",
            "confidence": "high"
          }
        ],
        "provenance": {
          "sourceId": "massgis-aerial-2025",
          "sourceFeatureId": "bbg-tree-east-lawn-deciduous-01",
          "geometryMethod": "orthophoto-observed tree/crown center Point; canopy and shadow are derived display geometry",
          "measurementMethod": "crown axes measured from visible 2025 crown/branch envelope; height is a coarse shadow-supported estimate",
          "sourcePixel": [
            1636,
            1285
          ],
          "digitizationRasterId": "massgis-2025-south-campus-wide-z20",
          "confidence": "high",
          "heightConfidence": "low",
          "surveyStatus": "not-surveyed",
          "semanticMethod": "official visitor-map identity applied to independently interpreted geometry",
          "sourceReferences": [
            {
              "sourceId": "source:massgis-aerial-2025",
              "locator": "massgis-2025-south-campus-wide-z20 pixel [1636, 1285]",
              "role": "tree center and crown-axis observation",
              "confidence": "high"
            }
          ],
          "imageryId": "massgis-2025",
          "imageryZoom": 20,
          "parcelAssignmentMethod": "representative point within canonical parcel polygon",
          "representativePoint": [
            -73.33532262577992,
            42.29990796584453
          ],
          "currentnessCaveat": "Orthophoto interpretation is not surveyed geometry; verify against current imagery or field measurements before construction."
        },
        "notes": "Large isolated leaf-off crown and trunk-shadow origin are legible in the registered 2025 orthophoto; taxon remains unidentified.",
        "classification": null,
        "layer": "site",
        "sourceFeatureId": "bbg-tree-east-lawn-deciduous-01",
        "widthInches": 768,
        "depthInches": 624,
        "row": null,
        "column": null,
        "status": "aerial-observed-tree-center",
        "editable": true
      }
    },
    {
      "type": "Feature",
      "id": "bbg-tree-education-northwest-01",
      "geometry": {
        "type": "Point",
        "coordinates": [
          -73.3358336374298,
          42.29986817798254
        ]
      },
      "properties": {
        "gardenId": "berkshire-botanical-garden",
        "featureType": "vegetation",
        "featureId": "bbg-tree-education-northwest-01",
        "name": "Education Center northwest mature tree",
        "localGeometry": {
          "type": "Point",
          "coordinates": [
            2475,
            -1649
          ]
        },
        "localUnit": "inch",
        "rotationDegrees": 0,
        "source": "MassGIS 2025 aerial imagery",
        "confidence": "high",
        "featureStatus": "aerial-observed-tree-center",
        "geometryBasis": "orthophoto-observed tree/crown center Point; canopy and shadow are derived display geometry",
        "geometryEdit": null,
        "surveyStatus": "not-surveyed",
        "boundaryPolicy": "inside-campus",
        "taxonStatus": "unidentified; no species inferred from aerial imagery",
        "identificationStatus": "tree observed; taxon unidentified",
        "collection": "vegetation",
        "kind": "tree",
        "plantId": null,
        "observationType": "mature-tree",
        "geometryRepresentation": "point",
        "canopyClass": "deciduous",
        "crownWidthFeet": 56,
        "crownDepthFeet": 52,
        "crownDiameterFeet": 53.96295025292817,
        "crownRadiusEastWestFeet": 28,
        "crownRadiusNorthSouthFeet": 26,
        "crownMeasurementMethod": "crown-axis estimate from registered 2025 MassGIS natural-color orthophoto",
        "crownConfidence": "high",
        "heightEstimateFeet": 50,
        "heightEstimateRangeFeet": [
          36,
          66
        ],
        "heightEstimateMethod": "coarse structural class estimated from the leaf-off crown and shadow; field or lidar measurement required",
        "heightConfidence": "low",
        "sourcePixel": [
          1255,
          1325
        ],
        "sourceMapNumber": null,
        "digitizationRasterId": "massgis-2025-south-campus-wide-z20",
        "imageryId": "massgis-2025",
        "imageryZoom": 20,
        "imageryTileOrigin": [
          310677,
          388066
        ],
        "networkId": null,
        "parcelId": "bbg-parcel-215-1",
        "topologyNodeIds": [],
        "corridorWidthFeet": null,
        "parentId": null,
        "sectionId": null,
        "subplotId": null,
        "gridCellId": null,
        "centerControlId": null,
        "boundaryConfidence": null,
        "observedFootprintId": null,
        "snappedToFeatureId": null,
        "plantingAssignment": null,
        "cropTaxon": null,
        "sourceReferences": [
          {
            "sourceId": "source:massgis-aerial-2025",
            "locator": "massgis-2025-south-campus-wide-z20 pixel [1255, 1325]",
            "role": "tree center and crown-axis observation",
            "confidence": "high"
          }
        ],
        "provenance": {
          "sourceId": "massgis-aerial-2025",
          "sourceFeatureId": "bbg-tree-education-northwest-01",
          "geometryMethod": "orthophoto-observed tree/crown center Point; canopy and shadow are derived display geometry",
          "measurementMethod": "crown axes measured from visible 2025 crown/branch envelope; height is a coarse shadow-supported estimate",
          "sourcePixel": [
            1255,
            1325
          ],
          "digitizationRasterId": "massgis-2025-south-campus-wide-z20",
          "confidence": "high",
          "heightConfidence": "low",
          "surveyStatus": "not-surveyed",
          "semanticMethod": "official visitor-map identity applied to independently interpreted geometry",
          "sourceReferences": [
            {
              "sourceId": "source:massgis-aerial-2025",
              "locator": "massgis-2025-south-campus-wide-z20 pixel [1255, 1325]",
              "role": "tree center and crown-axis observation",
              "confidence": "high"
            }
          ],
          "imageryId": "massgis-2025",
          "imageryZoom": 20,
          "parcelAssignmentMethod": "representative point within canonical parcel polygon",
          "representativePoint": [
            -73.3358336374298,
            42.29986817798254
          ],
          "currentnessCaveat": "Orthophoto interpretation is not surveyed geometry; verify against current imagery or field measurements before construction."
        },
        "notes": "Open-grown leaf-off crown northwest of the Education Center, digitized independently of the indicative KML marks.",
        "classification": null,
        "layer": "site",
        "sourceFeatureId": "bbg-tree-education-northwest-01",
        "widthInches": 672,
        "depthInches": 624,
        "row": null,
        "column": null,
        "status": "aerial-observed-tree-center",
        "editable": true
      }
    },
    {
      "type": "Feature",
      "id": "bbg-tree-education-east-01",
      "geometry": {
        "type": "Point",
        "coordinates": [
          -73.33565005518548,
          42.29968958993531
        ]
      },
      "properties": {
        "gardenId": "berkshire-botanical-garden",
        "featureType": "vegetation",
        "featureId": "bbg-tree-education-east-01",
        "name": "Education Center east ornamental tree",
        "localGeometry": {
          "type": "Point",
          "coordinates": [
            3071,
            -868
          ]
        },
        "localUnit": "inch",
        "rotationDegrees": 0,
        "source": "MassGIS 2025 aerial imagery",
        "confidence": "high",
        "featureStatus": "aerial-observed-tree-center",
        "geometryBasis": "orthophoto-observed tree/crown center Point; canopy and shadow are derived display geometry",
        "geometryEdit": null,
        "surveyStatus": "not-surveyed",
        "boundaryPolicy": "inside-campus",
        "taxonStatus": "unidentified; no species inferred from aerial imagery",
        "identificationStatus": "tree observed; taxon unidentified",
        "collection": "vegetation",
        "kind": "tree",
        "plantId": null,
        "observationType": "mature-tree",
        "geometryRepresentation": "point",
        "canopyClass": "deciduous",
        "crownWidthFeet": 28,
        "crownDepthFeet": 26,
        "crownDiameterFeet": 26.981475126464083,
        "crownRadiusEastWestFeet": 14,
        "crownRadiusNorthSouthFeet": 13,
        "crownMeasurementMethod": "crown-axis estimate from registered 2025 MassGIS natural-color orthophoto",
        "crownConfidence": "high",
        "heightEstimateFeet": 22,
        "heightEstimateRangeFeet": [
          15,
          32
        ],
        "heightEstimateMethod": "coarse structural class estimated from the leaf-off crown and shadow; field or lidar measurement required",
        "heightConfidence": "low",
        "sourcePixel": [
          1392,
          1505
        ],
        "sourceMapNumber": null,
        "digitizationRasterId": "massgis-2025-south-campus-wide-z20",
        "imageryId": "massgis-2025",
        "imageryZoom": 20,
        "imageryTileOrigin": [
          310677,
          388066
        ],
        "networkId": null,
        "parcelId": "bbg-parcel-215-1",
        "topologyNodeIds": [],
        "corridorWidthFeet": null,
        "parentId": null,
        "sectionId": null,
        "subplotId": null,
        "gridCellId": null,
        "centerControlId": null,
        "boundaryConfidence": null,
        "observedFootprintId": null,
        "snappedToFeatureId": null,
        "plantingAssignment": null,
        "cropTaxon": null,
        "sourceReferences": [
          {
            "sourceId": "source:massgis-aerial-2025",
            "locator": "massgis-2025-south-campus-wide-z20 pixel [1392, 1505]",
            "role": "tree center and crown-axis observation",
            "confidence": "high"
          }
        ],
        "provenance": {
          "sourceId": "massgis-aerial-2025",
          "sourceFeatureId": "bbg-tree-education-east-01",
          "geometryMethod": "orthophoto-observed tree/crown center Point; canopy and shadow are derived display geometry",
          "measurementMethod": "crown axes measured from visible 2025 crown/branch envelope; height is a coarse shadow-supported estimate",
          "sourcePixel": [
            1392,
            1505
          ],
          "digitizationRasterId": "massgis-2025-south-campus-wide-z20",
          "confidence": "high",
          "heightConfidence": "low",
          "surveyStatus": "not-surveyed",
          "semanticMethod": "official visitor-map identity applied to independently interpreted geometry",
          "sourceReferences": [
            {
              "sourceId": "source:massgis-aerial-2025",
              "locator": "massgis-2025-south-campus-wide-z20 pixel [1392, 1505]",
              "role": "tree center and crown-axis observation",
              "confidence": "high"
            }
          ],
          "imageryId": "massgis-2025",
          "imageryZoom": 20,
          "parcelAssignmentMethod": "representative point within canonical parcel polygon",
          "representativePoint": [
            -73.33565005518548,
            42.29968958993531
          ],
          "currentnessCaveat": "Orthophoto interpretation is not surveyed geometry; verify against current imagery or field measurements before construction."
        },
        "notes": "Distinct light-toned crown immediately east of the Education Center in the 2025 image. Flower color and taxon are intentionally not inferred.",
        "classification": null,
        "layer": "site",
        "sourceFeatureId": "bbg-tree-education-east-01",
        "widthInches": 336,
        "depthInches": 312,
        "row": null,
        "column": null,
        "status": "aerial-observed-tree-center",
        "editable": true
      }
    },
    {
      "type": "Feature",
      "id": "bbg-site-structure-48537-896200",
      "geometry": {
        "type": "Polygon",
        "coordinates": [
          [
            [
              -73.3370033536429,
              42.3016335265499
            ],
            [
              -73.3370244292921,
              42.3015658862985
            ],
            [
              -73.3370807103875,
              42.3015755500813
            ],
            [
              -73.3370596347953,
              42.3016431903429
            ],
            [
              -73.3370033536429,
              42.3016335265499
            ]
          ]
        ]
      },
      "properties": {
        "gardenId": "berkshire-botanical-garden",
        "layer": "site",
        "name": "Mapped roofprint 48537_896200",
        "kind": "building",
        "secondaryKinds": [],
        "collection": "infrastructure",
        "parentId": "bbg-parcel-215-29",
        "parcelId": "bbg-parcel-215-29",
        "sourceFeatureId": "48537_896200",
        "sourceVintage": "2012",
        "sourceEditDate": null,
        "sourceData": "DIGITALGLOBE 2012 30CM ORTHO",
        "areaSquareFeet": 395.37643246,
        "status": "source-backed-starter",
        "editable": true,
        "identificationStatus": "MassGIS roofprint; building function unidentified",
        "aliases": [],
        "notes": "Roofprint source imagery is 2012; verify against current orthophotography or a field survey before construction.",
        "rotationDegrees": 0,
        "geometryBasis": "MassGIS Building Structures provider polygon; named function cross-checked against the prior aerial trace where available",
        "surveyStatus": "not surveyed; provider roofprint interpreted from orthophotography",
        "provenance": {
          "sourceId": "massgis-building-structures",
          "sourceFeatureId": "48537_896200",
          "sourceEndpoint": "https://services1.arcgis.com/hGdibHYSPO59RG1h/ArcGIS/rest/services/Building_Structures/FeatureServer/0",
          "sourceSnapshot": {
            "file": "data/spatial/source-cache/berkshire-botanical-garden/massgis-building-structures.geojson",
            "savedAt": "2026-08-24T04:11:10.884Z",
            "retrievedAt": "Mon, 24 Aug 2026 04:11:10 GMT",
            "queryFingerprint": "fe838ff70ef9fb7f3f22ddc1d3d5801797ea5811fe14ca063d574f1dce28d132",
            "queryBbox": [
              -73.34,
              42.296,
              -73.331,
              42.304
            ]
          },
          "selectionMethod": "representative point within canonical parcel polygon",
          "representativePoint": [
            -73.33703299975852,
            42.3016335265499
          ],
          "parcelFeatureId": "bbg-parcel-215-29",
          "sourceTitle": "MassGIS Building Structures (2-D)",
          "sourceFeatureType": "ROOFPRINT",
          "sourceDatasetVintage": "2012",
          "sourceData": "DIGITALGLOBE 2012 30CM ORTHO",
          "sourceEditDate": null,
          "sourceAttribution": "MassGIS (Bureau of Geographic Information), Commonwealth of Massachusetts EOTSS; City of Boston where applicable",
          "sourceLicense": "Massachusetts public record; MassGIS describes its data as public domain",
          "geometryMethod": "exact MassGIS roofprint selected by representative-point membership in a canonical BBG parcel",
          "semanticMethod": "MassGIS SOURCETYPE=ROOFPRINT; function not inferred",
          "semanticEvidence": [],
          "supersedesCanonicalFeatureIds": [],
          "supersedesAerialTraceFeatureId": null,
          "confidence": "source-explicit",
          "surveyStatus": "not surveyed; provider roofprint interpreted from orthophotography",
          "currentnessCaveat": "Roofprint source imagery is 2012; verify against current orthophotography or a field survey before construction."
        }
      }
    },
    {
      "type": "Feature",
      "id": "bbg-site-structure-48546-896209",
      "geometry": {
        "type": "Polygon",
        "coordinates": [
          [
            [
              -73.3368878774371,
              42.3017642838019
            ],
            [
              -73.3368769178765,
              42.301604882627
            ],
            [
              -73.3369552460943,
              42.3016019147627
            ],
            [
              -73.3369587966742,
              42.3016535447945
            ],
            [
              -73.336988506929,
              42.3016524186729
            ],
            [
              -73.3369910570999,
              42.3016895117463
            ],
            [
              -73.3370113159468,
              42.3016887447614
            ],
            [
              -73.3370136248115,
              42.3017223288487
            ],
            [
              -73.3369906662645,
              42.3017231993353
            ],
            [
              -73.3369932164396,
              42.3017602924081
            ],
            [
              -73.3368878774371,
              42.3017642838019
            ]
          ]
        ]
      },
      "properties": {
        "gardenId": "berkshire-botanical-garden",
        "layer": "site",
        "name": "Mapped roofprint 48546_896209",
        "kind": "building",
        "secondaryKinds": [],
        "collection": "infrastructure",
        "parentId": "bbg-parcel-215-29",
        "parcelId": "bbg-parcel-215-29",
        "sourceFeatureId": "48546_896209",
        "sourceVintage": "2012",
        "sourceEditDate": null,
        "sourceData": "DIGITALGLOBE 2012 30CM ORTHO",
        "areaSquareFeet": 1607.93024652,
        "status": "source-backed-starter",
        "editable": true,
        "identificationStatus": "MassGIS roofprint; building function unidentified",
        "aliases": [],
        "notes": "Roofprint source imagery is 2012; verify against current orthophotography or a field survey before construction.",
        "rotationDegrees": 0,
        "geometryBasis": "MassGIS Building Structures provider polygon; named function cross-checked against the prior aerial trace where available",
        "surveyStatus": "not surveyed; provider roofprint interpreted from orthophotography",
        "provenance": {
          "sourceId": "massgis-building-structures",
          "sourceFeatureId": "48546_896209",
          "sourceEndpoint": "https://services1.arcgis.com/hGdibHYSPO59RG1h/ArcGIS/rest/services/Building_Structures/FeatureServer/0",
          "sourceSnapshot": {
            "file": "data/spatial/source-cache/berkshire-botanical-garden/massgis-building-structures.geojson",
            "savedAt": "2026-08-24T04:11:10.884Z",
            "retrievedAt": "Mon, 24 Aug 2026 04:11:10 GMT",
            "queryFingerprint": "fe838ff70ef9fb7f3f22ddc1d3d5801797ea5811fe14ca063d574f1dce28d132",
            "queryBbox": [
              -73.34,
              42.296,
              -73.331,
              42.304
            ]
          },
          "selectionMethod": "representative point within canonical parcel polygon",
          "representativePoint": [
            -73.336947052596,
            42.3016895117463
          ],
          "parcelFeatureId": "bbg-parcel-215-29",
          "sourceTitle": "MassGIS Building Structures (2-D)",
          "sourceFeatureType": "ROOFPRINT",
          "sourceDatasetVintage": "2012",
          "sourceData": "DIGITALGLOBE 2012 30CM ORTHO",
          "sourceEditDate": null,
          "sourceAttribution": "MassGIS (Bureau of Geographic Information), Commonwealth of Massachusetts EOTSS; City of Boston where applicable",
          "sourceLicense": "Massachusetts public record; MassGIS describes its data as public domain",
          "geometryMethod": "exact MassGIS roofprint selected by representative-point membership in a canonical BBG parcel",
          "semanticMethod": "MassGIS SOURCETYPE=ROOFPRINT; function not inferred",
          "semanticEvidence": [],
          "supersedesCanonicalFeatureIds": [],
          "supersedesAerialTraceFeatureId": null,
          "confidence": "source-explicit",
          "surveyStatus": "not surveyed; provider roofprint interpreted from orthophotography",
          "currentnessCaveat": "Roofprint source imagery is 2012; verify against current orthophotography or a field survey before construction."
        }
      }
    },
    {
      "type": "Feature",
      "id": "bbg-site-structure-48554-895885",
      "geometry": {
        "type": "Polygon",
        "coordinates": [
          [
            [
              -73.3366592685727,
              42.2987902774203
            ],
            [
              -73.3367393004965,
              42.298696093393
            ],
            [
              -73.3368472516079,
              42.2987466476258
            ],
            [
              -73.3367672210194,
              42.2988408326081
            ],
            [
              -73.3366592685727,
              42.2987902774203
            ]
          ]
        ]
      },
      "properties": {
        "gardenId": "berkshire-botanical-garden",
        "layer": "site",
        "name": "Mapped roofprint 48554_895885",
        "kind": "building",
        "secondaryKinds": [],
        "collection": "infrastructure",
        "parentId": "bbg-parcel-215-1",
        "parcelId": "bbg-parcel-215-1",
        "sourceFeatureId": "48554_895885",
        "sourceVintage": "2012",
        "sourceEditDate": null,
        "sourceData": "DIGITALGLOBE 2012 30CM ORTHO",
        "areaSquareFeet": 1401.27485086,
        "status": "source-backed-starter",
        "editable": true,
        "identificationStatus": "MassGIS roofprint; building function unidentified",
        "aliases": [],
        "notes": "Roofprint source imagery is 2012; verify against current orthophotography or a field survey before construction.",
        "rotationDegrees": 0,
        "geometryBasis": "MassGIS Building Structures provider polygon; named function cross-checked against the prior aerial trace where available",
        "surveyStatus": "not surveyed; provider roofprint interpreted from orthophotography",
        "provenance": {
          "sourceId": "massgis-building-structures",
          "sourceFeatureId": "48554_895885",
          "sourceEndpoint": "https://services1.arcgis.com/hGdibHYSPO59RG1h/ArcGIS/rest/services/Building_Structures/FeatureServer/0",
          "sourceSnapshot": {
            "file": "data/spatial/source-cache/berkshire-botanical-garden/massgis-building-structures.geojson",
            "savedAt": "2026-08-24T04:11:10.884Z",
            "retrievedAt": "Mon, 24 Aug 2026 04:11:10 GMT",
            "queryFingerprint": "fe838ff70ef9fb7f3f22ddc1d3d5801797ea5811fe14ca063d574f1dce28d132",
            "queryBbox": [
              -73.34,
              42.296,
              -73.331,
              42.304
            ]
          },
          "selectionMethod": "representative point within canonical parcel polygon",
          "representativePoint": [
            -73.33673472359942,
            42.2987902774203
          ],
          "parcelFeatureId": "bbg-parcel-215-1",
          "sourceTitle": "MassGIS Building Structures (2-D)",
          "sourceFeatureType": "ROOFPRINT",
          "sourceDatasetVintage": "2012",
          "sourceData": "DIGITALGLOBE 2012 30CM ORTHO",
          "sourceEditDate": null,
          "sourceAttribution": "MassGIS (Bureau of Geographic Information), Commonwealth of Massachusetts EOTSS; City of Boston where applicable",
          "sourceLicense": "Massachusetts public record; MassGIS describes its data as public domain",
          "geometryMethod": "exact MassGIS roofprint selected by representative-point membership in a canonical BBG parcel",
          "semanticMethod": "MassGIS SOURCETYPE=ROOFPRINT; function not inferred",
          "semanticEvidence": [],
          "supersedesCanonicalFeatureIds": [],
          "supersedesAerialTraceFeatureId": null,
          "confidence": "source-explicit",
          "surveyStatus": "not surveyed; provider roofprint interpreted from orthophotography",
          "currentnessCaveat": "Roofprint source imagery is 2012; verify against current orthophotography or a field survey before construction."
        }
      }
    },
    {
      "type": "Feature",
      "id": "bbg-site-structure-48558-895904",
      "geometry": {
        "type": "Polygon",
        "coordinates": [
          [
            [
              -73.3366442191065,
              42.2990008601354
            ],
            [
              -73.336672180648,
              42.2988635228703
            ],
            [
              -73.3367936507341,
              42.2988771521805
            ],
            [
              -73.3367656882377,
              42.2990144894941
            ],
            [
              -73.3366442191065,
              42.2990008601354
            ]
          ]
        ]
      },
      "properties": {
        "gardenId": "berkshire-botanical-garden",
        "layer": "site",
        "name": "Mapped roofprint 48558_895904",
        "kind": "building",
        "secondaryKinds": [],
        "collection": "infrastructure",
        "parentId": "bbg-parcel-215-1",
        "parcelId": "bbg-parcel-215-1",
        "sourceFeatureId": "48558_895904",
        "sourceVintage": "2012",
        "sourceEditDate": null,
        "sourceData": "DIGITALGLOBE 2012 30CM ORTHO",
        "areaSquareFeet": 1682.25493741,
        "status": "source-backed-starter",
        "editable": true,
        "identificationStatus": "MassGIS roofprint; building function unidentified",
        "aliases": [],
        "notes": "Roofprint source imagery is 2012; verify against current orthophotography or a field survey before construction.",
        "rotationDegrees": 0,
        "geometryBasis": "MassGIS Building Structures provider polygon; named function cross-checked against the prior aerial trace where available",
        "surveyStatus": "not surveyed; provider roofprint interpreted from orthophotography",
        "provenance": {
          "sourceId": "massgis-building-structures",
          "sourceFeatureId": "48558_895904",
          "sourceEndpoint": "https://services1.arcgis.com/hGdibHYSPO59RG1h/ArcGIS/rest/services/Building_Structures/FeatureServer/0",
          "sourceSnapshot": {
            "file": "data/spatial/source-cache/berkshire-botanical-garden/massgis-building-structures.geojson",
            "savedAt": "2026-08-24T04:11:10.884Z",
            "retrievedAt": "Mon, 24 Aug 2026 04:11:10 GMT",
            "queryFingerprint": "fe838ff70ef9fb7f3f22ddc1d3d5801797ea5811fe14ca063d574f1dce28d132",
            "queryBbox": [
              -73.34,
              42.296,
              -73.331,
              42.304
            ]
          },
          "selectionMethod": "representative point within canonical parcel polygon",
          "representativePoint": [
            -73.33673152824343,
            42.2988771521805
          ],
          "parcelFeatureId": "bbg-parcel-215-1",
          "sourceTitle": "MassGIS Building Structures (2-D)",
          "sourceFeatureType": "ROOFPRINT",
          "sourceDatasetVintage": "2012",
          "sourceData": "DIGITALGLOBE 2012 30CM ORTHO",
          "sourceEditDate": null,
          "sourceAttribution": "MassGIS (Bureau of Geographic Information), Commonwealth of Massachusetts EOTSS; City of Boston where applicable",
          "sourceLicense": "Massachusetts public record; MassGIS describes its data as public domain",
          "geometryMethod": "exact MassGIS roofprint selected by representative-point membership in a canonical BBG parcel",
          "semanticMethod": "MassGIS SOURCETYPE=ROOFPRINT; function not inferred",
          "semanticEvidence": [],
          "supersedesCanonicalFeatureIds": [],
          "supersedesAerialTraceFeatureId": null,
          "confidence": "source-explicit",
          "surveyStatus": "not surveyed; provider roofprint interpreted from orthophotography",
          "currentnessCaveat": "Roofprint source imagery is 2012; verify against current orthophotography or a field survey before construction."
        }
      }
    },
    {
      "type": "Feature",
      "id": "bbg-passive-solar-greenhouse",
      "geometry": {
        "type": "Polygon",
        "coordinates": [
          [
            [
              -73.33683148026466,
              42.30068057005322
            ],
            [
              -73.33665311336517,
              42.30069148108289
            ],
            [
              -73.33663836121559,
              42.30063890974072
            ],
            [
              -73.33682209253311,
              42.30062700678923
            ],
            [
              -73.33683148026466,
              42.30068057005322
            ]
          ]
        ]
      },
      "properties": {
        "gardenId": "berkshire-botanical-garden",
        "featureType": "structure",
        "featureId": "bbg-passive-solar-greenhouse",
        "name": "Passive Solar Greenhouse · map 16",
        "localUnit": "inch",
        "rotationDegrees": 0,
        "source": "MassGIS 2025 aerial screenshot calibration",
        "confidence": "medium",
        "featureStatus": "observed-reference",
        "geometryBasis": "aerial-traced roof envelope; not a ground footprint",
        "geometryEdit": null,
        "surveyStatus": "not-surveyed",
        "boundaryPolicy": "clip-to-campus",
        "taxonStatus": null,
        "identificationStatus": null,
        "collection": "infrastructure",
        "kind": "greenhouse",
        "plantId": null,
        "observationType": null,
        "geometryRepresentation": null,
        "canopyClass": null,
        "crownWidthFeet": null,
        "crownDepthFeet": null,
        "crownDiameterFeet": null,
        "crownRadiusEastWestFeet": null,
        "crownRadiusNorthSouthFeet": null,
        "crownMeasurementMethod": null,
        "crownConfidence": null,
        "heightEstimateFeet": null,
        "heightEstimateRangeFeet": null,
        "heightEstimateMethod": null,
        "heightConfidence": null,
        "sourcePixel": null,
        "sourceMapNumber": null,
        "digitizationRasterId": "massgis-2025-south-campus-wide-z20",
        "imageryId": "massgis-2025",
        "imageryZoom": 20,
        "imageryTileOrigin": [
          310677,
          388066
        ],
        "networkId": null,
        "parcelId": "bbg-parcel-215-1",
        "topologyNodeIds": [],
        "corridorWidthFeet": null,
        "parentId": "bbg-parcel-215-1",
        "sectionId": null,
        "subplotId": null,
        "gridCellId": null,
        "centerControlId": null,
        "boundaryConfidence": null,
        "observedFootprintId": null,
        "snappedToFeatureId": null,
        "plantingAssignment": null,
        "cropTaxon": null,
        "sourceReferences": [
          {
            "sourceId": "source:bbg-visitor-map",
            "locator": "numbered landmark 16",
            "mapNumber": 16,
            "label": "Passive Solar Greenhouse",
            "role": "named built-feature footprint",
            "confidence": "high"
          }
        ],
        "provenance": {
          "sourceId": "massgis-aerial-2025",
          "sourceFeatureId": "bbg-passive-solar-greenhouse",
          "geometryMethod": "reviewed 2025 aerial roof-envelope trace; not a ground footprint",
          "semanticMethod": "official visitor-map identity applied to independently interpreted geometry",
          "sourceReferences": [
            {
              "sourceId": "source:bbg-visitor-map",
              "locator": "numbered landmark 16",
              "mapNumber": 16,
              "label": "Passive Solar Greenhouse",
              "role": "named built-feature footprint",
              "confidence": "high"
            }
          ],
          "confidence": "medium",
          "surveyStatus": "not-surveyed",
          "imageryId": "massgis-2025",
          "imageryZoom": 20,
          "digitizationRasterId": "massgis-2025-south-campus-wide-z20",
          "parcelAssignmentMethod": "representative point within canonical parcel polygon",
          "representativePoint": [
            -73.33673830362366,
            42.30066667921192
          ],
          "currentnessCaveat": "Visual roof-envelope trace from 2025 imagery; roof displacement, shadows and pixel interpretation remain uncertain. Not a ground survey.",
          "rasterId": "massgis-2025-south-campus-wide-z20",
          "rasterSha256": "9ed6efb4944d3229c255524ccfb85f3e2577c6232f2811fa52e7dc65ecd223c1",
          "observedRasterPixels": [
            [
              511,
              506
            ],
            [
              644,
              495
            ],
            [
              655,
              548
            ],
            [
              518,
              560
            ],
            [
              511,
              506
            ]
          ],
          "digitizationUncertaintyPixels": 10,
          "previousProviderFeature": {
            "sourceId": "massgis-building-structures",
            "sourceFeatureId": "48560_896096",
            "sourceVintage": "2012",
            "geometry": {
              "type": "Polygon",
              "coordinates": [
                [
                  [
                    -73.3366492050385,
                    42.3006407675996
                  ],
                  [
                    -73.33682768406,
                    42.3006276826095
                  ],
                  [
                    -73.336836749096,
                    42.300695832377
                  ],
                  [
                    -73.3366582698582,
                    42.3007089164809
                  ],
                  [
                    -73.3366492050385,
                    42.3006407675996
                  ]
                ]
              ]
            }
          },
          "reviewDate": "2026-09-22"
        },
        "notes": "Visible opaque and glass roof envelope retraced on the registered 2025 aerial. Pick uncertainty is approximately 10 pixels; roof displacement and shadows remain uncertain. Not a measured ground footprint.",
        "classification": "greenhouse",
        "layer": "site",
        "sourceFeatureId": "bbg-passive-solar-greenhouse",
        "row": null,
        "column": null,
        "status": "observed-reference",
        "editable": true
      }
    },
    {
      "type": "Feature",
      "id": "bbg-visitor-center",
      "geometry": {
        "type": "Polygon",
        "coordinates": [
          [
            [
              -73.3364749964883,
              42.3004378030955
            ],
            [
              -73.3364694473117,
              42.3003998898676
            ],
            [
              -73.3364182340311,
              42.3004040205716
            ],
            [
              -73.3364057433719,
              42.300318707103
            ],
            [
              -73.3364397354293,
              42.3003159647107
            ],
            [
              -73.3364365057108,
              42.3002939045992
            ],
            [
              -73.3365070554211,
              42.3002882130803
            ],
            [
              -73.3365218733692,
              42.3003894362636
            ],
            [
              -73.3365006464657,
              42.3003911488593
            ],
            [
              -73.3365054390852,
              42.3004238891102
            ],
            [
              -73.336528846746,
              42.3004219993729
            ],
            [
              -73.3365353744793,
              42.3004665894595
            ],
            [
              -73.3364542970223,
              42.3004731300621
            ],
            [
              -73.3364494285805,
              42.3004398660312
            ],
            [
              -73.3364749964883,
              42.3004378030955
            ]
          ]
        ]
      },
      "properties": {
        "gardenId": "berkshire-botanical-garden",
        "featureType": "structure",
        "featureId": "bbg-visitor-center",
        "name": "Barbara Euston Visitor Center and Shop · map 1",
        "localUnit": "inch",
        "rotationDegrees": 0,
        "source": "MassGIS 2025 aerial screenshot calibration",
        "confidence": "high",
        "featureStatus": "observed-reference",
        "geometryBasis": "MassGIS Building Structures provider polygon; named function cross-checked against the prior aerial trace where available",
        "geometryEdit": null,
        "surveyStatus": "not surveyed; provider roofprint interpreted from orthophotography",
        "boundaryPolicy": "clip-to-campus",
        "taxonStatus": null,
        "identificationStatus": "MassGIS roofprint with named revision-3 aerial/visitor-map semantic evidence",
        "collection": "infrastructure",
        "kind": "house",
        "plantId": null,
        "observationType": null,
        "geometryRepresentation": null,
        "canopyClass": null,
        "crownWidthFeet": null,
        "crownDepthFeet": null,
        "crownDiameterFeet": null,
        "crownRadiusEastWestFeet": null,
        "crownRadiusNorthSouthFeet": null,
        "crownMeasurementMethod": null,
        "crownConfidence": null,
        "heightEstimateFeet": null,
        "heightEstimateRangeFeet": null,
        "heightEstimateMethod": null,
        "heightConfidence": null,
        "sourcePixel": null,
        "sourceMapNumber": null,
        "digitizationRasterId": "massgis-2025-south-campus-wide-z20",
        "imageryId": "massgis-2025",
        "imageryZoom": 20,
        "imageryTileOrigin": [
          310677,
          388066
        ],
        "networkId": null,
        "parcelId": "bbg-parcel-215-1",
        "topologyNodeIds": [],
        "corridorWidthFeet": null,
        "parentId": "bbg-parcel-215-1",
        "sectionId": null,
        "subplotId": null,
        "gridCellId": null,
        "centerControlId": null,
        "boundaryConfidence": null,
        "observedFootprintId": null,
        "snappedToFeatureId": null,
        "plantingAssignment": null,
        "cropTaxon": null,
        "sourceReferences": [
          {
            "sourceId": "source:bbg-visitor-map",
            "locator": "numbered landmark 1",
            "mapNumber": 1,
            "label": "Barbara Euston Visitor Center and Shop",
            "role": "named built-feature footprint",
            "confidence": "high"
          }
        ],
        "provenance": {
          "sourceId": "massgis-building-structures",
          "sourceFeatureId": "48582_896060",
          "sourceEndpoint": "https://services1.arcgis.com/hGdibHYSPO59RG1h/ArcGIS/rest/services/Building_Structures/FeatureServer/0",
          "sourceSnapshot": {
            "file": "data/spatial/source-cache/berkshire-botanical-garden/massgis-building-structures.geojson",
            "savedAt": "2026-08-24T04:11:10.884Z",
            "retrievedAt": "Mon, 24 Aug 2026 04:11:10 GMT",
            "queryFingerprint": "fe838ff70ef9fb7f3f22ddc1d3d5801797ea5811fe14ca063d574f1dce28d132",
            "queryBbox": [
              -73.34,
              42.296,
              -73.331,
              42.304
            ]
          },
          "selectionMethod": "representative point within canonical parcel polygon",
          "representativePoint": [
            -73.33645863138936,
            42.300318707103
          ],
          "parcelFeatureId": "bbg-parcel-215-1",
          "sourceTitle": "MassGIS Building Structures (2-D)",
          "sourceFeatureType": "ROOFPRINT",
          "sourceDatasetVintage": "2012",
          "sourceData": "DIGITALGLOBE 2012 30CM ORTHO",
          "sourceEditDate": null,
          "sourceAttribution": "MassGIS (Bureau of Geographic Information), Commonwealth of Massachusetts EOTSS; City of Boston where applicable",
          "sourceLicense": "Massachusetts public record; MassGIS describes its data as public domain",
          "geometryMethod": "exact MassGIS roofprint selected by representative-point membership in a canonical BBG parcel",
          "semanticMethod": "MassGIS geometry with revision-3 aerial trace and visitor-map identity retained as non-geometric evidence",
          "semanticEvidence": [
            {
              "canonicalFeatureId": "bbg-visitor-center",
              "name": "Barbara Euston Visitor Center and Shop · map 1",
              "kind": "house",
              "sourceMapNumber": null,
              "sourceReferences": [
                {
                  "sourceId": "source:bbg-visitor-map",
                  "locator": "numbered landmark 1",
                  "mapNumber": 1,
                  "label": "Barbara Euston Visitor Center and Shop",
                  "role": "named built-feature footprint",
                  "confidence": "high"
                }
              ],
              "priorGeometryMethod": "aerial-traced irregular roof polygon",
              "geometryRole": "semantic and alignment cross-check only; superseded by MassGIS roofprint geometry"
            }
          ],
          "supersedesCanonicalFeatureIds": [],
          "supersedesAerialTraceFeatureId": "bbg-visitor-center",
          "confidence": "source-explicit",
          "surveyStatus": "not surveyed; provider roofprint interpreted from orthophotography",
          "currentnessCaveat": "Roofprint source imagery is 2012; verify against current orthophotography or a field survey before construction."
        },
        "notes": "Approximate irregular Visitor Center roof polygon traced from the 2025 aerial; distinct from Center House, map 33, and not a measured footprint. Roofprint source imagery is 2012; verify against current orthophotography or a field survey before construction.",
        "classification": "house",
        "layer": "site",
        "sourceFeatureId": "48582_896060",
        "row": null,
        "column": null,
        "status": "source-backed-starter",
        "editable": true,
        "secondaryKinds": [],
        "sourceVintage": "2012",
        "sourceEditDate": null,
        "sourceData": "DIGITALGLOBE 2012 30CM ORTHO",
        "areaSquareFeet": 1448.74000022,
        "aliases": []
      }
    },
    {
      "type": "Feature",
      "id": "bbg-site-structure-48587-896026",
      "geometry": {
        "type": "Polygon",
        "coordinates": [
          [
            [
              -73.3363403041019,
              42.3000499286811
            ],
            [
              -73.3363986966963,
              42.3000043863822
            ],
            [
              -73.3364545463942,
              42.3000438494405
            ],
            [
              -73.3363961538037,
              42.3000893917674
            ],
            [
              -73.3363403041019,
              42.3000499286811
            ]
          ]
        ]
      },
      "properties": {
        "gardenId": "berkshire-botanical-garden",
        "layer": "site",
        "name": "Mapped roofprint 48587_896026",
        "kind": "building",
        "secondaryKinds": [],
        "collection": "infrastructure",
        "parentId": "bbg-parcel-215-1",
        "parcelId": "bbg-parcel-215-1",
        "sourceFeatureId": "48587_896026",
        "sourceVintage": "2012",
        "sourceEditDate": null,
        "sourceData": "DIGITALGLOBE 2012 30CM ORTHO",
        "areaSquareFeet": 477.9362149,
        "status": "source-backed-starter",
        "editable": true,
        "identificationStatus": "MassGIS roofprint; building function unidentified",
        "aliases": [],
        "notes": "Roofprint source imagery is 2012; verify against current orthophotography or a field survey before construction.",
        "rotationDegrees": 0,
        "geometryBasis": "MassGIS Building Structures provider polygon; named function cross-checked against the prior aerial trace where available",
        "surveyStatus": "not surveyed; provider roofprint interpreted from orthophotography",
        "provenance": {
          "sourceId": "massgis-building-structures",
          "sourceFeatureId": "48587_896026",
          "sourceEndpoint": "https://services1.arcgis.com/hGdibHYSPO59RG1h/ArcGIS/rest/services/Building_Structures/FeatureServer/0",
          "sourceSnapshot": {
            "file": "data/spatial/source-cache/berkshire-botanical-garden/massgis-building-structures.geojson",
            "savedAt": "2026-08-24T04:11:10.884Z",
            "retrievedAt": "Mon, 24 Aug 2026 04:11:10 GMT",
            "queryFingerprint": "fe838ff70ef9fb7f3f22ddc1d3d5801797ea5811fe14ca063d574f1dce28d132",
            "queryBbox": [
              -73.34,
              42.296,
              -73.331,
              42.304
            ]
          },
          "selectionMethod": "representative point within canonical parcel polygon",
          "representativePoint": [
            -73.33639352796706,
            42.300049928680096
          ],
          "parcelFeatureId": "bbg-parcel-215-1",
          "sourceTitle": "MassGIS Building Structures (2-D)",
          "sourceFeatureType": "ROOFPRINT",
          "sourceDatasetVintage": "2012",
          "sourceData": "DIGITALGLOBE 2012 30CM ORTHO",
          "sourceEditDate": null,
          "sourceAttribution": "MassGIS (Bureau of Geographic Information), Commonwealth of Massachusetts EOTSS; City of Boston where applicable",
          "sourceLicense": "Massachusetts public record; MassGIS describes its data as public domain",
          "geometryMethod": "exact MassGIS roofprint selected by representative-point membership in a canonical BBG parcel",
          "semanticMethod": "MassGIS SOURCETYPE=ROOFPRINT; function not inferred",
          "semanticEvidence": [],
          "supersedesCanonicalFeatureIds": [],
          "supersedesAerialTraceFeatureId": null,
          "confidence": "source-explicit",
          "surveyStatus": "not surveyed; provider roofprint interpreted from orthophotography",
          "currentnessCaveat": "Roofprint source imagery is 2012; verify against current orthophotography or a field survey before construction."
        }
      }
    },
    {
      "type": "Feature",
      "id": "bbg-center-house",
      "geometry": {
        "type": "Polygon",
        "coordinates": [
          [
            [
              -73.3363465841491,
              42.3013851413249
            ],
            [
              -73.3363557133668,
              42.3012572894361
            ],
            [
              -73.3365773514082,
              42.3012660112297
            ],
            [
              -73.3365833627854,
              42.3011818202904
            ],
            [
              -73.3366932835871,
              42.3011861449515
            ],
            [
              -73.3366837091133,
              42.3013202426512
            ],
            [
              -73.3365781940343,
              42.30131609068
            ],
            [
              -73.3365726286231,
              42.3013940367353
            ],
            [
              -73.3363465841491,
              42.3013851413249
            ]
          ]
        ]
      },
      "properties": {
        "gardenId": "berkshire-botanical-garden",
        "featureType": "structure",
        "featureId": "bbg-center-house",
        "name": "Center House · map 33",
        "localUnit": "inch",
        "rotationDegrees": 0,
        "source": "Berkshire Botanical Garden 2024 visitor map with MassGIS 2025 aerial interpretation",
        "confidence": "high",
        "featureStatus": "context-overlay",
        "geometryBasis": "MassGIS Building Structures provider polygon; named function cross-checked against the prior aerial trace where available",
        "geometryEdit": null,
        "surveyStatus": "not surveyed; provider roofprint interpreted from orthophotography",
        "boundaryPolicy": "inside-campus",
        "taxonStatus": null,
        "identificationStatus": "MassGIS roofprint with named revision-3 aerial/visitor-map semantic evidence",
        "collection": "infrastructure",
        "kind": "house",
        "plantId": null,
        "observationType": null,
        "geometryRepresentation": null,
        "canopyClass": null,
        "crownWidthFeet": null,
        "crownDepthFeet": null,
        "crownDiameterFeet": null,
        "crownRadiusEastWestFeet": null,
        "crownRadiusNorthSouthFeet": null,
        "crownMeasurementMethod": null,
        "crownConfidence": null,
        "heightEstimateFeet": null,
        "heightEstimateRangeFeet": null,
        "heightEstimateMethod": null,
        "heightConfidence": null,
        "sourcePixel": null,
        "sourceMapNumber": 33,
        "digitizationRasterId": "massgis-2025-north-campus-z20",
        "imageryId": "massgis-2025",
        "imageryZoom": 20,
        "imageryTileOrigin": [
          310676,
          388063
        ],
        "networkId": null,
        "parcelId": "bbg-parcel-215-31",
        "topologyNodeIds": [],
        "corridorWidthFeet": null,
        "parentId": "bbg-parcel-215-31",
        "sectionId": null,
        "subplotId": null,
        "gridCellId": null,
        "centerControlId": null,
        "boundaryConfidence": null,
        "observedFootprintId": null,
        "snappedToFeatureId": null,
        "plantingAssignment": null,
        "cropTaxon": null,
        "sourceReferences": [
          {
            "sourceId": "source:bbg-visitor-map",
            "locator": "numbered landmark 33",
            "mapNumber": 33,
            "label": "Center House",
            "role": "named building footprint",
            "confidence": "high"
          }
        ],
        "provenance": {
          "sourceId": "massgis-building-structures",
          "sourceFeatureId": "48587_896168",
          "sourceEndpoint": "https://services1.arcgis.com/hGdibHYSPO59RG1h/ArcGIS/rest/services/Building_Structures/FeatureServer/0",
          "sourceSnapshot": {
            "file": "data/spatial/source-cache/berkshire-botanical-garden/massgis-building-structures.geojson",
            "savedAt": "2026-08-24T04:11:10.884Z",
            "retrievedAt": "Mon, 24 Aug 2026 04:11:10 GMT",
            "queryFingerprint": "fe838ff70ef9fb7f3f22ddc1d3d5801797ea5811fe14ca063d574f1dce28d132",
            "queryBbox": [
              -73.34,
              42.296,
              -73.331,
              42.304
            ]
          },
          "selectionMethod": "representative point within canonical parcel polygon",
          "representativePoint": [
            -73.33651776012317,
            42.301316090678995
          ],
          "parcelFeatureId": "bbg-parcel-215-31",
          "sourceTitle": "MassGIS Building Structures (2-D)",
          "sourceFeatureType": "ROOFPRINT",
          "sourceDatasetVintage": "2017-05",
          "sourceData": "DIGITALGLOBE 2017 WORLDVIEW ORTHO",
          "sourceEditDate": "2019-11-07",
          "sourceAttribution": "MassGIS (Bureau of Geographic Information), Commonwealth of Massachusetts EOTSS; City of Boston where applicable",
          "sourceLicense": "Massachusetts public record; MassGIS describes its data as public domain",
          "geometryMethod": "exact MassGIS roofprint selected by representative-point membership in a canonical BBG parcel",
          "semanticMethod": "MassGIS geometry with revision-3 aerial trace and visitor-map identity retained as non-geometric evidence",
          "semanticEvidence": [
            {
              "canonicalFeatureId": "bbg-center-house",
              "name": "Center House · map 33",
              "kind": "house",
              "sourceMapNumber": 33,
              "sourceReferences": [
                {
                  "sourceId": "source:bbg-visitor-map",
                  "locator": "numbered landmark 33",
                  "mapNumber": 33,
                  "label": "Center House",
                  "role": "named building footprint",
                  "confidence": "high"
                }
              ],
              "priorGeometryMethod": "aerial-traced irregular roof polygon",
              "geometryRole": "semantic and alignment cross-check only; superseded by MassGIS roofprint geometry"
            }
          ],
          "supersedesCanonicalFeatureIds": [],
          "supersedesAerialTraceFeatureId": "bbg-center-house",
          "confidence": "source-explicit",
          "surveyStatus": "not surveyed; provider roofprint interpreted from orthophotography",
          "currentnessCaveat": "Roofprint source imagery is 2017-05 and the provider record was edited 2019-11-07; verify against current orthophotography or a field survey before construction."
        },
        "notes": "Approximate irregular Center House roof polygon traced from the registered north-campus z20 aerial; distinct from the Visitor Center and not a measured building survey. Roofprint source imagery is 2017-05 and the provider record was edited 2019-11-07; verify against current orthophotography or a field survey before construction.",
        "classification": "house",
        "layer": "site",
        "sourceFeatureId": "48587_896168",
        "row": null,
        "column": null,
        "status": "source-backed-starter",
        "editable": true,
        "secondaryKinds": [],
        "sourceVintage": "2017-05",
        "sourceEditDate": "2019-11-07",
        "sourceData": "DIGITALGLOBE 2017 WORLDVIEW ORTHO",
        "areaSquareFeet": 4292.62,
        "aliases": []
      }
    },
    {
      "type": "Feature",
      "id": "bbg-lexan-greenhouse",
      "geometry": {
        "type": "Polygon",
        "coordinates": [
          [
            [
              -73.33630442619324,
              42.29995547829826
            ],
            [
              -73.33616897463799,
              42.299888027477955
            ],
            [
              -73.33622932434082,
              42.29983049583884
            ],
            [
              -73.3363527059555,
              42.29989993056913
            ],
            [
              -73.33630442619324,
              42.29995547829826
            ]
          ]
        ]
      },
      "properties": {
        "gardenId": "berkshire-botanical-garden",
        "featureType": "structure",
        "featureId": "bbg-lexan-greenhouse",
        "name": "Lexan Greenhouse · map 15",
        "localUnit": "inch",
        "rotationDegrees": 0,
        "source": "MassGIS 2025 aerial screenshot calibration",
        "confidence": "medium",
        "featureStatus": "observed-reference",
        "geometryBasis": "aerial-traced roof envelope; not a ground footprint",
        "geometryEdit": null,
        "surveyStatus": "not-surveyed",
        "boundaryPolicy": "clip-to-campus",
        "taxonStatus": null,
        "identificationStatus": null,
        "collection": "infrastructure",
        "kind": "greenhouse",
        "plantId": null,
        "observationType": null,
        "geometryRepresentation": null,
        "canopyClass": null,
        "crownWidthFeet": null,
        "crownDepthFeet": null,
        "crownDiameterFeet": null,
        "crownRadiusEastWestFeet": null,
        "crownRadiusNorthSouthFeet": null,
        "crownMeasurementMethod": null,
        "crownConfidence": null,
        "heightEstimateFeet": null,
        "heightEstimateRangeFeet": null,
        "heightEstimateMethod": null,
        "heightConfidence": null,
        "sourcePixel": null,
        "sourceMapNumber": null,
        "digitizationRasterId": "massgis-2025-south-campus-wide-z20",
        "imageryId": "massgis-2025",
        "imageryZoom": 20,
        "imageryTileOrigin": [
          310677,
          388066
        ],
        "networkId": null,
        "parcelId": "bbg-parcel-215-1",
        "topologyNodeIds": [],
        "corridorWidthFeet": null,
        "parentId": "bbg-parcel-215-1",
        "sectionId": null,
        "subplotId": null,
        "gridCellId": null,
        "centerControlId": null,
        "boundaryConfidence": null,
        "observedFootprintId": null,
        "snappedToFeatureId": null,
        "plantingAssignment": null,
        "cropTaxon": null,
        "sourceReferences": [
          {
            "sourceId": "source:bbg-visitor-map",
            "locator": "numbered landmark 15",
            "mapNumber": 15,
            "label": "Lexan Greenhouse",
            "role": "named built-feature footprint",
            "confidence": "high"
          }
        ],
        "provenance": {
          "sourceId": "massgis-aerial-2025",
          "sourceFeatureId": "bbg-lexan-greenhouse",
          "geometryMethod": "reviewed 2025 aerial roof-envelope trace; not a ground footprint",
          "semanticMethod": "official visitor-map identity applied to independently interpreted geometry",
          "sourceReferences": [
            {
              "sourceId": "source:bbg-visitor-map",
              "locator": "numbered landmark 15",
              "mapNumber": 15,
              "label": "Lexan Greenhouse",
              "role": "named built-feature footprint",
              "confidence": "high"
            }
          ],
          "confidence": "medium",
          "surveyStatus": "not-surveyed",
          "imageryId": "massgis-2025",
          "imageryZoom": 20,
          "digitizationRasterId": "massgis-2025-south-campus-wide-z20",
          "parcelAssignmentMethod": "representative point within canonical parcel polygon",
          "representativePoint": [
            -73.33625964188772,
            42.29989973387309
          ],
          "currentnessCaveat": "Visual roof-envelope trace from 2025 imagery; roof displacement, shadows and pixel interpretation remain uncertain. Not a ground survey.",
          "rasterId": "massgis-2025-south-campus-wide-z20",
          "rasterSha256": "9ed6efb4944d3229c255524ccfb85f3e2577c6232f2811fa52e7dc65ecd223c1",
          "observedRasterPixels": [
            [
              904,
              1237
            ],
            [
              1005,
              1305
            ],
            [
              960,
              1363
            ],
            [
              868,
              1293
            ],
            [
              904,
              1237
            ]
          ],
          "digitizationUncertaintyPixels": 10,
          "previousProviderFeature": {
            "sourceId": "massgis-building-structures",
            "sourceFeatureId": "48594_896008",
            "sourceVintage": "2012",
            "geometry": {
              "type": "Polygon",
              "coordinates": [
                [
                  [
                    -73.3361996288308,
                    42.299880182937
                  ],
                  [
                    -73.3362942587411,
                    42.299801879466
                  ],
                  [
                    -73.3364032099802,
                    42.2998744407352
                  ],
                  [
                    -73.3363666310352,
                    42.2999047094885
                  ],
                  [
                    -73.3363791127708,
                    42.2999130223803
                  ],
                  [
                    -73.3363210618597,
                    42.2999610580929
                  ],
                  [
                    -73.3361996288308,
                    42.299880182937
                  ]
                ]
              ]
            }
          },
          "reviewDate": "2026-09-22"
        },
        "notes": "Visible opaque and glass roof envelope retraced on the registered 2025 aerial. Pick uncertainty is approximately 10 pixels; roof displacement and shadows remain uncertain. Not a measured ground footprint.",
        "classification": "greenhouse",
        "layer": "site",
        "sourceFeatureId": "bbg-lexan-greenhouse",
        "row": null,
        "column": null,
        "status": "observed-reference",
        "editable": true
      }
    },
    {
      "type": "Feature",
      "id": "bbg-site-structure-48599-896236",
      "geometry": {
        "type": "Polygon",
        "coordinates": [
          [
            [
              -73.336339528213,
              42.3018945308715
            ],
            [
              -73.3363295273007,
              42.3019923767671
            ],
            [
              -73.3362612549871,
              42.3019885314885
            ],
            [
              -73.3362712547917,
              42.301890685618
            ],
            [
              -73.336339528213,
              42.3018945308715
            ]
          ]
        ]
      },
      "properties": {
        "gardenId": "berkshire-botanical-garden",
        "layer": "site",
        "name": "Mapped roofprint 48599_896236",
        "kind": "building",
        "secondaryKinds": [],
        "collection": "infrastructure",
        "parentId": "bbg-parcel-215-29",
        "parcelId": "bbg-parcel-215-29",
        "sourceFeatureId": "48599_896236",
        "sourceVintage": "2023-04",
        "sourceEditDate": "2024-01-08",
        "sourceData": "NV5 2023 15CM ORTHO",
        "areaSquareFeet": 662.35,
        "status": "source-backed-starter",
        "editable": true,
        "identificationStatus": "MassGIS roofprint; building function unidentified",
        "aliases": [],
        "notes": "Roofprint source imagery is 2023-04 and the provider record was edited 2024-01-08; verify against current orthophotography or a field survey before construction.",
        "rotationDegrees": 0,
        "geometryBasis": "MassGIS Building Structures provider polygon; named function cross-checked against the prior aerial trace where available",
        "surveyStatus": "not surveyed; provider roofprint interpreted from orthophotography",
        "provenance": {
          "sourceId": "massgis-building-structures",
          "sourceFeatureId": "48599_896236",
          "sourceEndpoint": "https://services1.arcgis.com/hGdibHYSPO59RG1h/ArcGIS/rest/services/Building_Structures/FeatureServer/0",
          "sourceSnapshot": {
            "file": "data/spatial/source-cache/berkshire-botanical-garden/massgis-building-structures.geojson",
            "savedAt": "2026-08-24T04:11:10.884Z",
            "retrievedAt": "Mon, 24 Aug 2026 04:11:10 GMT",
            "queryFingerprint": "fe838ff70ef9fb7f3f22ddc1d3d5801797ea5811fe14ca063d574f1dce28d132",
            "queryBbox": [
              -73.34,
              42.296,
              -73.331,
              42.304
            ]
          },
          "selectionMethod": "representative point within canonical parcel polygon",
          "representativePoint": [
            -73.3363306182655,
            42.30195896956358
          ],
          "parcelFeatureId": "bbg-parcel-215-29",
          "sourceTitle": "MassGIS Building Structures (2-D)",
          "sourceFeatureType": "ROOFPRINT",
          "sourceDatasetVintage": "2023-04",
          "sourceData": "NV5 2023 15CM ORTHO",
          "sourceEditDate": "2024-01-08",
          "sourceAttribution": "MassGIS (Bureau of Geographic Information), Commonwealth of Massachusetts EOTSS; City of Boston where applicable",
          "sourceLicense": "Massachusetts public record; MassGIS describes its data as public domain",
          "geometryMethod": "exact MassGIS roofprint selected by representative-point membership in a canonical BBG parcel",
          "semanticMethod": "MassGIS SOURCETYPE=ROOFPRINT; function not inferred",
          "semanticEvidence": [],
          "supersedesCanonicalFeatureIds": [],
          "supersedesAerialTraceFeatureId": null,
          "confidence": "source-explicit",
          "surveyStatus": "not surveyed; provider roofprint interpreted from orthophotography",
          "currentnessCaveat": "Roofprint source imagery is 2023-04 and the provider record was edited 2024-01-08; verify against current orthophotography or a field survey before construction."
        }
      }
    },
    {
      "type": "Feature",
      "id": "bbg-site-structure-48617-896245",
      "geometry": {
        "type": "Polygon",
        "coordinates": [
          [
            [
              -73.3360333534169,
              42.3019951032517
            ],
            [
              -73.3360676923671,
              42.30197597358
            ],
            [
              -73.3361387281259,
              42.3020462414715
            ],
            [
              -73.3361043867077,
              42.3020653703027
            ],
            [
              -73.3360333534169,
              42.3019951032517
            ]
          ]
        ]
      },
      "properties": {
        "gardenId": "berkshire-botanical-garden",
        "layer": "site",
        "name": "Mapped roofprint 48617_896245",
        "kind": "building",
        "secondaryKinds": [],
        "collection": "infrastructure",
        "parentId": "bbg-parcel-215-32",
        "parcelId": "bbg-parcel-215-32",
        "sourceFeatureId": "48617_896245",
        "sourceVintage": "2012",
        "sourceEditDate": null,
        "sourceData": "DIGITALGLOBE 2012 30CM ORTHO",
        "areaSquareFeet": 371.84146697,
        "status": "source-backed-starter",
        "editable": true,
        "identificationStatus": "MassGIS roofprint; building function unidentified",
        "aliases": [],
        "notes": "Roofprint source imagery is 2012; verify against current orthophotography or a field survey before construction.",
        "rotationDegrees": 0,
        "geometryBasis": "MassGIS Building Structures provider polygon; named function cross-checked against the prior aerial trace where available",
        "surveyStatus": "not surveyed; provider roofprint interpreted from orthophotography",
        "provenance": {
          "sourceId": "massgis-building-structures",
          "sourceFeatureId": "48617_896245",
          "sourceEndpoint": "https://services1.arcgis.com/hGdibHYSPO59RG1h/ArcGIS/rest/services/Building_Structures/FeatureServer/0",
          "sourceSnapshot": {
            "file": "data/spatial/source-cache/berkshire-botanical-garden/massgis-building-structures.geojson",
            "savedAt": "2026-08-24T04:11:10.884Z",
            "retrievedAt": "Mon, 24 Aug 2026 04:11:10 GMT",
            "queryFingerprint": "fe838ff70ef9fb7f3f22ddc1d3d5801797ea5811fe14ca063d574f1dce28d132",
            "queryBbox": [
              -73.34,
              42.296,
              -73.331,
              42.304
            ]
          },
          "selectionMethod": "representative point within canonical parcel polygon",
          "representativePoint": [
            -73.3361118887043,
            42.3020462414715
          ],
          "parcelFeatureId": "bbg-parcel-215-32",
          "sourceTitle": "MassGIS Building Structures (2-D)",
          "sourceFeatureType": "ROOFPRINT",
          "sourceDatasetVintage": "2012",
          "sourceData": "DIGITALGLOBE 2012 30CM ORTHO",
          "sourceEditDate": null,
          "sourceAttribution": "MassGIS (Bureau of Geographic Information), Commonwealth of Massachusetts EOTSS; City of Boston where applicable",
          "sourceLicense": "Massachusetts public record; MassGIS describes its data as public domain",
          "geometryMethod": "exact MassGIS roofprint selected by representative-point membership in a canonical BBG parcel",
          "semanticMethod": "MassGIS SOURCETYPE=ROOFPRINT; function not inferred",
          "semanticEvidence": [],
          "supersedesCanonicalFeatureIds": [],
          "supersedesAerialTraceFeatureId": null,
          "confidence": "source-explicit",
          "surveyStatus": "not surveyed; provider roofprint interpreted from orthophotography",
          "currentnessCaveat": "Roofprint source imagery is 2012; verify against current orthophotography or a field survey before construction."
        }
      }
    },
    {
      "type": "Feature",
      "id": "bbg-fitzpatrick-conservatory",
      "geometry": {
        "type": "Polygon",
        "coordinates": [
          [
            [
              -73.33593428134918,
              42.300292731315956
            ],
            [
              -73.33578005433083,
              42.30021040206947
            ],
            [
              -73.33582565188408,
              42.30015981416582
            ],
            [
              -73.33598658442497,
              42.30024313539723
            ],
            [
              -73.33593428134918,
              42.300292731315956
            ]
          ]
        ]
      },
      "properties": {
        "gardenId": "berkshire-botanical-garden",
        "featureType": "structure",
        "featureId": "bbg-fitzpatrick-conservatory",
        "name": "Fitzpatrick Conservatory · map 7",
        "localUnit": "inch",
        "rotationDegrees": 0,
        "source": "MassGIS 2025 aerial screenshot calibration",
        "confidence": "medium",
        "featureStatus": "observed-reference",
        "geometryBasis": "aerial-traced roof envelope; not a ground footprint",
        "geometryEdit": null,
        "surveyStatus": "not-surveyed",
        "boundaryPolicy": "clip-to-campus",
        "taxonStatus": null,
        "identificationStatus": null,
        "collection": "infrastructure",
        "kind": "greenhouse",
        "plantId": null,
        "observationType": null,
        "geometryRepresentation": null,
        "canopyClass": null,
        "crownWidthFeet": null,
        "crownDepthFeet": null,
        "crownDiameterFeet": null,
        "crownRadiusEastWestFeet": null,
        "crownRadiusNorthSouthFeet": null,
        "crownMeasurementMethod": null,
        "crownConfidence": null,
        "heightEstimateFeet": null,
        "heightEstimateRangeFeet": null,
        "heightEstimateMethod": null,
        "heightConfidence": null,
        "sourcePixel": null,
        "sourceMapNumber": null,
        "digitizationRasterId": "massgis-2025-south-campus-wide-z20",
        "imageryId": "massgis-2025",
        "imageryZoom": 20,
        "imageryTileOrigin": [
          310677,
          388066
        ],
        "networkId": null,
        "parcelId": "bbg-parcel-215-1",
        "topologyNodeIds": [],
        "corridorWidthFeet": null,
        "parentId": "bbg-parcel-215-1",
        "sectionId": null,
        "subplotId": null,
        "gridCellId": null,
        "centerControlId": null,
        "boundaryConfidence": null,
        "observedFootprintId": null,
        "snappedToFeatureId": null,
        "plantingAssignment": null,
        "cropTaxon": null,
        "sourceReferences": [
          {
            "sourceId": "source:bbg-visitor-map",
            "locator": "numbered landmark 7",
            "mapNumber": 7,
            "label": "Fitzpatrick Conservatory",
            "role": "named built-feature footprint",
            "confidence": "high"
          }
        ],
        "provenance": {
          "sourceId": "massgis-aerial-2025",
          "sourceFeatureId": "bbg-fitzpatrick-conservatory",
          "geometryMethod": "reviewed 2025 aerial roof-envelope trace; not a ground footprint",
          "semanticMethod": "official visitor-map identity applied to independently interpreted geometry",
          "sourceReferences": [
            {
              "sourceId": "source:bbg-visitor-map",
              "locator": "numbered landmark 7",
              "mapNumber": 7,
              "label": "Fitzpatrick Conservatory",
              "role": "named built-feature footprint",
              "confidence": "high"
            }
          ],
          "confidence": "medium",
          "surveyStatus": "not-surveyed",
          "imageryId": "massgis-2025",
          "imageryZoom": 20,
          "digitizationRasterId": "massgis-2025-south-campus-wide-z20",
          "parcelAssignmentMethod": "representative point within canonical parcel polygon",
          "representativePoint": [
            -73.3358978082164,
            42.30027771856204
          ],
          "currentnessCaveat": "Visual roof-envelope trace from 2025 imagery; roof displacement, shadows and pixel interpretation remain uncertain. Not a ground survey.",
          "rasterId": "massgis-2025-south-campus-wide-z20",
          "rasterSha256": "9ed6efb4944d3229c255524ccfb85f3e2577c6232f2811fa52e7dc65ecd223c1",
          "observedRasterPixels": [
            [
              1180,
              897
            ],
            [
              1295,
              980
            ],
            [
              1261,
              1031
            ],
            [
              1141,
              947
            ],
            [
              1180,
              897
            ]
          ],
          "digitizationUncertaintyPixels": 10,
          "previousProviderFeature": {
            "sourceId": "massgis-building-structures",
            "sourceFeatureId": "48624_896048",
            "sourceVintage": "2012",
            "geometry": {
              "type": "Polygon",
              "coordinates": [
                [
                  [
                    -73.3359538550393,
                    42.3002920457884
                  ],
                  [
                    -73.3357899882076,
                    42.3001989730164
                  ],
                  [
                    -73.3358222118566,
                    42.3001677087645
                  ],
                  [
                    -73.3359303537185,
                    42.3002291307397
                  ],
                  [
                    -73.3359488215747,
                    42.3002112101469
                  ],
                  [
                    -73.336004545292,
                    42.3002428609089
                  ],
                  [
                    -73.3359538550393,
                    42.3002920457884
                  ]
                ]
              ]
            }
          },
          "reviewDate": "2026-09-22"
        },
        "notes": "Visible opaque and glass roof envelope retraced on the registered 2025 aerial. Pick uncertainty is approximately 10 pixels; roof displacement and shadows remain uncertain. Not a measured ground footprint.",
        "classification": "greenhouse",
        "layer": "site",
        "sourceFeatureId": "bbg-fitzpatrick-conservatory",
        "row": null,
        "column": null,
        "status": "observed-reference",
        "editable": true
      }
    },
    {
      "type": "Feature",
      "id": "bbg-education-center",
      "geometry": {
        "type": "Polygon",
        "coordinates": [
          [
            [
              -73.3359226657269,
              42.2997911746304
            ],
            [
              -73.3357463946583,
              42.2996902775009
            ],
            [
              -73.3357314124103,
              42.2997047015619
            ],
            [
              -73.3356977689885,
              42.2996854453059
            ],
            [
              -73.3357121623787,
              42.2996715880674
            ],
            [
              -73.335639787372,
              42.2996301599786
            ],
            [
              -73.3357200123266,
              42.2995529201147
            ],
            [
              -73.3358916018847,
              42.2996511383712
            ],
            [
              -73.3359058830953,
              42.2996373882586
            ],
            [
              -73.3358899661477,
              42.299628278343
            ],
            [
              -73.3359562223305,
              42.2995644871636
            ],
            [
              -73.3360649213473,
              42.2996267060473
            ],
            [
              -73.3359876032335,
              42.2997011477764
            ],
            [
              -73.3360055197219,
              42.299711402674
            ],
            [
              -73.3359226657269,
              42.2997911746304
            ]
          ]
        ]
      },
      "properties": {
        "gardenId": "berkshire-botanical-garden",
        "featureType": "structure",
        "featureId": "bbg-education-center",
        "name": "Education Center · map 10",
        "localUnit": "inch",
        "rotationDegrees": 0,
        "source": "MassGIS 2025 aerial screenshot calibration",
        "confidence": "medium",
        "featureStatus": "observed-reference",
        "geometryBasis": "MassGIS Building Structures provider polygon; named function cross-checked against the prior aerial trace where available",
        "geometryEdit": null,
        "surveyStatus": "not surveyed; provider roofprint interpreted from orthophotography",
        "boundaryPolicy": "clip-to-campus",
        "taxonStatus": null,
        "identificationStatus": "MassGIS roofprint with named revision-3 aerial/visitor-map semantic evidence",
        "collection": "infrastructure",
        "kind": "house",
        "plantId": null,
        "observationType": null,
        "geometryRepresentation": null,
        "canopyClass": null,
        "crownWidthFeet": null,
        "crownDepthFeet": null,
        "crownDiameterFeet": null,
        "crownRadiusEastWestFeet": null,
        "crownRadiusNorthSouthFeet": null,
        "crownMeasurementMethod": null,
        "crownConfidence": null,
        "heightEstimateFeet": null,
        "heightEstimateRangeFeet": null,
        "heightEstimateMethod": null,
        "heightConfidence": null,
        "sourcePixel": null,
        "sourceMapNumber": null,
        "digitizationRasterId": "massgis-2025-south-campus-wide-z20",
        "imageryId": "massgis-2025",
        "imageryZoom": 20,
        "imageryTileOrigin": [
          310677,
          388066
        ],
        "networkId": null,
        "parcelId": "bbg-parcel-215-1",
        "topologyNodeIds": [],
        "corridorWidthFeet": null,
        "parentId": "bbg-parcel-215-1",
        "sectionId": null,
        "subplotId": null,
        "gridCellId": null,
        "centerControlId": null,
        "boundaryConfidence": null,
        "observedFootprintId": null,
        "snappedToFeatureId": null,
        "plantingAssignment": null,
        "cropTaxon": null,
        "sourceReferences": [
          {
            "sourceId": "source:bbg-visitor-map",
            "locator": "numbered landmark 10",
            "mapNumber": 10,
            "label": "Education Center",
            "role": "named built-feature footprint",
            "confidence": "medium"
          }
        ],
        "provenance": {
          "sourceId": "massgis-building-structures",
          "sourceFeatureId": "48631_895986",
          "sourceEndpoint": "https://services1.arcgis.com/hGdibHYSPO59RG1h/ArcGIS/rest/services/Building_Structures/FeatureServer/0",
          "sourceSnapshot": {
            "file": "data/spatial/source-cache/berkshire-botanical-garden/massgis-building-structures.geojson",
            "savedAt": "2026-08-24T04:11:10.884Z",
            "retrievedAt": "Mon, 24 Aug 2026 04:11:10 GMT",
            "queryFingerprint": "fe838ff70ef9fb7f3f22ddc1d3d5801797ea5811fe14ca063d574f1dce28d132",
            "queryBbox": [
              -73.34,
              42.296,
              -73.331,
              42.304
            ]
          },
          "selectionMethod": "representative point within canonical parcel polygon",
          "representativePoint": [
            -73.335902709919,
            42.29968640374108
          ],
          "parcelFeatureId": "bbg-parcel-215-1",
          "sourceTitle": "MassGIS Building Structures (2-D)",
          "sourceFeatureType": "ROOFPRINT",
          "sourceDatasetVintage": "2012",
          "sourceData": "DIGITALGLOBE 2012 30CM ORTHO",
          "sourceEditDate": null,
          "sourceAttribution": "MassGIS (Bureau of Geographic Information), Commonwealth of Massachusetts EOTSS; City of Boston where applicable",
          "sourceLicense": "Massachusetts public record; MassGIS describes its data as public domain",
          "geometryMethod": "exact MassGIS roofprint selected by representative-point membership in a canonical BBG parcel",
          "semanticMethod": "MassGIS geometry with revision-3 aerial trace and visitor-map identity retained as non-geometric evidence",
          "semanticEvidence": [
            {
              "canonicalFeatureId": "bbg-education-center",
              "name": "Education Center · map 10",
              "kind": "house",
              "sourceMapNumber": null,
              "sourceReferences": [
                {
                  "sourceId": "source:bbg-visitor-map",
                  "locator": "numbered landmark 10",
                  "mapNumber": 10,
                  "label": "Education Center",
                  "role": "named built-feature footprint",
                  "confidence": "medium"
                }
              ],
              "priorGeometryMethod": "aerial-traced irregular roof polygon",
              "geometryRole": "semantic and alignment cross-check only; superseded by MassGIS roofprint geometry"
            }
          ],
          "supersedesCanonicalFeatureIds": [],
          "supersedesAerialTraceFeatureId": "bbg-education-center",
          "confidence": "source-explicit",
          "surveyStatus": "not surveyed; provider roofprint interpreted from orthophotography",
          "currentnessCaveat": "Roofprint source imagery is 2012; verify against current orthophotography or a field survey before construction."
        },
        "notes": "Approximate irregular Education Center roof complex traced from the 2025 aerial; not a measured footprint. Roofprint source imagery is 2012; verify against current orthophotography or a field survey before construction.",
        "classification": "house",
        "layer": "site",
        "sourceFeatureId": "48631_895986",
        "row": null,
        "column": null,
        "status": "source-backed-starter",
        "editable": true,
        "secondaryKinds": [],
        "sourceVintage": "2012",
        "sourceEditDate": null,
        "sourceData": "DIGITALGLOBE 2012 30CM ORTHO",
        "areaSquareFeet": 4784.42422024,
        "aliases": []
      }
    },
    {
      "type": "Feature",
      "id": "bbg-site-structure-48633-896034",
      "geometry": {
        "type": "Polygon",
        "coordinates": [
          [
            [
              -73.335943111955,
              42.3001584664517
            ],
            [
              -73.3358870163098,
              42.3001231889942
            ],
            [
              -73.3358430324059,
              42.3001617317231
            ],
            [
              -73.3357944959249,
              42.30013120692
            ],
            [
              -73.3358469286027,
              42.3000852612727
            ],
            [
              -73.3358896072854,
              42.3001121020752
            ],
            [
              -73.3359145157866,
              42.3000902739548
            ],
            [
              -73.3359764680257,
              42.3001292362932
            ],
            [
              -73.335943111955,
              42.3001584664517
            ]
          ]
        ]
      },
      "properties": {
        "gardenId": "berkshire-botanical-garden",
        "layer": "site",
        "name": "Mapped roofprint 48633_896034",
        "kind": "building",
        "secondaryKinds": [],
        "collection": "infrastructure",
        "parentId": "bbg-parcel-215-1",
        "parcelId": "bbg-parcel-215-1",
        "sourceFeatureId": "48633_896034",
        "sourceVintage": "2012",
        "sourceEditDate": null,
        "sourceData": "DIGITALGLOBE 2012 30CM ORTHO",
        "areaSquareFeet": 676.95304244,
        "status": "source-backed-starter",
        "editable": true,
        "identificationStatus": "MassGIS roofprint; building function unidentified",
        "aliases": [],
        "notes": "Roofprint source imagery is 2012; verify against current orthophotography or a field survey before construction.",
        "rotationDegrees": 0,
        "geometryBasis": "MassGIS Building Structures provider polygon; named function cross-checked against the prior aerial trace where available",
        "surveyStatus": "not surveyed; provider roofprint interpreted from orthophotography",
        "provenance": {
          "sourceId": "massgis-building-structures",
          "sourceFeatureId": "48633_896034",
          "sourceEndpoint": "https://services1.arcgis.com/hGdibHYSPO59RG1h/ArcGIS/rest/services/Building_Structures/FeatureServer/0",
          "sourceSnapshot": {
            "file": "data/spatial/source-cache/berkshire-botanical-garden/massgis-building-structures.geojson",
            "savedAt": "2026-08-24T04:11:10.884Z",
            "retrievedAt": "Mon, 24 Aug 2026 04:11:10 GMT",
            "queryFingerprint": "fe838ff70ef9fb7f3f22ddc1d3d5801797ea5811fe14ca063d574f1dce28d132",
            "queryBbox": [
              -73.34,
              42.296,
              -73.331,
              42.304
            ]
          },
          "selectionMethod": "representative point within canonical parcel polygon",
          "representativePoint": [
            -73.33588524919304,
            42.3001231889932
          ],
          "parcelFeatureId": "bbg-parcel-215-1",
          "sourceTitle": "MassGIS Building Structures (2-D)",
          "sourceFeatureType": "ROOFPRINT",
          "sourceDatasetVintage": "2012",
          "sourceData": "DIGITALGLOBE 2012 30CM ORTHO",
          "sourceEditDate": null,
          "sourceAttribution": "MassGIS (Bureau of Geographic Information), Commonwealth of Massachusetts EOTSS; City of Boston where applicable",
          "sourceLicense": "Massachusetts public record; MassGIS describes its data as public domain",
          "geometryMethod": "exact MassGIS roofprint selected by representative-point membership in a canonical BBG parcel",
          "semanticMethod": "MassGIS SOURCETYPE=ROOFPRINT; function not inferred",
          "semanticEvidence": [],
          "supersedesCanonicalFeatureIds": [],
          "supersedesAerialTraceFeatureId": null,
          "confidence": "source-explicit",
          "surveyStatus": "not surveyed; provider roofprint interpreted from orthophotography",
          "currentnessCaveat": "Roofprint source imagery is 2012; verify against current orthophotography or a field survey before construction."
        }
      }
    },
    {
      "type": "Feature",
      "id": "bbg-mother-earth-lodge",
      "geometry": {
        "type": "Polygon",
        "coordinates": [
          [
            [
              -73.3357686321211,
              42.2994020571064
            ],
            [
              -73.335694917111,
              42.2994780646623
            ],
            [
              -73.3355889694208,
              42.2994214376948
            ],
            [
              -73.3355616667854,
              42.2994495903833
            ],
            [
              -73.3355130922283,
              42.2994236280012
            ],
            [
              -73.3356141099997,
              42.2993194687661
            ],
            [
              -73.3357686321211,
              42.2994020571064
            ]
          ]
        ]
      },
      "properties": {
        "gardenId": "berkshire-botanical-garden",
        "featureType": "structure",
        "featureId": "bbg-mother-earth-lodge",
        "name": "Mother Earth Lodge · map 11",
        "localUnit": "inch",
        "rotationDegrees": 0,
        "source": "MassGIS 2025 aerial screenshot calibration",
        "confidence": "medium",
        "featureStatus": "observed-reference",
        "geometryBasis": "MassGIS Building Structures provider polygon; named function cross-checked against the prior aerial trace where available",
        "geometryEdit": null,
        "surveyStatus": "not surveyed; provider roofprint interpreted from orthophotography",
        "boundaryPolicy": "clip-to-campus",
        "taxonStatus": null,
        "identificationStatus": "MassGIS roofprint with named revision-3 aerial/visitor-map semantic evidence",
        "collection": "infrastructure",
        "kind": "house",
        "plantId": null,
        "observationType": null,
        "geometryRepresentation": null,
        "canopyClass": null,
        "crownWidthFeet": null,
        "crownDepthFeet": null,
        "crownDiameterFeet": null,
        "crownRadiusEastWestFeet": null,
        "crownRadiusNorthSouthFeet": null,
        "crownMeasurementMethod": null,
        "crownConfidence": null,
        "heightEstimateFeet": null,
        "heightEstimateRangeFeet": null,
        "heightEstimateMethod": null,
        "heightConfidence": null,
        "sourcePixel": null,
        "sourceMapNumber": null,
        "digitizationRasterId": "massgis-2025-south-campus-wide-z20",
        "imageryId": "massgis-2025",
        "imageryZoom": 20,
        "imageryTileOrigin": [
          310677,
          388066
        ],
        "networkId": null,
        "parcelId": "bbg-parcel-215-1",
        "topologyNodeIds": [],
        "corridorWidthFeet": null,
        "parentId": "bbg-parcel-215-1",
        "sectionId": null,
        "subplotId": null,
        "gridCellId": null,
        "centerControlId": null,
        "boundaryConfidence": null,
        "observedFootprintId": null,
        "snappedToFeatureId": null,
        "plantingAssignment": null,
        "cropTaxon": null,
        "sourceReferences": [
          {
            "sourceId": "source:bbg-visitor-map",
            "locator": "numbered landmark 11",
            "mapNumber": 11,
            "label": "Mother Earth Lodge",
            "role": "named built-feature footprint",
            "confidence": "medium"
          }
        ],
        "provenance": {
          "sourceId": "massgis-building-structures",
          "sourceFeatureId": "48647_895953",
          "sourceEndpoint": "https://services1.arcgis.com/hGdibHYSPO59RG1h/ArcGIS/rest/services/Building_Structures/FeatureServer/0",
          "sourceSnapshot": {
            "file": "data/spatial/source-cache/berkshire-botanical-garden/massgis-building-structures.geojson",
            "savedAt": "2026-08-24T04:11:10.884Z",
            "retrievedAt": "Mon, 24 Aug 2026 04:11:10 GMT",
            "queryFingerprint": "fe838ff70ef9fb7f3f22ddc1d3d5801797ea5811fe14ca063d574f1dce28d132",
            "queryBbox": [
              -73.34,
              42.296,
              -73.331,
              42.304
            ]
          },
          "selectionMethod": "representative point within canonical parcel polygon",
          "representativePoint": [
            -73.33563252628403,
            42.299421437693795
          ],
          "parcelFeatureId": "bbg-parcel-215-1",
          "sourceTitle": "MassGIS Building Structures (2-D)",
          "sourceFeatureType": "ROOFPRINT",
          "sourceDatasetVintage": "2023-04",
          "sourceData": "NV5 2023 15CM ORTHO",
          "sourceEditDate": "2024-01-08",
          "sourceAttribution": "MassGIS (Bureau of Geographic Information), Commonwealth of Massachusetts EOTSS; City of Boston where applicable",
          "sourceLicense": "Massachusetts public record; MassGIS describes its data as public domain",
          "geometryMethod": "exact MassGIS roofprint selected by representative-point membership in a canonical BBG parcel",
          "semanticMethod": "MassGIS geometry with revision-3 aerial trace and visitor-map identity retained as non-geometric evidence",
          "semanticEvidence": [
            {
              "canonicalFeatureId": "bbg-mother-earth-lodge",
              "name": "Mother Earth Lodge · map 11",
              "kind": "house",
              "sourceMapNumber": null,
              "sourceReferences": [
                {
                  "sourceId": "source:bbg-visitor-map",
                  "locator": "numbered landmark 11",
                  "mapNumber": 11,
                  "label": "Mother Earth Lodge",
                  "role": "named built-feature footprint",
                  "confidence": "medium"
                }
              ],
              "priorGeometryMethod": "2025 aerial-traced roof polygon",
              "geometryRole": "semantic and alignment cross-check only; superseded by MassGIS roofprint geometry"
            }
          ],
          "supersedesCanonicalFeatureIds": [],
          "supersedesAerialTraceFeatureId": "bbg-mother-earth-lodge",
          "confidence": "source-explicit",
          "surveyStatus": "not surveyed; provider roofprint interpreted from orthophotography",
          "currentnessCaveat": "Roofprint source imagery is 2023-04 and the provider record was edited 2024-01-08; verify against current orthophotography or a field survey before construction."
        },
        "notes": "Approximate 2025 roof polygon beside the Children's Vegetable Garden; the current form is not as clearly visible in 2019/2021 imagery and is not surveyed. Roofprint source imagery is 2023-04 and the provider record was edited 2024-01-08; verify against current orthophotography or a field survey before construction.",
        "classification": "house",
        "layer": "site",
        "sourceFeatureId": "48647_895953",
        "row": null,
        "column": null,
        "status": "source-backed-starter",
        "editable": true,
        "secondaryKinds": [],
        "sourceVintage": "2023-04",
        "sourceEditDate": "2024-01-08",
        "sourceData": "NV5 2023 15CM ORTHO",
        "areaSquareFeet": 1962.79,
        "aliases": []
      }
    },
    {
      "type": "Feature",
      "id": "bbg-site-structure-48668-896243",
      "geometry": {
        "type": "Polygon",
        "coordinates": [
          [
            [
              -73.335625981522,
              42.302015812909
            ],
            [
              -73.3355454538685,
              42.3020611771239
            ],
            [
              -73.3355122657575,
              42.3020287131298
            ],
            [
              -73.3354207022277,
              42.3020802932145
            ],
            [
              -73.3353385267118,
              42.3019999074626
            ],
            [
              -73.3354526975784,
              42.3019355925157
            ],
            [
              -73.3355155930133,
              42.3019971182284
            ],
            [
              -73.3355717909555,
              42.3019654602286
            ],
            [
              -73.335625981522,
              42.302015812909
            ]
          ]
        ]
      },
      "properties": {
        "gardenId": "berkshire-botanical-garden",
        "layer": "site",
        "name": "Mapped roofprint 48668_896243",
        "kind": "building",
        "secondaryKinds": [],
        "collection": "infrastructure",
        "parentId": "bbg-parcel-215-32",
        "parcelId": "bbg-parcel-215-32",
        "sourceFeatureId": "48668_896243",
        "sourceVintage": "2014-05-11",
        "sourceEditDate": "2019-02-08",
        "sourceData": "GOOGLE ORTHO",
        "areaSquareFeet": 1994.78,
        "status": "source-backed-starter",
        "editable": true,
        "identificationStatus": "MassGIS roofprint; building function unidentified",
        "aliases": [],
        "notes": "Roofprint source imagery is 2014-05-11 and the provider record was edited 2019-02-08; verify against current orthophotography or a field survey before construction.",
        "rotationDegrees": 0,
        "geometryBasis": "MassGIS Building Structures provider polygon; named function cross-checked against the prior aerial trace where available",
        "surveyStatus": "not surveyed; provider roofprint interpreted from orthophotography",
        "provenance": {
          "sourceId": "massgis-building-structures",
          "sourceFeatureId": "48668_896243",
          "sourceEndpoint": "https://services1.arcgis.com/hGdibHYSPO59RG1h/ArcGIS/rest/services/Building_Structures/FeatureServer/0",
          "sourceSnapshot": {
            "file": "data/spatial/source-cache/berkshire-botanical-garden/massgis-building-structures.geojson",
            "savedAt": "2026-08-24T04:11:10.884Z",
            "retrievedAt": "Mon, 24 Aug 2026 04:11:10 GMT",
            "queryFingerprint": "fe838ff70ef9fb7f3f22ddc1d3d5801797ea5811fe14ca063d574f1dce28d132",
            "queryBbox": [
              -73.34,
              42.296,
              -73.331,
              42.304
            ]
          },
          "selectionMethod": "representative point within canonical parcel polygon",
          "representativePoint": [
            -73.33549038390503,
            42.302015812909
          ],
          "parcelFeatureId": "bbg-parcel-215-32",
          "sourceTitle": "MassGIS Building Structures (2-D)",
          "sourceFeatureType": "ROOFPRINT",
          "sourceDatasetVintage": "2014-05-11",
          "sourceData": "GOOGLE ORTHO",
          "sourceEditDate": "2019-02-08",
          "sourceAttribution": "MassGIS (Bureau of Geographic Information), Commonwealth of Massachusetts EOTSS; City of Boston where applicable",
          "sourceLicense": "Massachusetts public record; MassGIS describes its data as public domain",
          "geometryMethod": "exact MassGIS roofprint selected by representative-point membership in a canonical BBG parcel",
          "semanticMethod": "MassGIS SOURCETYPE=ROOFPRINT; function not inferred",
          "semanticEvidence": [],
          "supersedesCanonicalFeatureIds": [],
          "supersedesAerialTraceFeatureId": null,
          "confidence": "source-explicit",
          "surveyStatus": "not surveyed; provider roofprint interpreted from orthophotography",
          "currentnessCaveat": "Roofprint source imagery is 2014-05-11 and the provider record was edited 2019-02-08; verify against current orthophotography or a field survey before construction."
        }
      }
    },
    {
      "type": "Feature",
      "id": "bbg-site-structure-48686-896150",
      "geometry": {
        "type": "Polygon",
        "coordinates": [
          [
            [
              -73.3352042633802,
              42.3011999976853
            ],
            [
              -73.3352036212184,
              42.3011630731161
            ],
            [
              -73.335244810891,
              42.3011626780688
            ],
            [
              -73.3352454531029,
              42.3011996035379
            ],
            [
              -73.3352042633802,
              42.3011999976853
            ]
          ]
        ]
      },
      "properties": {
        "gardenId": "berkshire-botanical-garden",
        "layer": "site",
        "name": "Mapped roofprint 48686_896150",
        "kind": "building",
        "secondaryKinds": [],
        "collection": "infrastructure",
        "parentId": "bbg-parcel-215-31",
        "parcelId": "bbg-parcel-215-31",
        "sourceFeatureId": "48686_896150",
        "sourceVintage": "2012",
        "sourceEditDate": null,
        "sourceData": "DIGITALGLOBE 2012 30CM ORTHO",
        "areaSquareFeet": 149.96588648,
        "status": "source-backed-starter",
        "editable": true,
        "identificationStatus": "MassGIS roofprint; building function unidentified",
        "aliases": [],
        "notes": "Roofprint source imagery is 2012; verify against current orthophotography or a field survey before construction.",
        "rotationDegrees": 0,
        "geometryBasis": "MassGIS Building Structures provider polygon; named function cross-checked against the prior aerial trace where available",
        "surveyStatus": "not surveyed; provider roofprint interpreted from orthophotography",
        "provenance": {
          "sourceId": "massgis-building-structures",
          "sourceFeatureId": "48686_896150",
          "sourceEndpoint": "https://services1.arcgis.com/hGdibHYSPO59RG1h/ArcGIS/rest/services/Building_Structures/FeatureServer/0",
          "sourceSnapshot": {
            "file": "data/spatial/source-cache/berkshire-botanical-garden/massgis-building-structures.geojson",
            "savedAt": "2026-08-24T04:11:10.884Z",
            "retrievedAt": "Mon, 24 Aug 2026 04:11:10 GMT",
            "queryFingerprint": "fe838ff70ef9fb7f3f22ddc1d3d5801797ea5811fe14ca063d574f1dce28d132",
            "queryBbox": [
              -73.34,
              42.296,
              -73.331,
              42.304
            ]
          },
          "selectionMethod": "representative point within canonical parcel polygon",
          "representativePoint": [
            -73.33522485481421,
            42.3011996035379
          ],
          "parcelFeatureId": "bbg-parcel-215-31",
          "sourceTitle": "MassGIS Building Structures (2-D)",
          "sourceFeatureType": "ROOFPRINT",
          "sourceDatasetVintage": "2012",
          "sourceData": "DIGITALGLOBE 2012 30CM ORTHO",
          "sourceEditDate": null,
          "sourceAttribution": "MassGIS (Bureau of Geographic Information), Commonwealth of Massachusetts EOTSS; City of Boston where applicable",
          "sourceLicense": "Massachusetts public record; MassGIS describes its data as public domain",
          "geometryMethod": "exact MassGIS roofprint selected by representative-point membership in a canonical BBG parcel",
          "semanticMethod": "MassGIS SOURCETYPE=ROOFPRINT; function not inferred",
          "semanticEvidence": [],
          "supersedesCanonicalFeatureIds": [],
          "supersedesAerialTraceFeatureId": null,
          "confidence": "source-explicit",
          "surveyStatus": "not surveyed; provider roofprint interpreted from orthophotography",
          "currentnessCaveat": "Roofprint source imagery is 2012; verify against current orthophotography or a field survey before construction."
        }
      }
    },
    {
      "type": "Feature",
      "id": "bbg-site-structure-48700-896247",
      "geometry": {
        "type": "Polygon",
        "coordinates": [
          [
            [
              -73.3350718165125,
              42.3021508518709
            ],
            [
              -73.3350098377921,
              42.3020785899523
            ],
            [
              -73.3349788427971,
              42.3020932381429
            ],
            [
              -73.334927470596,
              42.3020333416997
            ],
            [
              -73.3350704712976,
              42.3019657535142
            ],
            [
              -73.3351021775087,
              42.3020027203796
            ],
            [
              -73.3351733767919,
              42.3019690678838
            ],
            [
              -73.3352011295082,
              42.3020014251926
            ],
            [
              -73.3351178988896,
              42.3020407638263
            ],
            [
              -73.3351310275666,
              42.302056069692
            ],
            [
              -73.3351770705629,
              42.3020343075823
            ],
            [
              -73.3351846889391,
              42.3020431908643
            ],
            [
              -73.3352215474959,
              42.3020257699685
            ],
            [
              -73.3352436229382,
              42.3020515092495
            ],
            [
              -73.3352059494344,
              42.3020693150759
            ],
            [
              -73.3352170203981,
              42.3020822224584
            ],
            [
              -73.3350718165125,
              42.3021508518709
            ]
          ]
        ]
      },
      "properties": {
        "gardenId": "berkshire-botanical-garden",
        "layer": "site",
        "name": "Mapped roofprint 48700_896247",
        "kind": "building",
        "secondaryKinds": [],
        "collection": "infrastructure",
        "parentId": "bbg-parcel-215-32",
        "parcelId": "bbg-parcel-215-32",
        "sourceFeatureId": "48700_896247",
        "sourceVintage": "2012",
        "sourceEditDate": null,
        "sourceData": "DIGITALGLOBE 2012 30CM ORTHO",
        "areaSquareFeet": 2955.72162552,
        "status": "source-backed-starter",
        "editable": true,
        "identificationStatus": "MassGIS roofprint; building function unidentified",
        "aliases": [],
        "notes": "Roofprint source imagery is 2012; verify against current orthophotography or a field survey before construction.",
        "rotationDegrees": 0,
        "geometryBasis": "MassGIS Building Structures provider polygon; named function cross-checked against the prior aerial trace where available",
        "surveyStatus": "not surveyed; provider roofprint interpreted from orthophotography",
        "provenance": {
          "sourceId": "massgis-building-structures",
          "sourceFeatureId": "48700_896247",
          "sourceEndpoint": "https://services1.arcgis.com/hGdibHYSPO59RG1h/ArcGIS/rest/services/Building_Structures/FeatureServer/0",
          "sourceSnapshot": {
            "file": "data/spatial/source-cache/berkshire-botanical-garden/massgis-building-structures.geojson",
            "savedAt": "2026-08-24T04:11:10.884Z",
            "retrievedAt": "Mon, 24 Aug 2026 04:11:10 GMT",
            "queryFingerprint": "fe838ff70ef9fb7f3f22ddc1d3d5801797ea5811fe14ca063d574f1dce28d132",
            "queryBbox": [
              -73.34,
              42.296,
              -73.331,
              42.304
            ]
          },
          "selectionMethod": "representative point within canonical parcel polygon",
          "representativePoint": [
            -73.33501554398886,
            42.30201217702977
          ],
          "parcelFeatureId": "bbg-parcel-215-32",
          "sourceTitle": "MassGIS Building Structures (2-D)",
          "sourceFeatureType": "ROOFPRINT",
          "sourceDatasetVintage": "2012",
          "sourceData": "DIGITALGLOBE 2012 30CM ORTHO",
          "sourceEditDate": null,
          "sourceAttribution": "MassGIS (Bureau of Geographic Information), Commonwealth of Massachusetts EOTSS; City of Boston where applicable",
          "sourceLicense": "Massachusetts public record; MassGIS describes its data as public domain",
          "geometryMethod": "exact MassGIS roofprint selected by representative-point membership in a canonical BBG parcel",
          "semanticMethod": "MassGIS SOURCETYPE=ROOFPRINT; function not inferred",
          "semanticEvidence": [],
          "supersedesCanonicalFeatureIds": [],
          "supersedesAerialTraceFeatureId": null,
          "confidence": "source-explicit",
          "surveyStatus": "not surveyed; provider roofprint interpreted from orthophotography",
          "currentnessCaveat": "Roofprint source imagery is 2012; verify against current orthophotography or a field survey before construction."
        }
      }
    }
  ],
  "bbox": [
    -73.3378126909864,
    42.298696093393,
    -73.33442689227913,
    42.302936188007756
  ]
}
